strategy,seed,loops,moves,turns,time_ms,cells,reached_red,timed_out,strategy_err,blocked
wall_follower,0,0,49,31,197500,25,1,0,0,0
dfs_nesw,0,0,48,30,192000,25,1,0,0,0
dfs_straight_first,0,0,48,30,192000,25,1,0,0,0
wall_follower,0,4,23,12,90000,19,1,0,0,0
dfs_nesw,0,4,48,28,191000,25,1,0,0,0
dfs_straight_first,0,4,48,25,185500,25,1,0,0,0
wall_follower,0,8,23,12,90000,19,1,0,0,0
dfs_nesw,0,8,48,26,186000,25,1,0,0,0
dfs_straight_first,0,8,48,25,185500,25,1,0,0,0
wall_follower,0,12,21,9,78500,18,1,0,0,0
dfs_nesw,0,12,48,19,174500,25,1,0,0,0
dfs_straight_first,0,12,48,18,174000,25,1,0,0,0
wall_follower,0,16,17,4,57000,16,1,0,0,0
dfs_nesw,0,16,48,17,170500,25,1,0,0,0
dfs_straight_first,0,16,48,17,170500,25,1,0,0,0
wall_follower,1,0,49,27,192500,25,1,0,0,0
dfs_nesw,1,0,48,26,187000,25,1,0,0,0
dfs_straight_first,1,0,48,26,187000,25,1,0,0,0
wall_follower,1,4,33,17,127500,25,1,0,0,0
dfs_nesw,1,4,48,23,181500,25,1,0,0,0
dfs_straight_first,1,4,48,23,181500,25,1,0,0,0
wall_follower,1,8,21,7,74500,18,1,0,0,0
dfs_nesw,1,8,48,22,181000,25,1,0,0,0
dfs_straight_first,1,8,48,22,181000,25,1,0,0,0
wall_follower,1,12,17,4,57000,16,1,0,0,0
dfs_nesw,1,12,48,22,179000,25,1,0,0,0
dfs_straight_first,1,12,48,19,173500,25,1,0,0,0
wall_follower,1,16,17,4,57000,16,1,0,0,0
dfs_nesw,1,16,48,17,170500,25,1,0,0,0
dfs_straight_first,1,16,48,17,170500,25,1,0,0,0
wall_follower,2,0,49,29,194500,25,1,0,0,0
dfs_nesw,2,0,48,28,189000,25,1,0,0,0
dfs_straight_first,2,0,48,28,189000,25,1,0,0,0
wall_follower,2,4,31,15,117500,23,1,0,0,0
dfs_nesw,2,4,48,30,192000,25,1,0,0,0
dfs_straight_first,2,4,48,21,177500,25,1,0,0,0
wall_follower,2,8,19,8,70000,17,1,0,0,0
dfs_nesw,2,8,48,24,183000,25,1,0,0,0
dfs_straight_first,2,8,48,18,172000,25,1,0,0,0
wall_follower,2,12,17,4,57000,16,1,0,0,0
dfs_nesw,2,12,48,23,179500,25,1,0,0,0
dfs_straight_first,2,12,48,17,170500,25,1,0,0,0
wall_follower,2,16,17,4,57000,16,1,0,0,0
dfs_nesw,2,16,48,17,170500,25,1,0,0,0
dfs_straight_first,2,16,48,17,170500,25,1,0,0,0
wall_follower,3,0,49,31,197500,25,1,0,0,0
dfs_nesw,3,0,48,30,192000,25,1,0,0,0
dfs_straight_first,3,0,48,30,192000,25,1,0,0,0
wall_follower,3,4,27,14,104000,21,1,0,0,0
dfs_nesw,3,4,48,29,192500,25,1,0,0,0
dfs_straight_first,3,4,48,27,189500,25,1,0,0,0
wall_follower,3,8,23,11,86500,20,1,0,0,0
dfs_nesw,3,8,48,27,187500,25,1,0,0,0
dfs_straight_first,3,8,48,26,187000,25,1,0,0,0
wall_follower,3,12,23,11,86500,20,1,0,0,0
dfs_nesw,3,12,48,23,181500,25,1,0,0,0
dfs_straight_first,3,12,48,23,181500,25,1,0,0,0
wall_follower,3,16,17,4,57000,16,1,0,0,0
dfs_nesw,3,16,48,17,170500,25,1,0,0,0
dfs_straight_first,3,16,48,17,170500,25,1,0,0,0
wall_follower,4,0,49,28,192000,25,1,0,0,0
dfs_nesw,4,0,48,27,186500,25,1,0,0,0
dfs_straight_first,4,0,48,27,186500,25,1,0,0,0
wall_follower,4,4,41,21,156500,25,1,0,0,0
dfs_nesw,4,4,48,24,183000,25,1,0,0,0
dfs_straight_first,4,4,48,24,183000,25,1,0,0,0
wall_follower,4,8,29,15,111500,22,1,0,0,0
dfs_nesw,4,8,48,25,185500,25,1,0,0,0
dfs_straight_first,4,8,48,24,183000,25,1,0,0,0
wall_follower,4,12,19,8,70000,17,1,0,0,0
dfs_nesw,4,12,48,24,183000,25,1,0,0,0
dfs_straight_first,4,12,48,22,178000,25,1,0,0,0
wall_follower,4,16,17,4,57000,16,1,0,0,0
dfs_nesw,4,16,48,17,170500,25,1,0,0,0
dfs_straight_first,4,16,48,17,170500,25,1,0,0,0
wall_follower,5,0,49,30,196000,25,1,0,0,0
dfs_nesw,5,0,48,29,190500,25,1,0,0,0
dfs_straight_first,5,0,48,29,190500,25,1,0,0,0
wall_follower,5,4,37,20,143000,24,1,0,0,0
dfs_nesw,5,4,48,28,190000,25,1,0,0,0
dfs_straight_first,5,4,48,25,184500,25,1,0,0,0
wall_follower,5,8,21,7,74500,18,1,0,0,0
dfs_nesw,5,8,48,26,187000,25,1,0,0,0
dfs_straight_first,5,8,48,23,181500,25,1,0,0,0
wall_follower,5,12,19,7,68500,17,1,0,0,0
dfs_nesw,5,12,48,23,181500,25,1,0,0,0
dfs_straight_first,5,12,48,18,173000,25,1,0,0,0
wall_follower,5,16,17,4,57000,16,1,0,0,0
dfs_nesw,5,16,48,17,170500,25,1,0,0,0
dfs_straight_first,5,16,48,17,170500,25,1,0,0,0
wall_follower,6,0,49,34,203000,25,1,0,0,0
dfs_nesw,6,0,48,33,197500,25,1,0,0,0
dfs_straight_first,6,0,48,33,197500,25,1,0,0,0
wall_follower,6,4,29,18,117000,23,1,0,0,0
dfs_nesw,6,4,48,31,194500,25,1,0,0,0
dfs_straight_first,6,4,48,30,194000,25,1,0,0,0
wall_follower,6,8,25,13,96500,20,1,0,0,0
dfs_nesw,6,8,48,20,177000,25,1,0,0,0
dfs_straight_first,6,8,48,20,177000,25,1,0,0,0
wall_follower,6,12,19,8,70000,17,1,0,0,0
dfs_nesw,6,12,48,22,180000,25,1,0,0,0
dfs_straight_first,6,12,48,20,175000,25,1,0,0,0
wall_follower,6,16,17,4,57000,16,1,0,0,0
dfs_nesw,6,16,48,17,170500,25,1,0,0,0
dfs_straight_first,6,16,48,17,170500,25,1,0,0,0
wall_follower,7,0,49,36,205000,25,1,0,0,0
dfs_nesw,7,0,48,35,199500,25,1,0,0,0
dfs_straight_first,7,0,48,35,199500,25,1,0,0,0
wall_follower,7,4,41,27,166500,25,1,0,0,0
dfs_nesw,7,4,48,30,193000,25,1,0,0,0
dfs_straight_first,7,4,48,28,190000,25,1,0,0,0
wall_follower,7,8,25,14,98000,21,1,0,0,0
dfs_nesw,7,8,48,24,182000,25,1,0,0,0
dfs_straight_first,7,8,48,20,176000,25,1,0,0,0
wall_follower,7,12,25,14,98000,21,1,0,0,0
dfs_nesw,7,12,48,20,176000,25,1,0,0,0
dfs_straight_first,7,12,48,20,176000,25,1,0,0,0
wall_follower,7,16,17,4,57000,16,1,0,0,0
dfs_nesw,7,16,48,17,170500,25,1,0,0,0
dfs_straight_first,7,16,48,17,170500,25,1,0,0,0
wall_follower,8,0,49,29,195500,25,1,0,0,0
dfs_nesw,8,0,48,28,190000,25,1,0,0,0
dfs_straight_first,8,0,48,28,190000,25,1,0,0,0
wall_follower,8,4,35,16,131000,25,1,0,0,0
dfs_nesw,8,4,48,22,181000,25,1,0,0,0
dfs_straight_first,8,4,48,22,181000,25,1,0,0,0
wall_follower,8,8,23,7,80500,19,1,0,0,0
dfs_nesw,8,8,48,24,184000,25,1,0,0,0
dfs_straight_first,8,8,48,23,181500,25,1,0,0,0
wall_follower,8,12,19,7,68500,17,1,0,0,0
dfs_nesw,8,12,48,22,181000,25,1,0,0,0
dfs_straight_first,8,12,48,22,181000,25,1,0,0,0
wall_follower,8,16,17,4,57000,16,1,0,0,0
dfs_nesw,8,16,48,17,170500,25,1,0,0,0
dfs_straight_first,8,16,48,17,170500,25,1,0,0,0
wall_follower,9,0,49,36,207000,25,1,0,0,0
dfs_nesw,9,0,48,35,201500,25,1,0,0,0
dfs_straight_first,9,0,48,35,201500,25,1,0,0,0
wall_follower,9,4,29,18,116000,21,1,0,0,0
dfs_nesw,9,4,48,28,190000,25,1,0,0,0
dfs_straight_first,9,4,48,28,190000,25,1,0,0,0
wall_follower,9,8,25,14,98000,21,1,0,0,0
dfs_nesw,9,8,48,32,196000,25,1,0,0,0
dfs_straight_first,9,8,48,21,178500,25,1,0,0,0
wall_follower,9,12,19,8,69000,18,1,0,0,0
dfs_nesw,9,12,48,26,187000,25,1,0,0,0
dfs_straight_first,9,12,48,18,173000,25,1,0,0,0
wall_follower,9,16,17,4,57000,16,1,0,0,0
dfs_nesw,9,16,48,17,170500,25,1,0,0,0
dfs_straight_first,9,16,48,17,170500,25,1,0,0,0
wall_follower,10,0,49,31,198500,25,1,0,0,0
dfs_nesw,10,0,48,30,193000,25,1,0,0,0
dfs_straight_first,10,0,48,30,193000,25,1,0,0,0
wall_follower,10,4,39,27,162500,24,1,0,0,0
dfs_nesw,10,4,48,26,187000,25,1,0,0,0
dfs_straight_first,10,4,48,26,187000,25,1,0,0,0
wall_follower,10,8,31,16,119000,24,1,0,0,0
dfs_nesw,10,8,48,27,187500,25,1,0,0,0
dfs_straight_first,10,8,48,25,184500,25,1,0,0,0
wall_follower,10,12,17,4,57000,16,1,0,0,0
dfs_nesw,10,12,48,20,176000,25,1,0,0,0
dfs_straight_first,10,12,48,19,175500,25,1,0,0,0
wall_follower,10,16,17,4,57000,16,1,0,0,0
dfs_nesw,10,16,48,17,170500,25,1,0,0,0
dfs_straight_first,10,16,48,17,170500,25,1,0,0,0
wall_follower,11,0,49,37,207500,25,1,0,0,0
dfs_nesw,11,0,48,36,202000,25,1,0,0,0
dfs_straight_first,11,0,48,36,202000,25,1,0,0,0
wall_follower,11,4,39,28,163000,25,1,0,0,0
dfs_nesw,11,4,48,30,193000,25,1,0,0,0
dfs_straight_first,11,4,48,30,193000,25,1,0,0,0
wall_follower,11,8,21,11,80500,19,1,0,0,0
dfs_nesw,11,8,48,32,196000,25,1,0,0,0
dfs_straight_first,11,8,48,31,195500,25,1,0,0,0
wall_follower,11,12,21,11,80500,19,1,0,0,0
dfs_nesw,11,12,48,31,193500,25,1,0,0,0
dfs_straight_first,11,12,48,21,178500,25,1,0,0,0
wall_follower,11,16,17,4,57000,16,1,0,0,0
dfs_nesw,11,16,48,17,170500,25,1,0,0,0
dfs_straight_first,11,16,48,17,170500,25,1,0,0,0
wall_follower,12,0,49,30,196000,25,1,0,0,0
dfs_nesw,12,0,48,29,190500,25,1,0,0,0
dfs_straight_first,12,0,48,29,190500,25,1,0,0,0
wall_follower,12,4,27,15,106500,21,1,0,0,0
dfs_nesw,12,4,48,26,187000,25,1,0,0,0
dfs_straight_first,12,4,48,26,187000,25,1,0,0,0
wall_follower,12,8,19,8,69000,18,1,0,0,0
dfs_nesw,12,8,48,23,181500,25,1,0,0,0
dfs_straight_first,12,8,48,23,181500,25,1,0,0,0
wall_follower,12,12,19,8,69000,18,1,0,0,0
dfs_nesw,12,12,48,22,179000,25,1,0,0,0
dfs_straight_first,12,12,48,21,178500,25,1,0,0,0
wall_follower,12,16,17,4,57000,16,1,0,0,0
dfs_nesw,12,16,48,17,170500,25,1,0,0,0
dfs_straight_first,12,16,48,17,170500,25,1,0,0,0
wall_follower,13,0,49,25,187500,25,1,0,0,0
dfs_nesw,13,0,48,24,182000,25,1,0,0,0
dfs_straight_first,13,0,48,24,182000,25,1,0,0,0
wall_follower,13,4,31,15,116500,24,1,0,0,0
dfs_nesw,13,4,48,24,182000,25,1,0,0,0
dfs_straight_first,13,4,48,23,181500,25,1,0,0,0
wall_follower,13,8,21,11,80500,19,1,0,0,0
dfs_nesw,13,8,48,27,187500,25,1,0,0,0
dfs_straight_first,13,8,48,23,181500,25,1,0,0,0
wall_follower,13,12,19,8,69000,18,1,0,0,0
dfs_nesw,13,12,48,27,187500,25,1,0,0,0
dfs_straight_first,13,12,48,20,176000,25,1,0,0,0
wall_follower,13,16,17,4,57000,16,1,0,0,0
dfs_nesw,13,16,48,17,170500,25,1,0,0,0
dfs_straight_first,13,16,48,17,170500,25,1,0,0,0
wall_follower,14,0,49,35,203500,25,1,0,0,0
dfs_nesw,14,0,48,34,198000,25,1,0,0,0
dfs_straight_first,14,0,48,34,198000,25,1,0,0,0
wall_follower,14,4,35,25,146500,24,1,0,0,0
dfs_nesw,14,4,48,37,203500,25,1,0,0,0
dfs_straight_first,14,4,48,33,199500,25,1,0,0,0
wall_follower,14,8,27,14,103000,21,1,0,0,0
dfs_nesw,14,8,48,32,195000,25,1,0,0,0
dfs_straight_first,14,8,48,26,186000,25,1,0,0,0
wall_follower,14,12,21,8,75000,20,1,0,0,0
dfs_nesw,14,12,48,21,176500,25,1,0,0,0
dfs_straight_first,14,12,48,17,170500,25,1,0,0,0
wall_follower,14,16,17,4,57000,16,1,0,0,0
dfs_nesw,14,16,48,17,170500,25,1,0,0,0
dfs_straight_first,14,16,48,17,170500,25,1,0,0,0
wall_follower,15,0,49,35,202500,25,1,0,0,0
dfs_nesw,15,0,48,34,197000,25,1,0,0,0
dfs_straight_first,15,0,48,34,197000,25,1,0,0,0
wall_follower,15,4,29,20,117000,24,1,0,0,0
dfs_nesw,15,4,48,35,199500,25,1,0,0,0
dfs_straight_first,15,4,48,33,196500,25,1,0,0,0
wall_follower,15,8,23,16,93000,22,1,0,0,0
dfs_nesw,15,8,48,37,202500,25,1,0,0,0
dfs_straight_first,15,8,48,31,193500,25,1,0,0,0
wall_follower,15,12,19,8,69000,18,1,0,0,0
dfs_nesw,15,12,48,25,182500,25,1,0,0,0
dfs_straight_first,15,12,48,16,170000,25,1,0,0,0
wall_follower,15,16,17,4,57000,16,1,0,0,0
dfs_nesw,15,16,48,17,170500,25,1,0,0,0
dfs_straight_first,15,16,48,17,170500,25,1,0,0,0
wall_follower,16,0,49,30,196000,25,1,0,0,0
dfs_nesw,16,0,48,29,190500,25,1,0,0,0
dfs_straight_first,16,0,48,29,190500,25,1,0,0,0
wall_follower,16,4,29,14,110000,21,1,0,0,0
dfs_nesw,16,4,48,24,184000,25,1,0,0,0
dfs_straight_first,16,4,48,24,184000,25,1,0,0,0
wall_follower,16,8,25,11,92500,21,1,0,0,0
dfs_nesw,16,8,48,22,181000,25,1,0,0,0
dfs_straight_first,16,8,48,21,178500,25,1,0,0,0
wall_follower,16,12,17,4,57000,16,1,0,0,0
dfs_nesw,16,12,48,16,170000,25,1,0,0,0
dfs_straight_first,16,12,48,17,170500,25,1,0,0,0
wall_follower,16,16,17,4,57000,16,1,0,0,0
dfs_nesw,16,16,48,17,170500,25,1,0,0,0
dfs_straight_first,16,16,48,17,170500,25,1,0,0,0
wall_follower,17,0,49,40,212000,25,1,0,0,0
dfs_nesw,17,0,48,39,206500,25,1,0,0,0
dfs_straight_first,17,0,48,39,206500,25,1,0,0,0
wall_follower,17,4,29,20,120000,24,1,0,0,0
dfs_nesw,17,4,48,39,206500,25,1,0,0,0
dfs_straight_first,17,4,48,33,199500,25,1,0,0,0
wall_follower,17,8,25,14,99000,21,1,0,0,0
dfs_nesw,17,8,48,37,203500,25,1,0,0,0
dfs_straight_first,17,8,48,26,188000,25,1,0,0,0
wall_follower,17,12,19,7,68500,17,1,0,0,0
dfs_nesw,17,12,48,24,182000,25,1,0,0,0
dfs_straight_first,17,12,48,21,178500,25,1,0,0,0
wall_follower,17,16,17,4,57000,16,1,0,0,0
dfs_nesw,17,16,48,17,170500,25,1,0,0,0
dfs_straight_first,17,16,48,17,170500,25,1,0,0,0
wall_follower,18,0,49,37,205500,25,1,0,0,0
dfs_nesw,18,0,48,36,200000,25,1,0,0,0
dfs_straight_first,18,0,48,36,200000,25,1,0,0,0
wall_follower,18,4,35,24,143000,24,1,0,0,0
dfs_nesw,18,4,48,34,197000,25,1,0,0,0
dfs_straight_first,18,4,48,30,191000,25,1,0,0,0
wall_follower,18,8,29,18,116000,22,1,0,0,0
dfs_nesw,18,8,48,28,188000,25,1,0,0,0
dfs_straight_first,18,8,48,27,189500,25,1,0,0,0
wall_follower,18,12,25,15,98500,22,1,0,0,0
dfs_nesw,18,12,48,25,184500,25,1,0,0,0
dfs_straight_first,18,12,48,23,181500,25,1,0,0,0
wall_follower,18,16,17,4,57000,16,1,0,0,0
dfs_nesw,18,16,48,17,170500,25,1,0,0,0
dfs_straight_first,18,16,48,17,170500,25,1,0,0,0
wall_follower,19,0,49,29,195500,25,1,0,0,0
dfs_nesw,19,0,48,28,190000,25,1,0,0,0
dfs_straight_first,19,0,48,28,190000,25,1,0,0,0
wall_follower,19,4,33,17,127500,23,1,0,0,0
dfs_nesw,19,4,48,27,189500,25,1,0,0,0
dfs_straight_first,19,4,48,24,184000,25,1,0,0,0
wall_follower,19,8,27,14,104000,23,1,0,0,0
dfs_nesw,19,8,48,27,189500,25,1,0,0,0
dfs_straight_first,19,8,48,23,181500,25,1,0,0,0
wall_follower,19,12,23,11,86500,20,1,0,0,0
dfs_nesw,19,12,48,31,193500,25,1,0,0,0
dfs_straight_first,19,12,48,18,173000,25,1,0,0,0
wall_follower,19,16,17,4,57000,16,1,0,0,0
dfs_nesw,19,16,48,17,170500,25,1,0,0,0
dfs_straight_first,19,16,48,17,170500,25,1,0,0,0
wall_follower,20,0,49,37,205500,25,1,0,0,0
dfs_nesw,20,0,48,36,200000,25,1,0,0,0
dfs_straight_first,20,0,48,36,200000,25,1,0,0,0
wall_follower,20,4,37,26,152000,24,1,0,0,0
dfs_nesw,20,4,48,33,194500,25,1,0,0,0
dfs_straight_first,20,4,48,32,194000,25,1,0,0,0
wall_follower,20,8,23,11,86500,20,1,0,0,0
dfs_nesw,20,8,48,25,182500,25,1,0,0,0
dfs_straight_first,20,8,48,24,182000,25,1,0,0,0
wall_follower,20,12,23,11,86500,20,1,0,0,0
dfs_nesw,20,12,48,25,182500,25,1,0,0,0
dfs_straight_first,20,12,48,23,181500,25,1,0,0,0
wall_follower,20,16,17,4,57000,16,1,0,0,0
dfs_nesw,20,16,48,17,170500,25,1,0,0,0
dfs_straight_first,20,16,48,17,170500,25,1,0,0,0
wall_follower,21,0,49,28,193000,25,1,0,0,0
dfs_nesw,21,0,48,27,187500,25,1,0,0,0
dfs_straight_first,21,0,48,27,187500,25,1,0,0,0
wall_follower,21,4,21,11,80500,19,1,0,0,0
dfs_nesw,21,4,48,26,185000,25,1,0,0,0
dfs_straight_first,21,4,48,22,181000,25,1,0,0,0
wall_follower,21,8,17,4,57000,16,1,0,0,0
dfs_nesw,21,8,48,20,176000,25,1,0,0,0
dfs_straight_first,21,8,48,20,178000,25,1,0,0,0
wall_follower,21,12,17,4,57000,16,1,0,0,0
dfs_nesw,21,12,48,22,179000,25,1,0,0,0
dfs_straight_first,21,12,48,18,173000,25,1,0,0,0
wall_follower,21,16,17,4,57000,16,1,0,0,0
dfs_nesw,21,16,48,17,170500,25,1,0,0,0
dfs_straight_first,21,16,48,17,170500,25,1,0,0,0
wall_follower,22,0,49,32,200000,25,1,0,0,0
dfs_nesw,22,0,48,31,194500,25,1,0,0,0
dfs_straight_first,22,0,48,29,191500,25,1,0,0,0
wall_follower,22,4,25,17,102500,20,1,0,0,0
dfs_nesw,22,4,48,35,202500,25,1,0,0,0
dfs_straight_first,22,4,48,27,188500,25,1,0,0,0
wall_follower,22,8,23,13,90500,19,1,0,0,0
dfs_nesw,22,8,48,31,196500,25,1,0,0,0
dfs_straight_first,22,8,48,23,182500,25,1,0,0,0
wall_follower,22,12,21,9,77500,18,1,0,0,0
dfs_nesw,22,12,48,25,184500,25,1,0,0,0
dfs_straight_first,22,12,48,22,181000,25,1,0,0,0
wall_follower,22,16,17,4,57000,16,1,0,0,0
dfs_nesw,22,16,48,17,170500,25,1,0,0,0
dfs_straight_first,22,16,48,17,170500,25,1,0,0,0
wall_follower,23,0,49,32,200000,25,1,0,0,0
dfs_nesw,23,0,48,31,194500,25,1,0,0,0
dfs_straight_first,23,0,48,31,194500,25,1,0,0,0
wall_follower,23,4,29,22,123000,22,1,0,0,0
dfs_nesw,23,4,48,29,191500,25,1,0,0,0
dfs_straight_first,23,4,48,29,191500,25,1,0,0,0
wall_follower,23,8,27,18,110000,22,1,0,0,0
dfs_nesw,23,8,48,28,190000,25,1,0,0,0
dfs_straight_first,23,8,48,28,190000,25,1,0,0,0
wall_follower,23,12,19,8,69000,18,1,0,0,0
dfs_nesw,23,12,48,21,178500,25,1,0,0,0
dfs_straight_first,23,12,48,19,175500,25,1,0,0,0
wall_follower,23,16,17,4,57000,16,1,0,0,0
dfs_nesw,23,16,48,17,170500,25,1,0,0,0
dfs_straight_first,23,16,48,17,170500,25,1,0,0,0
wall_follower,24,0,49,30,198000,25,1,0,0,0
dfs_nesw,24,0,48,29,192500,25,1,0,0,0
dfs_straight_first,24,0,48,29,192500,25,1,0,0,0
wall_follower,24,4,23,14,92000,19,1,0,0,0
dfs_nesw,24,4,48,26,189000,25,1,0,0,0
dfs_straight_first,24,4,48,27,189500,25,1,0,0,0
wall_follower,24,8,21,11,80500,19,1,0,0,0
dfs_nesw,24,8,48,25,186500,25,1,0,0,0
dfs_straight_first,24,8,48,27,189500,25,1,0,0,0
wall_follower,24,12,19,7,68500,17,1,0,0,0
dfs_nesw,24,12,48,18,173000,25,1,0,0,0
dfs_straight_first,24,12,48,22,179000,25,1,0,0,0
wall_follower,24,16,17,4,57000,16,1,0,0,0
dfs_nesw,24,16,48,17,170500,25,1,0,0,0
dfs_straight_first,24,16,48,17,170500,25,1,0,0,0
wall_follower,25,0,49,31,196500,25,1,0,0,0
dfs_nesw,25,0,48,30,191000,25,1,0,0,0
dfs_straight_first,25,0,48,30,191000,25,1,0,0,0
wall_follower,25,4,21,11,80500,19,1,0,0,0
dfs_nesw,25,4,48,25,184500,25,1,0,0,0
dfs_straight_first,25,4,48,25,184500,25,1,0,0,0
wall_follower,25,8,19,8,69000,18,1,0,0,0
dfs_nesw,25,8,48,26,187000,25,1,0,0,0
dfs_straight_first,25,8,48,26,187000,25,1,0,0,0
wall_follower,25,12,19,8,69000,18,1,0,0,0
dfs_nesw,25,12,48,31,193500,25,1,0,0,0
dfs_straight_first,25,12,48,24,184000,25,1,0,0,0
wall_follower,25,16,17,4,57000,16,1,0,0,0
dfs_nesw,25,16,48,17,170500,25,1,0,0,0
dfs_straight_first,25,16,48,17,170500,25,1,0,0,0
wall_follower,26,0,49,36,206000,25,1,0,0,0
dfs_nesw,26,0,48,35,200500,25,1,0,0,0
dfs_straight_first,26,0,48,35,200500,25,1,0,0,0
wall_follower,26,4,37,27,155500,24,1,0,0,0
dfs_nesw,26,4,48,30,194000,25,1,0,0,0
dfs_straight_first,26,4,48,29,191500,25,1,0,0,0
wall_follower,26,8,27,18,111000,21,1,0,0,0
dfs_nesw,26,8,48,32,197000,25,1,0,0,0
dfs_straight_first,26,8,48,24,185000,25,1,0,0,0
wall_follower,26,12,23,12,89000,19,1,0,0,0
dfs_nesw,26,12,48,29,190500,25,1,0,0,0
dfs_straight_first,26,12,48,24,184000,25,1,0,0,0
wall_follower,26,16,17,4,57000,16,1,0,0,0
dfs_nesw,26,16,48,17,170500,25,1,0,0,0
dfs_straight_first,26,16,48,17,170500,25,1,0,0,0
wall_follower,27,0,49,27,191500,25,1,0,0,0
dfs_nesw,27,0,48,26,186000,25,1,0,0,0
dfs_straight_first,27,0,48,26,186000,25,1,0,0,0
wall_follower,27,4,33,18,128000,24,1,0,0,0
dfs_nesw,27,4,48,26,187000,25,1,0,0,0
dfs_straight_first,27,4,48,21,178500,25,1,0,0,0
wall_follower,27,8,17,4,57000,16,1,0,0,0
dfs_nesw,27,8,48,19,175500,25,1,0,0,0
dfs_straight_first,27,8,48,19,175500,25,1,0,0,0
wall_follower,27,12,17,4,57000,16,1,0,0,0
dfs_nesw,27,12,48,20,176000,25,1,0,0,0
dfs_straight_first,27,12,48,18,173000,25,1,0,0,0
wall_follower,27,16,17,4,57000,16,1,0,0,0
dfs_nesw,27,16,48,17,170500,25,1,0,0,0
dfs_straight_first,27,16,48,17,170500,25,1,0,0,0
wall_follower,28,0,49,35,203500,25,1,0,0,0
dfs_nesw,28,0,48,34,198000,25,1,0,0,0
dfs_straight_first,28,0,48,34,198000,25,1,0,0,0
wall_follower,28,4,33,19,128500,25,1,0,0,0
dfs_nesw,28,4,48,27,187500,25,1,0,0,0
dfs_straight_first,28,4,48,27,187500,25,1,0,0,0
wall_follower,28,8,21,12,81000,20,1,0,0,0
dfs_nesw,28,8,48,25,184500,25,1,0,0,0
dfs_straight_first,28,8,48,22,181000,25,1,0,0,0
wall_follower,28,12,19,8,69000,18,1,0,0,0
dfs_nesw,28,12,48,19,175500,25,1,0,0,0
dfs_straight_first,28,12,48,19,175500,25,1,0,0,0
wall_follower,28,16,17,4,57000,16,1,0,0,0
dfs_nesw,28,16,48,17,170500,25,1,0,0,0
dfs_straight_first,28,16,48,17,170500,25,1,0,0,0
wall_follower,29,0,49,27,192500,25,1,0,0,0
dfs_nesw,29,0,48,26,187000,25,1,0,0,0
dfs_straight_first,29,0,48,26,187000,25,1,0,0,0
wall_follower,29,4,23,11,86500,21,1,0,0,0
dfs_nesw,29,4,48,26,187000,25,1,0,0,0
dfs_straight_first,29,4,48,26,187000,25,1,0,0,0
wall_follower,29,8,19,7,68500,17,1,0,0,0
dfs_nesw,29,8,48,28,190000,25,1,0,0,0
dfs_straight_first,29,8,48,25,184500,25,1,0,0,0
wall_follower,29,12,19,7,68500,17,1,0,0,0
dfs_nesw,29,12,48,27,187500,25,1,0,0,0
dfs_straight_first,29,12,48,17,172500,25,1,0,0,0
wall_follower,29,16,17,4,57000,16,1,0,0,0
dfs_nesw,29,16,48,17,170500,25,1,0,0,0
dfs_straight_first,29,16,48,17,170500,25,1,0,0,0
wall_follower,30,0,49,27,191500,25,1,0,0,0
dfs_nesw,30,0,48,26,186000,25,1,0,0,0
dfs_straight_first,30,0,48,26,186000,25,1,0,0,0
wall_follower,30,4,27,16,108000,20,1,0,0,0
dfs_nesw,30,4,48,28,191000,25,1,0,0,0
dfs_straight_first,30,4,48,29,191500,25,1,0,0,0
wall_follower,30,8,27,16,108000,20,1,0,0,0
dfs_nesw,30,8,48,32,197000,25,1,0,0,0
dfs_straight_first,30,8,48,26,188000,25,1,0,0,0
wall_follower,30,12,23,11,87500,19,1,0,0,0
dfs_nesw,30,12,48,32,195000,25,1,0,0,0
dfs_straight_first,30,12,48,18,174000,25,1,0,0,0
wall_follower,30,16,17,4,57000,16,1,0,0,0
dfs_nesw,30,16,48,17,170500,25,1,0,0,0
dfs_straight_first,30,16,48,17,170500,25,1,0,0,0
wall_follower,31,0,49,32,201000,25,1,0,0,0
dfs_nesw,31,0,48,31,195500,25,1,0,0,0
dfs_straight_first,31,0,48,31,195500,25,1,0,0,0
wall_follower,31,4,29,16,115000,22,1,0,0,0
dfs_nesw,31,4,48,32,198000,25,1,0,0,0
dfs_straight_first,31,4,48,25,186500,25,1,0,0,0
wall_follower,31,8,23,10,86000,19,1,0,0,0
dfs_nesw,31,8,48,27,189500,25,1,0,0,0
dfs_straight_first,31,8,48,20,178000,25,1,0,0,0
wall_follower,31,12,21,7,74500,18,1,0,0,0
dfs_nesw,31,12,48,24,182000,25,1,0,0,0
dfs_straight_first,31,12,48,20,176000,25,1,0,0,0
wall_follower,31,16,17,4,57000,16,1,0,0,0
dfs_nesw,31,16,48,17,170500,25,1,0,0,0
dfs_straight_first,31,16,48,17,170500,25,1,0,0,0
wall_follower,32,0,49,35,203500,25,1,0,0,0
dfs_nesw,32,0,48,34,198000,25,1,0,0,0
dfs_straight_first,32,0,48,34,198000,25,1,0,0,0
wall_follower,32,4,33,25,140500,25,1,0,0,0
dfs_nesw,32,4,48,35,200500,25,1,0,0,0
dfs_straight_first,32,4,48,34,198000,25,1,0,0,0
wall_follower,32,8,29,20,120000,22,1,0,0,0
dfs_nesw,32,8,48,34,200000,25,1,0,0,0
dfs_straight_first,32,8,48,29,191500,25,1,0,0,0
wall_follower,32,12,21,12,82000,18,1,0,0,0
dfs_nesw,32,12,48,19,174500,25,1,0,0,0
dfs_straight_first,32,12,48,19,174500,25,1,0,0,0
wall_follower,32,16,17,4,57000,16,1,0,0,0
dfs_nesw,32,16,48,17,170500,25,1,0,0,0
dfs_straight_first,32,16,48,17,170500,25,1,0,0,0
wall_follower,33,0,49,29,195500,25,1,0,0,0
dfs_nesw,33,0,48,28,190000,25,1,0,0,0
dfs_straight_first,33,0,48,28,190000,25,1,0,0,0
wall_follower,33,4,25,10,92000,19,1,0,0,0
dfs_nesw,33,4,48,27,189500,25,1,0,0,0
dfs_straight_first,33,4,48,22,181000,25,1,0,0,0
wall_follower,33,8,25,10,92000,19,1,0,0,0
dfs_nesw,33,8,48,28,190000,25,1,0,0,0
dfs_straight_first,33,8,48,21,178500,25,1,0,0,0
wall_follower,33,12,19,7,68500,17,1,0,0,0
dfs_nesw,33,12,48,22,179000,25,1,0,0,0
dfs_straight_first,33,12,48,18,173000,25,1,0,0,0
wall_follower,33,16,17,4,57000,16,1,0,0,0
dfs_nesw,33,16,48,17,170500,25,1,0,0,0
dfs_straight_first,33,16,48,17,170500,25,1,0,0,0
wall_follower,34,0,49,29,194500,25,1,0,0,0
dfs_nesw,34,0,48,28,189000,25,1,0,0,0
dfs_straight_first,34,0,48,28,189000,25,1,0,0,0
wall_follower,34,4,29,17,114500,22,1,0,0,0
dfs_nesw,34,4,48,30,194000,25,1,0,0,0
dfs_straight_first,34,4,48,24,183000,25,1,0,0,0
wall_follower,34,8,23,13,90500,19,1,0,0,0
dfs_nesw,34,8,48,32,197000,25,1,0,0,0
dfs_straight_first,34,8,48,26,188000,25,1,0,0,0
wall_follower,34,12,17,4,57000,16,1,0,0,0
dfs_nesw,34,12,48,22,179000,25,1,0,0,0
dfs_straight_first,34,12,48,19,173500,25,1,0,0,0
wall_follower,34,16,17,4,57000,16,1,0,0,0
dfs_nesw,34,16,48,17,170500,25,1,0,0,0
dfs_straight_first,34,16,48,17,170500,25,1,0,0,0
wall_follower,35,0,49,40,213000,25,1,0,0,0
dfs_nesw,35,0,48,39,207500,25,1,0,0,0
dfs_straight_first,35,0,48,39,207500,25,1,0,0,0
wall_follower,35,4,37,27,154500,25,1,0,0,0
dfs_nesw,35,4,48,39,207500,25,1,0,0,0
dfs_straight_first,35,4,48,33,198500,25,1,0,0,0
wall_follower,35,8,25,16,101000,21,1,0,0,0
dfs_nesw,35,8,48,29,192500,25,1,0,0,0
dfs_straight_first,35,8,48,25,186500,25,1,0,0,0
wall_follower,35,12,23,15,92500,20,1,0,0,0
dfs_nesw,35,12,48,32,196000,25,1,0,0,0
dfs_straight_first,35,12,48,18,173000,25,1,0,0,0
wall_follower,35,16,17,4,57000,16,1,0,0,0
dfs_nesw,35,16,48,17,170500,25,1,0,0,0
dfs_straight_first,35,16,48,17,170500,25,1,0,0,0
wall_follower,36,0,49,33,200500,25,1,0,0,0
dfs_nesw,36,0,48,32,195000,25,1,0,0,0
dfs_straight_first,36,0,48,32,195000,25,1,0,0,0
wall_follower,36,4,37,22,147000,24,1,0,0,0
dfs_nesw,36,4,48,27,188500,25,1,0,0,0
dfs_straight_first,36,4,48,24,183000,25,1,0,0,0
wall_follower,36,8,21,8,75000,20,1,0,0,0
dfs_nesw,36,8,48,23,181500,25,1,0,0,0
dfs_straight_first,36,8,48,23,181500,25,1,0,0,0
wall_follower,36,12,17,4,57000,16,1,0,0,0
dfs_nesw,36,12,48,22,179000,25,1,0,0,0
dfs_straight_first,36,12,48,20,176000,25,1,0,0,0
wall_follower,36,16,17,4,57000,16,1,0,0,0
dfs_nesw,36,16,48,17,170500,25,1,0,0,0
dfs_straight_first,36,16,48,17,170500,25,1,0,0,0
wall_follower,37,0,49,29,193500,25,1,0,0,0
dfs_nesw,37,0,48,28,188000,25,1,0,0,0
dfs_straight_first,37,0,48,28,188000,25,1,0,0,0
wall_follower,37,4,33,16,125000,24,1,0,0,0
dfs_nesw,37,4,48,24,184000,25,1,0,0,0
dfs_straight_first,37,4,48,24,184000,25,1,0,0,0
wall_follower,37,8,19,7,68500,17,1,0,0,0
dfs_nesw,37,8,48,24,184000,25,1,0,0,0
dfs_straight_first,37,8,48,23,181500,25,1,0,0,0
wall_follower,37,12,17,4,57000,16,1,0,0,0
dfs_nesw,37,12,48,24,182000,25,1,0,0,0
dfs_straight_first,37,12,48,19,175500,25,1,0,0,0
wall_follower,37,16,17,4,57000,16,1,0,0,0
dfs_nesw,37,16,48,17,170500,25,1,0,0,0
dfs_straight_first,37,16,48,17,170500,25,1,0,0,0
wall_follower,38,0,49,35,203500,25,1,0,0,0
dfs_nesw,38,0,48,34,198000,25,1,0,0,0
dfs_straight_first,38,0,48,34,198000,25,1,0,0,0
wall_follower,38,4,31,20,126000,22,1,0,0,0
dfs_nesw,38,4,48,34,198000,25,1,0,0,0
dfs_straight_first,38,4,48,28,191000,25,1,0,0,0
wall_follower,38,8,27,16,106000,22,1,0,0,0
dfs_nesw,38,8,48,28,189000,25,1,0,0,0
dfs_straight_first,38,8,48,26,186000,25,1,0,0,0
wall_follower,38,12,23,12,88000,19,1,0,0,0
dfs_nesw,38,12,48,19,174500,25,1,0,0,0
dfs_straight_first,38,12,48,19,174500,25,1,0,0,0
wall_follower,38,16,17,4,57000,16,1,0,0,0
dfs_nesw,38,16,48,17,170500,25,1,0,0,0
dfs_straight_first,38,16,48,17,170500,25,1,0,0,0
wall_follower,39,0,49,31,197500,25,1,0,0,0
dfs_nesw,39,0,48,30,192000,25,1,0,0,0
dfs_straight_first,39,0,48,30,192000,25,1,0,0,0
wall_follower,39,4,39,23,153500,25,1,0,0,0
dfs_nesw,39,4,48,34,198000,25,1,0,0,0
dfs_straight_first,39,4,48,25,183500,25,1,0,0,0
wall_follower,39,8,29,18,115000,24,1,0,0,0
dfs_nesw,39,8,48,31,194500,25,1,0,0,0
dfs_straight_first,39,8,48,24,183000,25,1,0,0,0
wall_follower,39,12,19,8,70000,17,1,0,0,0
dfs_nesw,39,12,48,29,191500,25,1,0,0,0
dfs_straight_first,39,12,48,19,174500,25,1,0,0,0
wall_follower,39,16,17,4,57000,16,1,0,0,0
dfs_nesw,39,16,48,17,170500,25,1,0,0,0
dfs_straight_first,39,16,48,17,170500,25,1,0,0,0
wall_follower,40,0,49,33,200500,25,1,0,0,0
dfs_nesw,40,0,48,32,195000,25,1,0,0,0
dfs_straight_first,40,0,48,32,195000,25,1,0,0,0
wall_follower,40,4,27,17,108500,21,1,0,0,0
dfs_nesw,40,4,48,31,194500,25,1,0,0,0
dfs_straight_first,40,4,48,31,194500,25,1,0,0,0
wall_follower,40,8,21,8,75000,20,1,0,0,0
dfs_nesw,40,8,48,23,181500,25,1,0,0,0
dfs_straight_first,40,8,48,23,181500,25,1,0,0,0
wall_follower,40,12,17,4,57000,16,1,0,0,0
dfs_nesw,40,12,48,21,176500,25,1,0,0,0
dfs_straight_first,40,12,48,18,173000,25,1,0,0,0
wall_follower,40,16,17,4,57000,16,1,0,0,0
dfs_nesw,40,16,48,17,170500,25,1,0,0,0
dfs_straight_first,40,16,48,17,170500,25,1,0,0,0
wall_follower,41,0,49,24,187000,25,1,0,0,0
dfs_nesw,41,0,48,23,181500,25,1,0,0,0
dfs_straight_first,41,0,48,23,181500,25,1,0,0,0
wall_follower,41,4,37,20,143000,24,1,0,0,0
dfs_nesw,41,4,48,23,181500,25,1,0,0,0
dfs_straight_first,41,4,48,23,181500,25,1,0,0,0
wall_follower,41,8,23,9,83500,20,1,0,0,0
dfs_nesw,41,8,48,27,187500,25,1,0,0,0
dfs_straight_first,41,8,48,21,178500,25,1,0,0,0
wall_follower,41,12,17,4,57000,16,1,0,0,0
dfs_nesw,41,12,48,17,170500,25,1,0,0,0
dfs_straight_first,41,12,48,19,175500,25,1,0,0,0
wall_follower,41,16,17,4,57000,16,1,0,0,0
dfs_nesw,41,16,48,17,170500,25,1,0,0,0
dfs_straight_first,41,16,48,17,170500,25,1,0,0,0
wall_follower,42,0,49,31,198500,25,1,0,0,0
dfs_nesw,42,0,48,30,193000,25,1,0,0,0
dfs_straight_first,42,0,48,30,193000,25,1,0,0,0
wall_follower,42,4,25,16,103000,20,1,0,0,0
dfs_nesw,42,4,48,33,198500,25,1,0,0,0
dfs_straight_first,42,4,48,27,189500,25,1,0,0,0
wall_follower,42,8,23,13,91500,19,1,0,0,0
dfs_nesw,42,8,48,27,187500,25,1,0,0,0
dfs_straight_first,42,8,48,22,181000,25,1,0,0,0
wall_follower,42,12,19,7,68500,17,1,0,0,0
dfs_nesw,42,12,48,24,182000,25,1,0,0,0
dfs_straight_first,42,12,48,19,175500,25,1,0,0,0
wall_follower,42,16,17,4,57000,16,1,0,0,0
dfs_nesw,42,16,48,17,170500,25,1,0,0,0
dfs_straight_first,42,16,48,17,170500,25,1,0,0,0
wall_follower,43,0,49,27,191500,25,1,0,0,0
dfs_nesw,43,0,48,26,186000,25,1,0,0,0
dfs_straight_first,43,0,48,26,186000,25,1,0,0,0
wall_follower,43,4,21,11,81500,18,1,0,0,0
dfs_nesw,43,4,48,30,194000,25,1,0,0,0
dfs_straight_first,43,4,48,22,180000,25,1,0,0,0
wall_follower,43,8,21,11,81500,18,1,0,0,0
dfs_nesw,43,8,48,29,193500,25,1,0,0,0
dfs_straight_first,43,8,48,19,174500,25,1,0,0,0
wall_follower,43,12,19,7,68500,17,1,0,0,0
dfs_nesw,43,12,48,20,178000,25,1,0,0,0
dfs_straight_first,43,12,48,22,181000,25,1,0,0,0
wall_follower,43,16,17,4,57000,16,1,0,0,0
dfs_nesw,43,16,48,17,170500,25,1,0,0,0
dfs_straight_first,43,16,48,17,170500,25,1,0,0,0
wall_follower,44,0,49,35,203500,25,1,0,0,0
dfs_nesw,44,0,48,34,198000,25,1,0,0,0
dfs_straight_first,44,0,48,34,198000,25,1,0,0,0
wall_follower,44,4,35,25,146500,25,1,0,0,0
dfs_nesw,44,4,48,37,203500,25,1,0,0,0
dfs_straight_first,44,4,48,35,200500,25,1,0,0,0
wall_follower,44,8,23,12,90000,19,1,0,0,0
dfs_nesw,44,8,48,29,191500,25,1,0,0,0
dfs_straight_first,44,8,48,26,186000,25,1,0,0,0
wall_follower,44,12,17,4,57000,16,1,0,0,0
dfs_nesw,44,12,48,18,173000,25,1,0,0,0
dfs_straight_first,44,12,48,19,175500,25,1,0,0,0
wall_follower,44,16,17,4,57000,16,1,0,0,0
dfs_nesw,44,16,48,17,170500,25,1,0,0,0
dfs_straight_first,44,16,48,17,170500,25,1,0,0,0
wall_follower,45,0,49,35,204500,25,1,0,0,0
dfs_nesw,45,0,48,34,199000,25,1,0,0,0
dfs_straight_first,45,0,48,34,199000,25,1,0,0,0
wall_follower,45,4,27,19,112500,21,1,0,0,0
dfs_nesw,45,4,48,36,204000,25,1,0,0,0
dfs_straight_first,45,4,48,29,192500,25,1,0,0,0
wall_follower,45,8,21,9,77500,18,1,0,0,0
dfs_nesw,45,8,48,31,195500,25,1,0,0,0
dfs_straight_first,45,8,48,25,186500,25,1,0,0,0
wall_follower,45,12,19,8,69000,18,1,0,0,0
dfs_nesw,45,12,48,30,191000,25,1,0,0,0
dfs_straight_first,45,12,48,20,176000,25,1,0,0,0
wall_follower,45,16,17,4,57000,16,1,0,0,0
dfs_nesw,45,16,48,17,170500,25,1,0,0,0
dfs_straight_first,45,16,48,17,170500,25,1,0,0,0
wall_follower,46,0,49,34,204000,25,1,0,0,0
dfs_nesw,46,0,48,33,198500,25,1,0,0,0
dfs_straight_first,46,0,48,33,198500,25,1,0,0,0
wall_follower,46,4,33,20,133000,23,1,0,0,0
dfs_nesw,46,4,48,32,198000,25,1,0,0,0
dfs_straight_first,46,4,48,30,195000,25,1,0,0,0
wall_follower,46,8,19,7,68500,17,1,0,0,0
dfs_nesw,46,8,48,31,195500,25,1,0,0,0
dfs_straight_first,46,8,48,28,192000,25,1,0,0,0
wall_follower,46,12,19,7,68500,17,1,0,0,0
dfs_nesw,46,12,48,30,193000,25,1,0,0,0
dfs_straight_first,46,12,48,22,181000,25,1,0,0,0
wall_follower,46,16,17,4,57000,16,1,0,0,0
dfs_nesw,46,16,48,17,170500,25,1,0,0,0
dfs_straight_first,46,16,48,17,170500,25,1,0,0,0
wall_follower,47,0,49,34,202000,25,1,0,0,0
dfs_nesw,47,0,48,33,196500,25,1,0,0,0
dfs_straight_first,47,0,48,33,196500,25,1,0,0,0
wall_follower,47,4,39,24,157000,25,1,0,0,0
dfs_nesw,47,4,48,27,189500,25,1,0,0,0
dfs_straight_first,47,4,48,27,189500,25,1,0,0,0
wall_follower,47,8,25,14,98000,22,1,0,0,0
dfs_nesw,47,8,48,31,195500,25,1,0,0,0
dfs_straight_first,47,8,48,23,183500,25,1,0,0,0
wall_follower,47,12,21,11,80500,19,1,0,0,0
dfs_nesw,47,12,48,30,193000,25,1,0,0,0
dfs_straight_first,47,12,48,18,175000,25,1,0,0,0
wall_follower,47,16,17,4,57000,16,1,0,0,0
dfs_nesw,47,16,48,17,170500,25,1,0,0,0
dfs_straight_first,47,16,48,17,170500,25,1,0,0,0
wall_follower,48,0,49,30,197000,25,1,0,0,0
dfs_nesw,48,0,48,29,191500,25,1,0,0,0
dfs_straight_first,48,0,48,29,191500,25,1,0,0,0
wall_follower,48,4,25,11,92500,22,1,0,0,0
dfs_nesw,48,4,48,22,181000,25,1,0,0,0
dfs_straight_first,48,4,48,22,181000,25,1,0,0,0
wall_follower,48,8,17,4,57000,16,1,0,0,0
dfs_nesw,48,8,48,20,176000,25,1,0,0,0
dfs_straight_first,48,8,48,19,175500,25,1,0,0,0
wall_follower,48,12,17,4,57000,16,1,0,0,0
dfs_nesw,48,12,48,22,179000,25,1,0,0,0
dfs_straight_first,48,12,48,20,176000,25,1,0,0,0
wall_follower,48,16,17,4,57000,16,1,0,0,0
dfs_nesw,48,16,48,17,170500,25,1,0,0,0
dfs_straight_first,48,16,48,17,170500,25,1,0,0,0
wall_follower,49,0,49,37,205500,25,1,0,0,0
dfs_nesw,49,0,48,36,200000,25,1,0,0,0
dfs_straight_first,49,0,48,36,200000,25,1,0,0,0
wall_follower,49,4,31,20,125000,23,1,0,0,0
dfs_nesw,49,4,48,29,190500,25,1,0,0,0
dfs_straight_first,49,4,48,29,190500,25,1,0,0,0
wall_follower,49,8,21,12,81000,20,1,0,0,0
dfs_nesw,49,8,48,31,193500,25,1,0,0,0
dfs_straight_first,49,8,48,24,182000,25,1,0,0,0
wall_follower,49,12,19,8,69000,18,1,0,0,0
dfs_nesw,49,12,48,36,202000,25,1,0,0,0
dfs_straight_first,49,12,48,18,173000,25,1,0,0,0
wall_follower,49,16,17,4,57000,16,1,0,0,0
dfs_nesw,49,16,48,17,170500,25,1,0,0,0
dfs_straight_first,49,16,48,17,170500,25,1,0,0,0
wall_follower,50,0,49,33,200500,25,1,0,0,0
dfs_nesw,50,0,48,32,195000,25,1,0,0,0
dfs_straight_first,50,0,48,32,195000,25,1,0,0,0
wall_follower,50,4,23,14,93000,19,1,0,0,0
dfs_nesw,50,4,48,33,199500,25,1,0,0,0
dfs_straight_first,50,4,48,29,191500,25,1,0,0,0
wall_follower,50,8,19,8,70000,17,1,0,0,0
dfs_nesw,50,8,48,21,179500,25,1,0,0,0
dfs_straight_first,50,8,48,21,177500,25,1,0,0,0
wall_follower,50,12,17,4,57000,16,1,0,0,0
dfs_nesw,50,12,48,23,181500,25,1,0,0,0
dfs_straight_first,50,12,48,17,170500,25,1,0,0,0
wall_follower,50,16,17,4,57000,16,1,0,0,0
dfs_nesw,50,16,48,17,170500,25,1,0,0,0
dfs_straight_first,50,16,48,17,170500,25,1,0,0,0
wall_follower,51,0,49,39,211500,25,1,0,0,0
dfs_nesw,51,0,48,38,206000,25,1,0,0,0
dfs_straight_first,51,0,48,38,206000,25,1,0,0,0
wall_follower,51,4,33,27,143500,25,1,0,0,0
dfs_nesw,51,4,48,34,200000,25,1,0,0,0
dfs_straight_first,51,4,48,31,194500,25,1,0,0,0
wall_follower,51,8,25,16,101000,21,1,0,0,0
dfs_nesw,51,8,48,33,196500,25,1,0,0,0
dfs_straight_first,51,8,48,30,193000,25,1,0,0,0
wall_follower,51,12,23,12,89000,19,1,0,0,0
dfs_nesw,51,12,48,29,190500,25,1,0,0,0
dfs_straight_first,51,12,48,23,181500,25,1,0,0,0
wall_follower,51,16,17,4,57000,16,1,0,0,0
dfs_nesw,51,16,48,17,170500,25,1,0,0,0
dfs_straight_first,51,16,48,17,170500,25,1,0,0,0
wall_follower,52,0,49,24,187000,25,1,0,0,0
dfs_nesw,52,0,48,23,181500,25,1,0,0,0
dfs_straight_first,52,0,48,23,181500,25,1,0,0,0
wall_follower,52,4,31,16,121000,24,1,0,0,0
dfs_nesw,52,4,48,28,190000,25,1,0,0,0
dfs_straight_first,52,4,48,28,190000,25,1,0,0,0
wall_follower,52,8,23,11,88500,19,1,0,0,0
dfs_nesw,52,8,48,26,187000,25,1,0,0,0
dfs_straight_first,52,8,48,24,184000,25,1,0,0,0
wall_follower,52,12,19,7,68500,17,1,0,0,0
dfs_nesw,52,12,48,24,182000,25,1,0,0,0
dfs_straight_first,52,12,48,18,173000,25,1,0,0,0
wall_follower,52,16,17,4,57000,16,1,0,0,0
dfs_nesw,52,16,48,17,170500,25,1,0,0,0
dfs_straight_first,52,16,48,17,170500,25,1,0,0,0
wall_follower,53,0,49,31,197500,25,1,0,0,0
dfs_nesw,53,0,48,30,192000,25,1,0,0,0
dfs_straight_first,53,0,48,30,192000,25,1,0,0,0
wall_follower,53,4,27,18,110000,23,1,0,0,0
dfs_nesw,53,4,48,34,199000,25,1,0,0,0
dfs_straight_first,53,4,48,28,190000,25,1,0,0,0
wall_follower,53,8,25,17,101500,23,1,0,0,0
dfs_nesw,53,8,48,36,202000,25,1,0,0,0
dfs_straight_first,53,8,48,26,187000,25,1,0,0,0
wall_follower,53,12,21,12,81000,20,1,0,0,0
dfs_nesw,53,12,48,28,190000,25,1,0,0,0
dfs_straight_first,53,12,48,23,181500,25,1,0,0,0
wall_follower,53,16,17,4,57000,16,1,0,0,0
dfs_nesw,53,16,48,17,170500,25,1,0,0,0
dfs_straight_first,53,16,48,17,170500,25,1,0,0,0
wall_follower,54,0,49,35,202500,25,1,0,0,0
dfs_nesw,54,0,48,34,197000,25,1,0,0,0
dfs_straight_first,54,0,48,34,197000,25,1,0,0,0
wall_follower,54,4,25,14,96000,22,1,0,0,0
dfs_nesw,54,4,48,34,197000,25,1,0,0,0
dfs_straight_first,54,4,48,32,194000,25,1,0,0,0
wall_follower,54,8,19,8,69000,18,1,0,0,0
dfs_nesw,54,8,48,31,195500,25,1,0,0,0
dfs_straight_first,54,8,48,25,186500,25,1,0,0,0
wall_follower,54,12,17,4,57000,16,1,0,0,0
dfs_nesw,54,12,48,23,181500,25,1,0,0,0
dfs_straight_first,54,12,48,20,176000,25,1,0,0,0
wall_follower,54,16,17,4,57000,16,1,0,0,0
dfs_nesw,54,16,48,17,170500,25,1,0,0,0
dfs_straight_first,54,16,48,17,170500,25,1,0,0,0
wall_follower,55,0,49,36,205000,25,1,0,0,0
dfs_nesw,55,0,48,35,199500,25,1,0,0,0
dfs_straight_first,55,0,48,35,199500,25,1,0,0,0
wall_follower,55,4,27,19,112500,22,1,0,0,0
dfs_nesw,55,4,48,35,199500,25,1,0,0,0
dfs_straight_first,55,4,48,32,196000,25,1,0,0,0
wall_follower,55,8,27,19,112500,22,1,0,0,0
dfs_nesw,55,8,48,37,204500,25,1,0,0,0
dfs_straight_first,55,8,48,31,195500,25,1,0,0,0
wall_follower,55,12,23,11,88500,19,1,0,0,0
dfs_nesw,55,12,48,21,178500,25,1,0,0,0
dfs_straight_first,55,12,48,22,181000,25,1,0,0,0
wall_follower,55,16,17,4,57000,16,1,0,0,0
dfs_nesw,55,16,48,17,170500,25,1,0,0,0
dfs_straight_first,55,16,48,17,170500,25,1,0,0,0
wall_follower,56,0,49,30,196000,25,1,0,0,0
dfs_nesw,56,0,48,29,190500,25,1,0,0,0
dfs_straight_first,56,0,48,29,190500,25,1,0,0,0
wall_follower,56,4,41,22,158000,25,1,0,0,0
dfs_nesw,56,4,48,30,193000,25,1,0,0,0
dfs_straight_first,56,4,48,25,184500,25,1,0,0,0
wall_follower,56,8,33,15,122500,24,1,0,0,0
dfs_nesw,56,8,48,28,188000,25,1,0,0,0
dfs_straight_first,56,8,48,22,179000,25,1,0,0,0
wall_follower,56,12,21,8,75000,20,1,0,0,0
dfs_nesw,56,12,48,21,178500,25,1,0,0,0
dfs_straight_first,56,12,48,18,173000,25,1,0,0,0
wall_follower,56,16,17,4,57000,16,1,0,0,0
dfs_nesw,56,16,48,17,170500,25,1,0,0,0
dfs_straight_first,56,16,48,17,170500,25,1,0,0,0
wall_follower,57,0,49,32,199000,25,1,0,0,0
dfs_nesw,57,0,48,31,193500,25,1,0,0,0
dfs_straight_first,57,0,48,31,193500,25,1,0,0,0
wall_follower,57,4,33,21,133500,23,1,0,0,0
dfs_nesw,57,4,48,30,193000,25,1,0,0,0
dfs_straight_first,57,4,48,26,187000,25,1,0,0,0
wall_follower,57,8,27,18,110000,22,1,0,0,0
dfs_nesw,57,8,48,32,196000,25,1,0,0,0
dfs_straight_first,57,8,48,26,187000,25,1,0,0,0
wall_follower,57,12,23,15,92500,20,1,0,0,0
dfs_nesw,57,12,48,29,190500,25,1,0,0,0
dfs_straight_first,57,12,48,22,179000,25,1,0,0,0
wall_follower,57,16,17,4,57000,16,1,0,0,0
dfs_nesw,57,16,48,17,170500,25,1,0,0,0
dfs_straight_first,57,16,48,17,170500,25,1,0,0,0
wall_follower,58,0,49,30,196000,25,1,0,0,0
dfs_nesw,58,0,48,29,190500,25,1,0,0,0
dfs_straight_first,58,0,48,29,190500,25,1,0,0,0
wall_follower,58,4,31,18,122000,24,1,0,0,0
dfs_nesw,58,4,48,29,190500,25,1,0,0,0
dfs_straight_first,58,4,48,29,190500,25,1,0,0,0
wall_follower,58,8,25,12,93000,24,1,0,0,0
dfs_nesw,58,8,48,29,190500,25,1,0,0,0
dfs_straight_first,58,8,48,24,182000,25,1,0,0,0
wall_follower,58,12,19,8,69000,18,1,0,0,0
dfs_nesw,58,12,48,24,182000,25,1,0,0,0
dfs_straight_first,58,12,48,21,178500,25,1,0,0,0
wall_follower,58,16,17,4,57000,16,1,0,0,0
dfs_nesw,58,16,48,17,170500,25,1,0,0,0
dfs_straight_first,58,16,48,17,170500,25,1,0,0,0
wall_follower,59,0,49,33,199500,25,1,0,0,0
dfs_nesw,59,0,48,32,194000,25,1,0,0,0
dfs_straight_first,59,0,48,32,194000,25,1,0,0,0
wall_follower,59,4,23,13,89500,20,1,0,0,0
dfs_nesw,59,4,48,28,188000,25,1,0,0,0
dfs_straight_first,59,4,48,28,188000,25,1,0,0,0
wall_follower,59,8,23,13,89500,20,1,0,0,0
dfs_nesw,59,8,48,29,190500,25,1,0,0,0
dfs_straight_first,59,8,48,25,184500,25,1,0,0,0
wall_follower,59,12,21,12,81000,20,1,0,0,0
dfs_nesw,59,12,48,28,188000,25,1,0,0,0
dfs_straight_first,59,12,48,24,182000,25,1,0,0,0
wall_follower,59,16,17,4,57000,16,1,0,0,0
dfs_nesw,59,16,48,17,170500,25,1,0,0,0
dfs_straight_first,59,16,48,17,170500,25,1,0,0,0
wall_follower,60,0,49,31,196500,25,1,0,0,0
dfs_nesw,60,0,48,30,191000,25,1,0,0,0
dfs_straight_first,60,0,48,30,191000,25,1,0,0,0
wall_follower,60,4,27,13,103500,21,1,0,0,0
dfs_nesw,60,4,48,27,187500,25,1,0,0,0
dfs_straight_first,60,4,48,24,184000,25,1,0,0,0
wall_follower,60,8,25,10,92000,20,1,0,0,0
dfs_nesw,60,8,48,23,181500,25,1,0,0,0
dfs_straight_first,60,8,48,22,181000,25,1,0,0,0
wall_follower,60,12,21,10,80000,18,1,0,0,0
dfs_nesw,60,12,48,20,178000,25,1,0,0,0
dfs_straight_first,60,12,48,19,175500,25,1,0,0,0
wall_follower,60,16,17,4,57000,16,1,0,0,0
dfs_nesw,60,16,48,17,170500,25,1,0,0,0
dfs_straight_first,60,16,48,17,170500,25,1,0,0,0
wall_follower,61,0,49,27,191500,25,1,0,0,0
dfs_nesw,61,0,48,26,186000,25,1,0,0,0
dfs_straight_first,61,0,48,26,186000,25,1,0,0,0
wall_follower,61,4,33,16,126000,23,1,0,0,0
dfs_nesw,61,4,48,26,186000,25,1,0,0,0
dfs_straight_first,61,4,48,23,182500,25,1,0,0,0
wall_follower,61,8,21,11,80500,19,1,0,0,0
dfs_nesw,61,8,48,37,204500,25,1,0,0,0
dfs_straight_first,61,8,48,23,181500,25,1,0,0,0
wall_follower,61,12,17,4,57000,16,1,0,0,0
dfs_nesw,61,12,48,22,181000,25,1,0,0,0
dfs_straight_first,61,12,48,21,180500,25,1,0,0,0
wall_follower,61,16,17,4,57000,16,1,0,0,0
dfs_nesw,61,16,48,17,170500,25,1,0,0,0
dfs_straight_first,61,16,48,17,170500,25,1,0,0,0
wall_follower,62,0,49,27,191500,25,1,0,0,0
dfs_nesw,62,0,48,26,186000,25,1,0,0,0
dfs_straight_first,62,0,48,26,186000,25,1,0,0,0
wall_follower,62,4,39,21,150500,25,1,0,0,0
dfs_nesw,62,4,48,29,191500,25,1,0,0,0
dfs_straight_first,62,4,48,26,186000,25,1,0,0,0
wall_follower,62,8,27,14,103000,22,1,0,0,0
dfs_nesw,62,8,48,26,186000,25,1,0,0,0
dfs_straight_first,62,8,48,23,180500,25,1,0,0,0
wall_follower,62,12,23,10,85000,20,1,0,0,0
dfs_nesw,62,12,48,19,174500,25,1,0,0,0
dfs_straight_first,62,12,48,22,180000,25,1,0,0,0
wall_follower,62,16,17,4,57000,16,1,0,0,0
dfs_nesw,62,16,48,17,170500,25,1,0,0,0
dfs_straight_first,62,16,48,17,170500,25,1,0,0,0
wall_follower,63,0,49,22,183000,25,1,0,0,0
dfs_nesw,63,0,48,21,177500,25,1,0,0,0
dfs_straight_first,63,0,48,21,177500,25,1,0,0,0
wall_follower,63,4,31,15,117500,24,1,0,0,0
dfs_nesw,63,4,48,25,185500,25,1,0,0,0
dfs_straight_first,63,4,48,23,180500,25,1,0,0,0
wall_follower,63,8,27,15,105500,23,1,0,0,0
dfs_nesw,63,8,48,25,185500,25,1,0,0,0
dfs_straight_first,63,8,48,22,180000,25,1,0,0,0
wall_follower,63,12,19,8,70000,17,1,0,0,0
dfs_nesw,63,12,48,24,183000,25,1,0,0,0
dfs_straight_first,63,12,48,20,175000,25,1,0,0,0
wall_follower,63,16,17,4,57000,16,1,0,0,0
dfs_nesw,63,16,48,17,170500,25,1,0,0,0
dfs_straight_first,63,16,48,17,170500,25,1,0,0,0
wall_follower,64,0,49,31,197500,25,1,0,0,0
dfs_nesw,64,0,48,30,192000,25,1,0,0,0
dfs_straight_first,64,0,48,30,192000,25,1,0,0,0
wall_follower,64,4,29,17,114500,23,1,0,0,0
dfs_nesw,64,4,48,28,189000,25,1,0,0,0
dfs_straight_first,64,4,48,28,189000,25,1,0,0,0
wall_follower,64,8,21,11,80500,19,1,0,0,0
dfs_nesw,64,8,48,27,189500,25,1,0,0,0
dfs_straight_first,64,8,48,24,184000,25,1,0,0,0
wall_follower,64,12,19,8,69000,18,1,0,0,0
dfs_nesw,64,12,48,20,178000,25,1,0,0,0
dfs_straight_first,64,12,48,19,175500,25,1,0,0,0
wall_follower,64,16,17,4,57000,16,1,0,0,0
dfs_nesw,64,16,48,17,170500,25,1,0,0,0
dfs_straight_first,64,16,48,17,170500,25,1,0,0,0
wall_follower,65,0,49,32,200000,25,1,0,0,0
dfs_nesw,65,0,48,31,194500,25,1,0,0,0
dfs_straight_first,65,0,48,31,194500,25,1,0,0,0
wall_follower,65,4,31,18,123000,22,1,0,0,0
dfs_nesw,65,4,48,27,188500,25,1,0,0,0
dfs_straight_first,65,4,48,26,188000,25,1,0,0,0
wall_follower,65,8,25,15,99500,20,1,0,0,0
dfs_nesw,65,8,48,25,185500,25,1,0,0,0
dfs_straight_first,65,8,48,25,185500,25,1,0,0,0
wall_follower,65,12,17,4,57000,16,1,0,0,0
dfs_nesw,65,12,48,22,179000,25,1,0,0,0
dfs_straight_first,65,12,48,19,173500,25,1,0,0,0
wall_follower,65,16,17,4,57000,16,1,0,0,0
dfs_nesw,65,16,48,17,170500,25,1,0,0,0
dfs_straight_first,65,16,48,17,170500,25,1,0,0,0
wall_follower,66,0,49,26,189000,25,1,0,0,0
dfs_nesw,66,0,48,25,183500,25,1,0,0,0
dfs_straight_first,66,0,48,25,183500,25,1,0,0,0
wall_follower,66,4,27,15,105500,22,1,0,0,0
dfs_nesw,66,4,48,22,180000,25,1,0,0,0
dfs_straight_first,66,4,48,23,180500,25,1,0,0,0
wall_follower,66,8,21,12,82000,19,1,0,0,0
dfs_nesw,66,8,48,22,180000,25,1,0,0,0
dfs_straight_first,66,8,48,24,183000,25,1,0,0,0
wall_follower,66,12,17,4,57000,16,1,0,0,0
dfs_nesw,66,12,48,17,170500,25,1,0,0,0
dfs_straight_first,66,12,48,17,170500,25,1,0,0,0
wall_follower,66,16,17,4,57000,16,1,0,0,0
dfs_nesw,66,16,48,17,170500,25,1,0,0,0
dfs_straight_first,66,16,48,17,170500,25,1,0,0,0
wall_follower,67,0,49,31,198500,25,1,0,0,0
dfs_nesw,67,0,48,30,193000,25,1,0,0,0
dfs_straight_first,67,0,48,30,193000,25,1,0,0,0
wall_follower,67,4,37,22,148000,24,1,0,0,0
dfs_nesw,67,4,48,31,195500,25,1,0,0,0
dfs_straight_first,67,4,48,30,193000,25,1,0,0,0
wall_follower,67,8,25,15,100500,21,1,0,0,0
dfs_nesw,67,8,48,29,192500,25,1,0,0,0
dfs_straight_first,67,8,48,26,189000,25,1,0,0,0
wall_follower,67,12,21,11,80500,19,1,0,0,0
dfs_nesw,67,12,48,29,192500,25,1,0,0,0
dfs_straight_first,67,12,48,20,178000,25,1,0,0,0
wall_follower,67,16,17,4,57000,16,1,0,0,0
dfs_nesw,67,16,48,17,170500,25,1,0,0,0
dfs_straight_first,67,16,48,17,170500,25,1,0,0,0
wall_follower,68,0,49,33,201500,25,1,0,0,0
dfs_nesw,68,0,48,32,196000,25,1,0,0,0
dfs_straight_first,68,0,48,32,196000,25,1,0,0,0
wall_follower,68,4,23,12,89000,20,1,0,0,0
dfs_nesw,68,4,48,28,190000,25,1,0,0,0
dfs_straight_first,68,4,48,28,190000,25,1,0,0,0
wall_follower,68,8,19,8,69000,18,1,0,0,0
dfs_nesw,68,8,48,26,187000,25,1,0,0,0
dfs_straight_first,68,8,48,26,187000,25,1,0,0,0
wall_follower,68,12,17,4,57000,16,1,0,0,0
dfs_nesw,68,12,48,23,181500,25,1,0,0,0
dfs_straight_first,68,12,48,20,178000,25,1,0,0,0
wall_follower,68,16,17,4,57000,16,1,0,0,0
dfs_nesw,68,16,48,17,170500,25,1,0,0,0
dfs_straight_first,68,16,48,17,170500,25,1,0,0,0
wall_follower,69,0,49,37,206500,25,1,0,0,0
dfs_nesw,69,0,48,36,201000,25,1,0,0,0
dfs_straight_first,69,0,48,36,201000,25,1,0,0,0
wall_follower,69,4,25,15,99500,20,1,0,0,0
dfs_nesw,69,4,48,33,197500,25,1,0,0,0
dfs_straight_first,69,4,48,32,195000,25,1,0,0,0
wall_follower,69,8,19,8,69000,18,1,0,0,0
dfs_nesw,69,8,48,26,185000,25,1,0,0,0
dfs_straight_first,69,8,48,25,184500,25,1,0,0,0
wall_follower,69,12,19,8,69000,18,1,0,0,0
dfs_nesw,69,12,48,17,170500,25,1,0,0,0
dfs_straight_first,69,12,48,17,170500,25,1,0,0,0
wall_follower,69,16,17,4,57000,16,1,0,0,0
dfs_nesw,69,16,48,17,170500,25,1,0,0,0
dfs_straight_first,69,16,48,17,170500,25,1,0,0,0
wall_follower,70,0,49,29,195500,25,1,0,0,0
dfs_nesw,70,0,48,28,190000,25,1,0,0,0
dfs_straight_first,70,0,48,28,190000,25,1,0,0,0
wall_follower,70,4,27,18,110000,21,1,0,0,0
dfs_nesw,70,4,48,33,198500,25,1,0,0,0
dfs_straight_first,70,4,48,28,190000,25,1,0,0,0
wall_follower,70,8,23,12,89000,19,1,0,0,0
dfs_nesw,70,8,48,29,190500,25,1,0,0,0
dfs_straight_first,70,8,48,24,184000,25,1,0,0,0
wall_follower,70,12,21,9,77500,18,1,0,0,0
dfs_nesw,70,12,48,25,184500,25,1,0,0,0
dfs_straight_first,70,12,48,22,181000,25,1,0,0,0
wall_follower,70,16,17,4,57000,16,1,0,0,0
dfs_nesw,70,16,48,17,170500,25,1,0,0,0
dfs_straight_first,70,16,48,17,170500,25,1,0,0,0
wall_follower,71,0,49,33,200500,25,1,0,0,0
dfs_nesw,71,0,48,32,195000,25,1,0,0,0
dfs_straight_first,71,0,48,32,195000,25,1,0,0,0
wall_follower,71,4,35,22,141000,24,1,0,0,0
dfs_nesw,71,4,48,33,197500,25,1,0,0,0
dfs_straight_first,71,4,48,30,192000,25,1,0,0,0
wall_follower,71,8,25,13,96500,19,1,0,0,0
dfs_nesw,71,8,48,32,195000,25,1,0,0,0
dfs_straight_first,71,8,48,24,183000,25,1,0,0,0
wall_follower,71,12,21,8,76000,18,1,0,0,0
dfs_nesw,71,12,48,27,186500,25,1,0,0,0
dfs_straight_first,71,12,48,19,174500,25,1,0,0,0
wall_follower,71,16,17,4,57000,16,1,0,0,0
dfs_nesw,71,16,48,17,170500,25,1,0,0,0
dfs_straight_first,71,16,48,17,170500,25,1,0,0,0
wall_follower,72,0,49,26,190000,25,1,0,0,0
dfs_nesw,72,0,48,25,184500,25,1,0,0,0
dfs_straight_first,72,0,48,25,184500,25,1,0,0,0
wall_follower,72,4,35,20,137000,25,1,0,0,0
dfs_nesw,72,4,48,31,193500,25,1,0,0,0
dfs_straight_first,72,4,48,25,184500,25,1,0,0,0
wall_follower,72,8,19,8,69000,18,1,0,0,0
dfs_nesw,72,8,48,28,190000,25,1,0,0,0
dfs_straight_first,72,8,48,25,184500,25,1,0,0,0
wall_follower,72,12,17,4,57000,16,1,0,0,0
dfs_nesw,72,12,48,19,175500,25,1,0,0,0
dfs_straight_first,72,12,48,18,173000,25,1,0,0,0
wall_follower,72,16,17,4,57000,16,1,0,0,0
dfs_nesw,72,16,48,17,170500,25,1,0,0,0
dfs_straight_first,72,16,48,17,170500,25,1,0,0,0
wall_follower,73,0,49,30,196000,25,1,0,0,0
dfs_nesw,73,0,48,29,190500,25,1,0,0,0
dfs_straight_first,73,0,48,29,190500,25,1,0,0,0
wall_follower,73,4,29,17,115500,22,1,0,0,0
dfs_nesw,73,4,48,29,190500,25,1,0,0,0
dfs_straight_first,73,4,48,24,184000,25,1,0,0,0
wall_follower,73,8,23,14,92000,20,1,0,0,0
dfs_nesw,73,8,48,29,190500,25,1,0,0,0
dfs_straight_first,73,8,48,25,184500,25,1,0,0,0
wall_follower,73,12,19,7,68500,17,1,0,0,0
dfs_nesw,73,12,48,22,179000,25,1,0,0,0
dfs_straight_first,73,12,48,19,173500,25,1,0,0,0
wall_follower,73,16,17,4,57000,16,1,0,0,0
dfs_nesw,73,16,48,17,170500,25,1,0,0,0
dfs_straight_first,73,16,48,17,170500,25,1,0,0,0
wall_follower,74,0,49,31,197500,25,1,0,0,0
dfs_nesw,74,0,48,30,192000,25,1,0,0,0
dfs_straight_first,74,0,48,30,192000,25,1,0,0,0
wall_follower,74,4,39,27,159500,25,1,0,0,0
dfs_nesw,74,4,48,31,194500,25,1,0,0,0
dfs_straight_first,74,4,48,30,192000,25,1,0,0,0
wall_follower,74,8,19,8,70000,17,1,0,0,0
dfs_nesw,74,8,48,27,188500,25,1,0,0,0
dfs_straight_first,74,8,48,24,185000,25,1,0,0,0
wall_follower,74,12,17,4,57000,16,1,0,0,0
dfs_nesw,74,12,48,23,181500,25,1,0,0,0
dfs_straight_first,74,12,48,21,178500,25,1,0,0,0
wall_follower,74,16,17,4,57000,16,1,0,0,0
dfs_nesw,74,16,48,17,170500,25,1,0,0,0
dfs_straight_first,74,16,48,17,170500,25,1,0,0,0
wall_follower,75,0,49,32,200000,25,1,0,0,0
dfs_nesw,75,0,48,31,194500,25,1,0,0,0
dfs_straight_first,75,0,48,29,191500,25,1,0,0,0
wall_follower,75,4,29,15,111500,21,1,0,0,0
dfs_nesw,75,4,48,30,192000,25,1,0,0,0
dfs_straight_first,75,4,48,26,186000,25,1,0,0,0
wall_follower,75,8,19,8,69000,18,1,0,0,0
dfs_nesw,75,8,48,24,182000,25,1,0,0,0
dfs_straight_first,75,8,48,24,182000,25,1,0,0,0
wall_follower,75,12,19,8,69000,18,1,0,0,0
dfs_nesw,75,12,48,17,170500,25,1,0,0,0
dfs_straight_first,75,12,48,17,170500,25,1,0,0,0
wall_follower,75,16,17,4,57000,16,1,0,0,0
dfs_nesw,75,16,48,17,170500,25,1,0,0,0
dfs_straight_first,75,16,48,17,170500,25,1,0,0,0
wall_follower,76,0,49,38,207000,25,1,0,0,0
dfs_nesw,76,0,48,37,201500,25,1,0,0,0
dfs_straight_first,76,0,48,37,201500,25,1,0,0,0
wall_follower,76,4,35,28,148000,25,1,0,0,0
dfs_nesw,76,4,48,38,204000,25,1,0,0,0
dfs_straight_first,76,4,48,35,198500,25,1,0,0,0
wall_follower,76,8,19,8,69000,18,1,0,0,0
dfs_nesw,76,8,48,25,184500,25,1,0,0,0
dfs_straight_first,76,8,48,23,181500,25,1,0,0,0
wall_follower,76,12,17,4,57000,16,1,0,0,0
dfs_nesw,76,12,48,22,179000,25,1,0,0,0
dfs_straight_first,76,12,48,20,176000,25,1,0,0,0
wall_follower,76,16,17,4,57000,16,1,0,0,0
dfs_nesw,76,16,48,17,170500,25,1,0,0,0
dfs_straight_first,76,16,48,17,170500,25,1,0,0,0
wall_follower,77,0,49,34,202000,25,1,0,0,0
dfs_nesw,77,0,48,33,196500,25,1,0,0,0
dfs_straight_first,77,0,48,33,196500,25,1,0,0,0
wall_follower,77,4,23,15,92500,21,1,0,0,0
dfs_nesw,77,4,48,31,193500,25,1,0,0,0
dfs_straight_first,77,4,48,31,193500,25,1,0,0,0
wall_follower,77,8,21,11,80500,19,1,0,0,0
dfs_nesw,77,8,48,24,182000,25,1,0,0,0
dfs_straight_first,77,8,48,24,182000,25,1,0,0,0
wall_follower,77,12,21,11,80500,19,1,0,0,0
dfs_nesw,77,12,48,27,185500,25,1,0,0,0
dfs_straight_first,77,12,48,19,173500,25,1,0,0,0
wall_follower,77,16,17,4,57000,16,1,0,0,0
dfs_nesw,77,16,48,17,170500,25,1,0,0,0
dfs_straight_first,77,16,48,17,170500,25,1,0,0,0
wall_follower,78,0,49,35,204500,25,1,0,0,0
dfs_nesw,78,0,48,34,199000,25,1,0,0,0
dfs_straight_first,78,0,48,34,199000,25,1,0,0,0
wall_follower,78,4,27,14,104000,21,1,0,0,0
dfs_nesw,78,4,48,31,195500,25,1,0,0,0
dfs_straight_first,78,4,48,31,195500,25,1,0,0,0
wall_follower,78,8,19,7,68500,17,1,0,0,0
dfs_nesw,78,8,48,31,195500,25,1,0,0,0
dfs_straight_first,78,8,48,28,192000,25,1,0,0,0
wall_follower,78,12,17,4,57000,16,1,0,0,0
dfs_nesw,78,12,48,24,184000,25,1,0,0,0
dfs_straight_first,78,12,48,22,181000,25,1,0,0,0
wall_follower,78,16,17,4,57000,16,1,0,0,0
dfs_nesw,78,16,48,17,170500,25,1,0,0,0
dfs_straight_first,78,16,48,17,170500,25,1,0,0,0
wall_follower,79,0,49,38,208000,25,1,0,0,0
dfs_nesw,79,0,48,37,202500,25,1,0,0,0
dfs_straight_first,79,0,48,37,202500,25,1,0,0,0
wall_follower,79,4,39,27,158500,25,1,0,0,0
dfs_nesw,79,4,48,32,194000,25,1,0,0,0
dfs_straight_first,79,4,48,31,193500,25,1,0,0,0
wall_follower,79,8,23,10,84000,20,1,0,0,0
dfs_nesw,79,8,48,27,187500,25,1,0,0,0
dfs_straight_first,79,8,48,29,190500,25,1,0,0,0
wall_follower,79,12,19,8,69000,18,1,0,0,0
dfs_nesw,79,12,48,25,184500,25,1,0,0,0
dfs_straight_first,79,12,48,24,184000,25,1,0,0,0
wall_follower,79,16,17,4,57000,16,1,0,0,0
dfs_nesw,79,16,48,17,170500,25,1,0,0,0
dfs_straight_first,79,16,48,17,170500,25,1,0,0,0
wall_follower,80,0,49,32,200000,25,1,0,0,0
dfs_nesw,80,0,48,31,194500,25,1,0,0,0
dfs_straight_first,80,0,48,31,194500,25,1,0,0,0
wall_follower,80,4,35,23,143500,24,1,0,0,0
dfs_nesw,80,4,48,31,194500,25,1,0,0,0
dfs_straight_first,80,4,48,30,194000,25,1,0,0,0
wall_follower,80,8,21,9,78500,18,1,0,0,0
dfs_nesw,80,8,48,25,185500,25,1,0,0,0
dfs_straight_first,80,8,48,25,185500,25,1,0,0,0
wall_follower,80,12,17,4,57000,16,1,0,0,0
dfs_nesw,80,12,48,20,176000,25,1,0,0,0
dfs_straight_first,80,12,48,18,173000,25,1,0,0,0
wall_follower,80,16,17,4,57000,16,1,0,0,0
dfs_nesw,80,16,48,17,170500,25,1,0,0,0
dfs_straight_first,80,16,48,17,170500,25,1,0,0,0
wall_follower,81,0,49,31,198500,25,1,0,0,0
dfs_nesw,81,0,48,30,193000,25,1,0,0,0
dfs_straight_first,81,0,48,30,193000,25,1,0,0,0
wall_follower,81,4,23,11,86500,19,1,0,0,0
dfs_nesw,81,4,48,30,193000,25,1,0,0,0
dfs_straight_first,81,4,48,27,187500,25,1,0,0,0
wall_follower,81,8,19,8,69000,18,1,0,0,0
dfs_nesw,81,8,48,24,182000,25,1,0,0,0
dfs_straight_first,81,8,48,24,182000,25,1,0,0,0
wall_follower,81,12,17,4,57000,16,1,0,0,0
dfs_nesw,81,12,48,17,170500,25,1,0,0,0
dfs_straight_first,81,12,48,17,170500,25,1,0,0,0
wall_follower,81,16,17,4,57000,16,1,0,0,0
dfs_nesw,81,16,48,17,170500,25,1,0,0,0
dfs_straight_first,81,16,48,17,170500,25,1,0,0,0
wall_follower,82,0,49,29,193500,25,1,0,0,0
dfs_nesw,82,0,48,28,188000,25,1,0,0,0
dfs_straight_first,82,0,48,28,188000,25,1,0,0,0
wall_follower,82,4,41,24,161000,25,1,0,0,0
dfs_nesw,82,4,48,29,188500,25,1,0,0,0
dfs_straight_first,82,4,48,28,188000,25,1,0,0,0
wall_follower,82,8,19,8,69000,18,1,0,0,0
dfs_nesw,82,8,48,29,190500,25,1,0,0,0
dfs_straight_first,82,8,48,25,184500,25,1,0,0,0
wall_follower,82,12,19,8,69000,18,1,0,0,0
dfs_nesw,82,12,48,30,191000,25,1,0,0,0
dfs_straight_first,82,12,48,21,178500,25,1,0,0,0
wall_follower,82,16,17,4,57000,16,1,0,0,0
dfs_nesw,82,16,48,17,170500,25,1,0,0,0
dfs_straight_first,82,16,48,17,170500,25,1,0,0,0
wall_follower,83,0,49,31,196500,25,1,0,0,0
dfs_nesw,83,0,48,30,191000,25,1,0,0,0
dfs_straight_first,83,0,48,30,191000,25,1,0,0,0
wall_follower,83,4,29,19,116500,24,1,0,0,0
dfs_nesw,83,4,48,31,193500,25,1,0,0,0
dfs_straight_first,83,4,48,28,188000,25,1,0,0,0
wall_follower,83,8,27,15,104500,24,1,0,0,0
dfs_nesw,83,8,48,23,181500,25,1,0,0,0
dfs_straight_first,83,8,48,22,179000,25,1,0,0,0
wall_follower,83,12,19,7,68500,17,1,0,0,0
dfs_nesw,83,12,48,17,170500,25,1,0,0,0
dfs_straight_first,83,12,48,17,170500,25,1,0,0,0
wall_follower,83,16,17,4,57000,16,1,0,0,0
dfs_nesw,83,16,48,17,170500,25,1,0,0,0
dfs_straight_first,83,16,48,17,170500,25,1,0,0,0
wall_follower,84,0,49,30,197000,25,1,0,0,0
dfs_nesw,84,0,48,29,191500,25,1,0,0,0
dfs_straight_first,84,0,48,29,191500,25,1,0,0,0
wall_follower,84,4,31,19,125500,23,1,0,0,0
dfs_nesw,84,4,48,28,191000,25,1,0,0,0
dfs_straight_first,84,4,48,25,185500,25,1,0,0,0
wall_follower,84,8,27,16,108000,21,1,0,0,0
dfs_nesw,84,8,48,25,185500,25,1,0,0,0
dfs_straight_first,84,8,48,25,185500,25,1,0,0,0
wall_follower,84,12,17,4,57000,16,1,0,0,0
dfs_nesw,84,12,48,24,182000,25,1,0,0,0
dfs_straight_first,84,12,48,18,173000,25,1,0,0,0
wall_follower,84,16,17,4,57000,16,1,0,0,0
dfs_nesw,84,16,48,17,170500,25,1,0,0,0
dfs_straight_first,84,16,48,17,170500,25,1,0,0,0
wall_follower,85,0,49,31,197500,25,1,0,0,0
dfs_nesw,85,0,48,30,192000,25,1,0,0,0
dfs_straight_first,85,0,48,30,192000,25,1,0,0,0
wall_follower,85,4,21,11,80500,19,1,0,0,0
dfs_nesw,85,4,48,26,185000,25,1,0,0,0
dfs_straight_first,85,4,48,25,184500,25,1,0,0,0
wall_follower,85,8,19,7,68500,17,1,0,0,0
dfs_nesw,85,8,48,28,188000,25,1,0,0,0
dfs_straight_first,85,8,48,23,181500,25,1,0,0,0
wall_follower,85,12,19,7,68500,17,1,0,0,0
dfs_nesw,85,12,48,28,188000,25,1,0,0,0
dfs_straight_first,85,12,48,16,170000,25,1,0,0,0
wall_follower,85,16,17,4,57000,16,1,0,0,0
dfs_nesw,85,16,48,17,170500,25,1,0,0,0
dfs_straight_first,85,16,48,17,170500,25,1,0,0,0
wall_follower,86,0,49,30,196000,25,1,0,0,0
dfs_nesw,86,0,48,29,190500,25,1,0,0,0
dfs_straight_first,86,0,48,29,190500,25,1,0,0,0
wall_follower,86,4,23,9,83500,20,1,0,0,0
dfs_nesw,86,4,48,23,181500,25,1,0,0,0
dfs_straight_first,86,4,48,23,181500,25,1,0,0,0
wall_follower,86,8,19,7,68500,17,1,0,0,0
dfs_nesw,86,8,48,24,184000,25,1,0,0,0
dfs_straight_first,86,8,48,23,181500,25,1,0,0,0
wall_follower,86,12,17,4,57000,16,1,0,0,0
dfs_nesw,86,12,48,25,184500,25,1,0,0,0
dfs_straight_first,86,12,48,22,179000,25,1,0,0,0
wall_follower,86,16,17,4,57000,16,1,0,0,0
dfs_nesw,86,16,48,17,170500,25,1,0,0,0
dfs_straight_first,86,16,48,17,170500,25,1,0,0,0
wall_follower,87,0,49,31,199500,25,1,0,0,0
dfs_nesw,87,0,48,30,194000,25,1,0,0,0
dfs_straight_first,87,0,48,28,191000,25,1,0,0,0
wall_follower,87,4,25,14,99000,21,1,0,0,0
dfs_nesw,87,4,48,33,199500,25,1,0,0,0
dfs_straight_first,87,4,48,24,185000,25,1,0,0,0
wall_follower,87,8,23,14,93000,19,1,0,0,0
dfs_nesw,87,8,48,36,205000,25,1,0,0,0
dfs_straight_first,87,8,48,24,185000,25,1,0,0,0
wall_follower,87,12,21,11,80500,19,1,0,0,0
dfs_nesw,87,12,48,26,187000,25,1,0,0,0
dfs_straight_first,87,12,48,21,178500,25,1,0,0,0
wall_follower,87,16,17,4,57000,16,1,0,0,0
dfs_nesw,87,16,48,17,170500,25,1,0,0,0
dfs_straight_first,87,16,48,17,170500,25,1,0,0,0
wall_follower,88,0,49,34,203000,25,1,0,0,0
dfs_nesw,88,0,48,33,197500,25,1,0,0,0
dfs_straight_first,88,0,48,33,197500,25,1,0,0,0
wall_follower,88,4,29,16,114000,22,1,0,0,0
dfs_nesw,88,4,48,32,197000,25,1,0,0,0
dfs_straight_first,88,4,48,27,188500,25,1,0,0,0
wall_follower,88,8,23,11,87500,19,1,0,0,0
dfs_nesw,88,8,48,29,191500,25,1,0,0,0
dfs_straight_first,88,8,48,20,177000,25,1,0,0,0
wall_follower,88,12,17,4,57000,16,1,0,0,0
dfs_nesw,88,12,48,24,184000,25,1,0,0,0
dfs_straight_first,88,12,48,23,183500,25,1,0,0,0
wall_follower,88,16,17,4,57000,16,1,0,0,0
dfs_nesw,88,16,48,17,170500,25,1,0,0,0
dfs_straight_first,88,16,48,17,170500,25,1,0,0,0
wall_follower,89,0,49,33,200500,25,1,0,0,0
dfs_nesw,89,0,48,32,195000,25,1,0,0,0
dfs_straight_first,89,0,48,32,195000,25,1,0,0,0
wall_follower,89,4,35,23,143500,23,1,0,0,0
dfs_nesw,89,4,48,30,194000,25,1,0,0,0
dfs_straight_first,89,4,48,30,194000,25,1,0,0,0
wall_follower,89,8,23,14,92000,20,1,0,0,0
dfs_nesw,89,8,48,30,193000,25,1,0,0,0
dfs_straight_first,89,8,48,22,181000,25,1,0,0,0
wall_follower,89,12,21,11,80500,19,1,0,0,0
dfs_nesw,89,12,48,19,175500,25,1,0,0,0
dfs_straight_first,89,12,48,19,175500,25,1,0,0,0
wall_follower,89,16,17,4,57000,16,1,0,0,0
dfs_nesw,89,16,48,17,170500,25,1,0,0,0
dfs_straight_first,89,16,48,17,170500,25,1,0,0,0
wall_follower,90,0,49,31,196500,25,1,0,0,0
dfs_nesw,90,0,48,30,191000,25,1,0,0,0
dfs_straight_first,90,0,48,30,191000,25,1,0,0,0
wall_follower,90,4,27,15,104500,24,1,0,0,0
dfs_nesw,90,4,48,24,182000,25,1,0,0,0
dfs_straight_first,90,4,48,24,182000,25,1,0,0,0
wall_follower,90,8,21,11,80500,18,1,0,0,0
dfs_nesw,90,8,48,34,199000,25,1,0,0,0
dfs_straight_first,90,8,48,23,181500,25,1,0,0,0
wall_follower,90,12,17,4,57000,16,1,0,0,0
dfs_nesw,90,12,48,18,173000,25,1,0,0,0
dfs_straight_first,90,12,48,18,173000,25,1,0,0,0
wall_follower,90,16,17,4,57000,16,1,0,0,0
dfs_nesw,90,16,48,17,170500,25,1,0,0,0
dfs_straight_first,90,16,48,17,170500,25,1,0,0,0
wall_follower,91,0,49,33,201500,25,1,0,0,0
dfs_nesw,91,0,48,32,196000,25,1,0,0,0
dfs_straight_first,91,0,48,32,196000,25,1,0,0,0
wall_follower,91,4,27,21,115500,22,1,0,0,0
dfs_nesw,91,4,48,37,204500,25,1,0,0,0
dfs_straight_first,91,4,48,32,196000,25,1,0,0,0
wall_follower,91,8,23,13,91500,19,1,0,0,0
dfs_nesw,91,8,48,30,193000,25,1,0,0,0
dfs_straight_first,91,8,48,23,183500,25,1,0,0,0
wall_follower,91,12,19,7,68500,17,1,0,0,0
dfs_nesw,91,12,48,24,182000,25,1,0,0,0
dfs_straight_first,91,12,48,23,181500,25,1,0,0,0
wall_follower,91,16,17,4,57000,16,1,0,0,0
dfs_nesw,91,16,48,17,170500,25,1,0,0,0
dfs_straight_first,91,16,48,17,170500,25,1,0,0,0
wall_follower,92,0,49,34,203000,25,1,0,0,0
dfs_nesw,92,0,48,33,197500,25,1,0,0,0
dfs_straight_first,92,0,48,33,197500,25,1,0,0,0
wall_follower,92,4,39,25,158500,25,1,0,0,0
dfs_nesw,92,4,48,31,194500,25,1,0,0,0
dfs_straight_first,92,4,48,30,194000,25,1,0,0,0
wall_follower,92,8,31,19,123500,24,1,0,0,0
dfs_nesw,92,8,48,31,192500,25,1,0,0,0
dfs_straight_first,92,8,48,28,189000,25,1,0,0,0
wall_follower,92,12,19,8,69000,18,1,0,0,0
dfs_nesw,92,12,48,26,185000,25,1,0,0,0
dfs_straight_first,92,12,48,22,179000,25,1,0,0,0
wall_follower,92,16,17,4,57000,16,1,0,0,0
dfs_nesw,92,16,48,17,170500,25,1,0,0,0
dfs_straight_first,92,16,48,17,170500,25,1,0,0,0
wall_follower,93,0,49,34,202000,25,1,0,0,0
dfs_nesw,93,0,48,33,196500,25,1,0,0,0
dfs_straight_first,93,0,48,33,196500,25,1,0,0,0
wall_follower,93,4,35,23,142500,24,1,0,0,0
dfs_nesw,93,4,48,33,196500,25,1,0,0,0
dfs_straight_first,93,4,48,30,193000,25,1,0,0,0
wall_follower,93,8,23,11,86500,19,1,0,0,0
dfs_nesw,93,8,48,31,193500,25,1,0,0,0
dfs_straight_first,93,8,48,26,185000,25,1,0,0,0
wall_follower,93,12,19,7,68500,17,1,0,0,0
dfs_nesw,93,12,48,23,179500,25,1,0,0,0
dfs_straight_first,93,12,48,18,173000,25,1,0,0,0
wall_follower,93,16,17,4,57000,16,1,0,0,0
dfs_nesw,93,16,48,17,170500,25,1,0,0,0
dfs_straight_first,93,16,48,17,170500,25,1,0,0,0
wall_follower,94,0,49,37,208500,25,1,0,0,0
dfs_nesw,94,0,48,36,203000,25,1,0,0,0
dfs_straight_first,94,0,48,36,203000,25,1,0,0,0
wall_follower,94,4,27,19,111500,22,1,0,0,0
dfs_nesw,94,4,48,36,203000,25,1,0,0,0
dfs_straight_first,94,4,48,34,200000,25,1,0,0,0
wall_follower,94,8,25,15,99500,22,1,0,0,0
dfs_nesw,94,8,48,33,197500,25,1,0,0,0
dfs_straight_first,94,8,48,26,188000,25,1,0,0,0
wall_follower,94,12,17,4,57000,16,1,0,0,0
dfs_nesw,94,12,48,25,184500,25,1,0,0,0
dfs_straight_first,94,12,48,21,178500,25,1,0,0,0
wall_follower,94,16,17,4,57000,16,1,0,0,0
dfs_nesw,94,16,48,17,170500,25,1,0,0,0
dfs_straight_first,94,16,48,17,170500,25,1,0,0,0
wall_follower,95,0,49,30,197000,25,1,0,0,0
dfs_nesw,95,0,48,29,191500,25,1,0,0,0
dfs_straight_first,95,0,48,29,191500,25,1,0,0,0
wall_follower,95,4,25,16,102000,20,1,0,0,0
dfs_nesw,95,4,48,26,188000,25,1,0,0,0
dfs_straight_first,95,4,48,26,188000,25,1,0,0,0
wall_follower,95,8,23,13,90500,19,1,0,0,0
dfs_nesw,95,8,48,25,185500,25,1,0,0,0
dfs_straight_first,95,8,48,23,182500,25,1,0,0,0
wall_follower,95,12,21,9,78500,18,1,0,0,0
dfs_nesw,95,12,48,22,180000,25,1,0,0,0
dfs_straight_first,95,12,48,21,179500,25,1,0,0,0
wall_follower,95,16,17,4,57000,16,1,0,0,0
dfs_nesw,95,16,48,17,170500,25,1,0,0,0
dfs_straight_first,95,16,48,17,170500,25,1,0,0,0
wall_follower,96,0,49,27,192500,25,1,0,0,0
dfs_nesw,96,0,48,26,187000,25,1,0,0,0
dfs_straight_first,96,0,48,26,187000,25,1,0,0,0
wall_follower,96,4,23,9,83500,20,1,0,0,0
dfs_nesw,96,4,48,29,192500,25,1,0,0,0
dfs_straight_first,96,4,48,23,181500,25,1,0,0,0
wall_follower,96,8,17,4,57000,16,1,0,0,0
dfs_nesw,96,8,48,27,187500,25,1,0,0,0
dfs_straight_first,96,8,48,21,178500,25,1,0,0,0
wall_follower,96,12,17,4,57000,16,1,0,0,0
dfs_nesw,96,12,48,23,181500,25,1,0,0,0
dfs_straight_first,96,12,48,19,173500,25,1,0,0,0
wall_follower,96,16,17,4,57000,16,1,0,0,0
dfs_nesw,96,16,48,17,170500,25,1,0,0,0
dfs_straight_first,96,16,48,17,170500,25,1,0,0,0
wall_follower,97,0,49,30,197000,25,1,0,0,0
dfs_nesw,97,0,48,29,191500,25,1,0,0,0
dfs_straight_first,97,0,48,29,191500,25,1,0,0,0
wall_follower,97,4,41,22,159000,25,1,0,0,0
dfs_nesw,97,4,48,30,192000,25,1,0,0,0
dfs_straight_first,97,4,48,27,188500,25,1,0,0,0
wall_follower,97,8,23,10,84000,20,1,0,0,0
dfs_nesw,97,8,48,22,179000,25,1,0,0,0
dfs_straight_first,97,8,48,23,181500,25,1,0,0,0
wall_follower,97,12,23,10,84000,20,1,0,0,0
dfs_nesw,97,12,48,27,187500,25,1,0,0,0
dfs_straight_first,97,12,48,23,181500,25,1,0,0,0
wall_follower,97,16,17,4,57000,16,1,0,0,0
dfs_nesw,97,16,48,17,170500,25,1,0,0,0
dfs_straight_first,97,16,48,17,170500,25,1,0,0,0
wall_follower,98,0,49,31,198500,25,1,0,0,0
dfs_nesw,98,0,48,30,193000,25,1,0,0,0
dfs_straight_first,98,0,48,30,193000,25,1,0,0,0
wall_follower,98,4,29,20,121000,22,1,0,0,0
dfs_nesw,98,4,48,33,198500,25,1,0,0,0
dfs_straight_first,98,4,48,28,190000,25,1,0,0,0
wall_follower,98,8,27,16,109000,21,1,0,0,0
dfs_nesw,98,8,48,33,198500,25,1,0,0,0
dfs_straight_first,98,8,48,26,189000,25,1,0,0,0
wall_follower,98,12,21,8,77000,18,1,0,0,0
dfs_nesw,98,12,48,21,178500,25,1,0,0,0
dfs_straight_first,98,12,48,20,178000,25,1,0,0,0
wall_follower,98,16,17,4,57000,16,1,0,0,0
dfs_nesw,98,16,48,17,170500,25,1,0,0,0
dfs_straight_first,98,16,48,17,170500,25,1,0,0,0
wall_follower,99,0,49,28,194000,25,1,0,0,0
dfs_nesw,99,0,48,27,188500,25,1,0,0,0
dfs_straight_first,99,0,48,27,188500,25,1,0,0,0
wall_follower,99,4,25,13,96500,20,1,0,0,0
dfs_nesw,99,4,48,25,185500,25,1,0,0,0
dfs_straight_first,99,4,48,25,185500,25,1,0,0,0
wall_follower,99,8,19,8,70000,17,1,0,0,0
dfs_nesw,99,8,48,23,182500,25,1,0,0,0
dfs_straight_first,99,8,48,24,183000,25,1,0,0,0
wall_follower,99,12,17,4,57000,16,1,0,0,0
dfs_nesw,99,12,48,21,178500,25,1,0,0,0
dfs_straight_first,99,12,48,21,178500,25,1,0,0,0
wall_follower,99,16,17,4,57000,16,1,0,0,0
dfs_nesw,99,16,48,17,170500,25,1,0,0,0
dfs_straight_first,99,16,48,17,170500,25,1,0,0,0
wall_follower,100,0,49,29,194500,25,1,0,0,0
dfs_nesw,100,0,48,28,189000,25,1,0,0,0
dfs_straight_first,100,0,48,28,189000,25,1,0,0,0
wall_follower,100,4,27,15,105500,22,1,0,0,0
dfs_nesw,100,4,48,27,188500,25,1,0,0,0
dfs_straight_first,100,4,48,26,186000,25,1,0,0,0
wall_follower,100,8,21,12,81000,20,1,0,0,0
dfs_nesw,100,8,48,32,194000,25,1,0,0,0
dfs_straight_first,100,8,48,26,187000,25,1,0,0,0
wall_follower,100,12,19,8,69000,18,1,0,0,0
dfs_nesw,100,12,48,26,185000,25,1,0,0,0
dfs_straight_first,100,12,48,24,182000,25,1,0,0,0
wall_follower,100,16,17,4,57000,16,1,0,0,0
dfs_nesw,100,16,48,17,170500,25,1,0,0,0
dfs_straight_first,100,16,48,17,170500,25,1,0,0,0
wall_follower,101,0,49,35,205500,25,1,0,0,0
dfs_nesw,101,0,48,34,200000,25,1,0,0,0
dfs_straight_first,101,0,48,34,200000,25,1,0,0,0
wall_follower,101,4,39,23,154500,25,1,0,0,0
dfs_nesw,101,4,48,27,189500,25,1,0,0,0
dfs_straight_first,101,4,48,25,186500,25,1,0,0,0
wall_follower,101,8,19,7,68500,17,1,0,0,0
dfs_nesw,101,8,48,28,190000,25,1,0,0,0
dfs_straight_first,101,8,48,23,181500,25,1,0,0,0
wall_follower,101,12,17,4,57000,16,1,0,0,0
dfs_nesw,101,12,48,24,182000,25,1,0,0,0
dfs_straight_first,101,12,48,18,173000,25,1,0,0,0
wall_follower,101,16,17,4,57000,16,1,0,0,0
dfs_nesw,101,16,48,17,170500,25,1,0,0,0
dfs_straight_first,101,16,48,17,170500,25,1,0,0,0
wall_follower,102,0,49,28,193000,25,1,0,0,0
dfs_nesw,102,0,48,27,187500,25,1,0,0,0
dfs_straight_first,102,0,48,27,187500,25,1,0,0,0
wall_follower,102,4,27,10,98000,20,1,0,0,0
dfs_nesw,102,4,48,26,187000,25,1,0,0,0
dfs_straight_first,102,4,48,26,187000,25,1,0,0,0
wall_follower,102,8,19,7,68500,17,1,0,0,0
dfs_nesw,102,8,48,26,187000,25,1,0,0,0
dfs_straight_first,102,8,48,25,184500,25,1,0,0,0
wall_follower,102,12,19,7,68500,17,1,0,0,0
dfs_nesw,102,12,48,21,178500,25,1,0,0,0
dfs_straight_first,102,12,48,19,175500,25,1,0,0,0
wall_follower,102,16,17,4,57000,16,1,0,0,0
dfs_nesw,102,16,48,17,170500,25,1,0,0,0
dfs_straight_first,102,16,48,17,170500,25,1,0,0,0
wall_follower,103,0,49,26,191000,25,1,0,0,0
dfs_nesw,103,0,48,25,185500,25,1,0,0,0
dfs_straight_first,103,0,48,25,185500,25,1,0,0,0
wall_follower,103,4,29,14,111000,21,1,0,0,0
dfs_nesw,103,4,48,31,196500,25,1,0,0,0
dfs_straight_first,103,4,48,25,185500,25,1,0,0,0
wall_follower,103,8,25,12,96000,20,1,0,0,0
dfs_nesw,103,8,48,29,191500,25,1,0,0,0
dfs_straight_first,103,8,48,25,185500,25,1,0,0,0
wall_follower,103,12,21,11,81500,18,1,0,0,0
dfs_nesw,103,12,48,29,191500,25,1,0,0,0
dfs_straight_first,103,12,48,18,174000,25,1,0,0,0
wall_follower,103,16,17,4,57000,16,1,0,0,0
dfs_nesw,103,16,48,17,170500,25,1,0,0,0
dfs_straight_first,103,16,48,17,170500,25,1,0,0,0
wall_follower,104,0,49,33,200500,25,1,0,0,0
dfs_nesw,104,0,48,32,195000,25,1,0,0,0
dfs_straight_first,104,0,48,32,195000,25,1,0,0,0
wall_follower,104,4,23,9,83500,19,1,0,0,0
dfs_nesw,104,4,48,25,184500,25,1,0,0,0
dfs_straight_first,104,4,48,25,184500,25,1,0,0,0
wall_follower,104,8,23,9,83500,19,1,0,0,0
dfs_nesw,104,8,48,25,184500,25,1,0,0,0
dfs_straight_first,104,8,48,21,178500,25,1,0,0,0
wall_follower,104,12,17,4,57000,16,1,0,0,0
dfs_nesw,104,12,48,20,176000,25,1,0,0,0
dfs_straight_first,104,12,48,17,172500,25,1,0,0,0
wall_follower,104,16,17,4,57000,16,1,0,0,0
dfs_nesw,104,16,48,17,170500,25,1,0,0,0
dfs_straight_first,104,16,48,17,170500,25,1,0,0,0
wall_follower,105,0,49,24,187000,25,1,0,0,0
dfs_nesw,105,0,48,23,181500,25,1,0,0,0
dfs_straight_first,105,0,48,23,181500,25,1,0,0,0
wall_follower,105,4,29,14,110000,21,1,0,0,0
dfs_nesw,105,4,48,25,186500,25,1,0,0,0
dfs_straight_first,105,4,48,22,181000,25,1,0,0,0
wall_follower,105,8,21,10,80000,18,1,0,0,0
dfs_nesw,105,8,48,26,187000,25,1,0,0,0
dfs_straight_first,105,8,48,26,187000,25,1,0,0,0
wall_follower,105,12,17,4,57000,16,1,0,0,0
dfs_nesw,105,12,48,18,173000,25,1,0,0,0
dfs_straight_first,105,12,48,20,176000,25,1,0,0,0
wall_follower,105,16,17,4,57000,16,1,0,0,0
dfs_nesw,105,16,48,17,170500,25,1,0,0,0
dfs_straight_first,105,16,48,17,170500,25,1,0,0,0
wall_follower,106,0,49,25,188500,25,1,0,0,0
dfs_nesw,106,0,48,24,183000,25,1,0,0,0
dfs_straight_first,106,0,48,24,183000,25,1,0,0,0
wall_follower,106,4,35,18,135000,23,1,0,0,0
dfs_nesw,106,4,48,24,183000,25,1,0,0,0
dfs_straight_first,106,4,48,24,183000,25,1,0,0,0
wall_follower,106,8,21,8,76000,18,1,0,0,0
dfs_nesw,106,8,48,22,180000,25,1,0,0,0
dfs_straight_first,106,8,48,21,177500,25,1,0,0,0
wall_follower,106,12,19,8,70000,17,1,0,0,0
dfs_nesw,106,12,48,19,174500,25,1,0,0,0
dfs_straight_first,106,12,48,18,172000,25,1,0,0,0
wall_follower,106,16,17,4,57000,16,1,0,0,0
dfs_nesw,106,16,48,17,170500,25,1,0,0,0
dfs_straight_first,106,16,48,17,170500,25,1,0,0,0
wall_follower,107,0,49,35,205500,25,1,0,0,0
dfs_nesw,107,0,48,34,200000,25,1,0,0,0
dfs_straight_first,107,0,48,34,200000,25,1,0,0,0
wall_follower,107,4,27,15,105500,22,1,0,0,0
dfs_nesw,107,4,48,30,192000,25,1,0,0,0
dfs_straight_first,107,4,48,27,188500,25,1,0,0,0
wall_follower,107,8,23,11,87500,19,1,0,0,0
dfs_nesw,107,8,48,29,191500,25,1,0,0,0
dfs_straight_first,107,8,48,25,185500,25,1,0,0,0
wall_follower,107,12,21,11,81500,18,1,0,0,0
dfs_nesw,107,12,48,27,188500,25,1,0,0,0
dfs_straight_first,107,12,48,21,179500,25,1,0,0,0
wall_follower,107,16,17,4,57000,16,1,0,0,0
dfs_nesw,107,16,48,17,170500,25,1,0,0,0
dfs_straight_first,107,16,48,17,170500,25,1,0,0,0
wall_follower,108,0,49,33,200500,25,1,0,0,0
dfs_nesw,108,0,48,32,195000,25,1,0,0,0
dfs_straight_first,108,0,48,32,195000,25,1,0,0,0
wall_follower,108,4,35,22,141000,24,1,0,0,0
dfs_nesw,108,4,48,24,183000,25,1,0,0,0
dfs_straight_first,108,4,48,24,183000,25,1,0,0,0
wall_follower,108,8,27,14,103000,21,1,0,0,0
dfs_nesw,108,8,48,24,183000,25,1,0,0,0
dfs_straight_first,108,8,48,24,183000,25,1,0,0,0
wall_follower,108,12,19,8,70000,17,1,0,0,0
dfs_nesw,108,12,48,24,183000,25,1,0,0,0
dfs_straight_first,108,12,48,22,180000,25,1,0,0,0
wall_follower,108,16,17,4,57000,16,1,0,0,0
dfs_nesw,108,16,48,17,170500,25,1,0,0,0
dfs_straight_first,108,16,48,17,170500,25,1,0,0,0
wall_follower,109,0,49,34,203000,25,1,0,0,0
dfs_nesw,109,0,48,33,197500,25,1,0,0,0
dfs_straight_first,109,0,48,33,197500,25,1,0,0,0
wall_follower,109,4,21,12,82000,19,1,0,0,0
dfs_nesw,109,4,48,32,195000,25,1,0,0,0
dfs_straight_first,109,4,48,29,189500,25,1,0,0,0
wall_follower,109,8,19,8,70000,17,1,0,0,0
dfs_nesw,109,8,48,29,191500,25,1,0,0,0
dfs_straight_first,109,8,48,23,180500,25,1,0,0,0
wall_follower,109,12,19,8,70000,17,1,0,0,0
dfs_nesw,109,12,48,22,180000,25,1,0,0,0
dfs_straight_first,109,12,48,18,172000,25,1,0,0,0
wall_follower,109,16,17,4,57000,16,1,0,0,0
dfs_nesw,109,16,48,17,170500,25,1,0,0,0
dfs_straight_first,109,16,48,17,170500,25,1,0,0,0
wall_follower,110,0,49,29,194500,25,1,0,0,0
dfs_nesw,110,0,48,28,189000,25,1,0,0,0
dfs_straight_first,110,0,48,28,189000,25,1,0,0,0
wall_follower,110,4,35,18,134000,25,1,0,0,0
dfs_nesw,110,4,48,24,184000,25,1,0,0,0
dfs_straight_first,110,4,48,22,181000,25,1,0,0,0
wall_follower,110,8,19,7,68500,17,1,0,0,0
dfs_nesw,110,8,48,24,184000,25,1,0,0,0
dfs_straight_first,110,8,48,18,175000,25,1,0,0,0
wall_follower,110,12,19,7,68500,17,1,0,0,0
dfs_nesw,110,12,48,28,188000,25,1,0,0,0
dfs_straight_first,110,12,48,16,170000,25,1,0,0,0
wall_follower,110,16,17,4,57000,16,1,0,0,0
dfs_nesw,110,16,48,17,170500,25,1,0,0,0
dfs_straight_first,110,16,48,17,170500,25,1,0,0,0
wall_follower,111,0,49,26,190000,25,1,0,0,0
dfs_nesw,111,0,48,25,184500,25,1,0,0,0
dfs_straight_first,111,0,48,25,184500,25,1,0,0,0
wall_follower,111,4,23,10,86000,19,1,0,0,0
dfs_nesw,111,4,48,29,192500,25,1,0,0,0
dfs_straight_first,111,4,48,25,186500,25,1,0,0,0
wall_follower,111,8,21,10,80000,18,1,0,0,0
dfs_nesw,111,8,48,31,195500,25,1,0,0,0
dfs_straight_first,111,8,48,27,189500,25,1,0,0,0
wall_follower,111,12,19,7,68500,17,1,0,0,0
dfs_nesw,111,12,48,26,185000,25,1,0,0,0
dfs_straight_first,111,12,48,19,175500,25,1,0,0,0
wall_follower,111,16,17,4,57000,16,1,0,0,0
dfs_nesw,111,16,48,17,170500,25,1,0,0,0
dfs_straight_first,111,16,48,17,170500,25,1,0,0,0
wall_follower,112,0,49,33,201500,25,1,0,0,0
dfs_nesw,112,0,48,32,196000,25,1,0,0,0
dfs_straight_first,112,0,48,32,196000,25,1,0,0,0
wall_follower,112,4,39,25,157500,25,1,0,0,0
dfs_nesw,112,4,48,32,196000,25,1,0,0,0
dfs_straight_first,112,4,48,29,190500,25,1,0,0,0
wall_follower,112,8,25,14,98000,21,1,0,0,0
dfs_nesw,112,8,48,28,188000,25,1,0,0,0
dfs_straight_first,112,8,48,21,178500,25,1,0,0,0
wall_follower,112,12,21,10,80000,18,1,0,0,0
dfs_nesw,112,12,48,26,185000,25,1,0,0,0
dfs_straight_first,112,12,48,19,175500,25,1,0,0,0
wall_follower,112,16,17,4,57000,16,1,0,0,0
dfs_nesw,112,16,48,17,170500,25,1,0,0,0
dfs_straight_first,112,16,48,17,170500,25,1,0,0,0
wall_follower,113,0,49,24,186000,25,1,0,0,0
dfs_nesw,113,0,48,23,180500,25,1,0,0,0
dfs_straight_first,113,0,48,23,180500,25,1,0,0,0
wall_follower,113,4,31,13,114500,22,1,0,0,0
dfs_nesw,113,4,48,21,177500,25,1,0,0,0
dfs_straight_first,113,4,48,20,177000,25,1,0,0,0
wall_follower,113,8,27,10,97000,20,1,0,0,0
dfs_nesw,113,8,48,23,180500,25,1,0,0,0
dfs_straight_first,113,8,48,18,172000,25,1,0,0,0
wall_follower,113,12,19,8,70000,17,1,0,0,0
dfs_nesw,113,12,48,19,174500,25,1,0,0,0
dfs_straight_first,113,12,48,18,172000,25,1,0,0,0
wall_follower,113,16,17,4,57000,16,1,0,0,0
dfs_nesw,113,16,48,17,170500,25,1,0,0,0
dfs_straight_first,113,16,48,17,170500,25,1,0,0,0
wall_follower,114,0,49,31,198500,25,1,0,0,0
dfs_nesw,114,0,48,30,193000,25,1,0,0,0
dfs_straight_first,114,0,48,30,193000,25,1,0,0,0
wall_follower,114,4,41,24,161000,25,1,0,0,0
dfs_nesw,114,4,48,34,199000,25,1,0,0,0
dfs_straight_first,114,4,48,27,187500,25,1,0,0,0
wall_follower,114,8,19,8,69000,18,1,0,0,0
dfs_nesw,114,8,48,28,188000,25,1,0,0,0
dfs_straight_first,114,8,48,25,184500,25,1,0,0,0
wall_follower,114,12,19,8,69000,18,1,0,0,0
dfs_nesw,114,12,48,26,185000,25,1,0,0,0
dfs_straight_first,114,12,48,23,181500,25,1,0,0,0
wall_follower,114,16,17,4,57000,16,1,0,0,0
dfs_nesw,114,16,48,17,170500,25,1,0,0,0
dfs_straight_first,114,16,48,17,170500,25,1,0,0,0
wall_follower,115,0,49,30,197000,25,1,0,0,0
dfs_nesw,115,0,48,29,191500,25,1,0,0,0
dfs_straight_first,115,0,48,29,191500,25,1,0,0,0
wall_follower,115,4,23,16,94000,20,1,0,0,0
dfs_nesw,115,4,48,29,191500,25,1,0,0,0
dfs_straight_first,115,4,48,30,192000,25,1,0,0,0
wall_follower,115,8,21,12,82000,19,1,0,0,0
dfs_nesw,115,8,48,32,195000,25,1,0,0,0
dfs_straight_first,115,8,48,24,183000,25,1,0,0,0
wall_follower,115,12,19,8,69000,18,1,0,0,0
dfs_nesw,115,12,48,29,188500,25,1,0,0,0
dfs_straight_first,115,12,48,20,176000,25,1,0,0,0
wall_follower,115,16,17,4,57000,16,1,0,0,0
dfs_nesw,115,16,48,17,170500,25,1,0,0,0
dfs_straight_first,115,16,48,17,170500,25,1,0,0,0
wall_follower,116,0,49,26,190000,25,1,0,0,0
dfs_nesw,116,0,48,25,184500,25,1,0,0,0
dfs_straight_first,116,0,48,25,184500,25,1,0,0,0
wall_follower,116,4,31,17,119500,24,1,0,0,0
dfs_nesw,116,4,48,31,193500,25,1,0,0,0
dfs_straight_first,116,4,48,25,184500,25,1,0,0,0
wall_follower,116,8,21,11,80500,19,1,0,0,0
dfs_nesw,116,8,48,27,187500,25,1,0,0,0
dfs_straight_first,116,8,48,21,178500,25,1,0,0,0
wall_follower,116,12,19,7,68500,17,1,0,0,0
dfs_nesw,116,12,48,28,188000,25,1,0,0,0
dfs_straight_first,116,12,48,19,175500,25,1,0,0,0
wall_follower,116,16,17,4,57000,16,1,0,0,0
dfs_nesw,116,16,48,17,170500,25,1,0,0,0
dfs_straight_first,116,16,48,17,170500,25,1,0,0,0
wall_follower,117,0,49,22,184000,25,1,0,0,0
dfs_nesw,117,0,48,21,178500,25,1,0,0,0
dfs_straight_first,117,0,48,21,178500,25,1,0,0,0
wall_follower,117,4,29,15,112500,23,1,0,0,0
dfs_nesw,117,4,48,23,181500,25,1,0,0,0
dfs_straight_first,117,4,48,17,172500,25,1,0,0,0
wall_follower,117,8,21,8,75000,20,1,0,0,0
dfs_nesw,117,8,48,31,193500,25,1,0,0,0
dfs_straight_first,117,8,48,19,175500,25,1,0,0,0
wall_follower,117,12,19,8,69000,18,1,0,0,0
dfs_nesw,117,12,48,25,184500,25,1,0,0,0
dfs_straight_first,117,12,48,19,175500,25,1,0,0,0
wall_follower,117,16,17,4,57000,16,1,0,0,0
dfs_nesw,117,16,48,17,170500,25,1,0,0,0
dfs_straight_first,117,16,48,17,170500,25,1,0,0,0
wall_follower,118,0,49,26,189000,25,1,0,0,0
dfs_nesw,118,0,48,25,183500,25,1,0,0,0
dfs_straight_first,118,0,48,25,183500,25,1,0,0,0
wall_follower,118,4,37,20,144000,25,1,0,0,0
dfs_nesw,118,4,48,30,194000,25,1,0,0,0
dfs_straight_first,118,4,48,25,183500,25,1,0,0,0
wall_follower,118,8,21,9,77500,18,1,0,0,0
dfs_nesw,118,8,48,26,187000,25,1,0,0,0
dfs_straight_first,118,8,48,24,184000,25,1,0,0,0
wall_follower,118,12,17,4,57000,16,1,0,0,0
dfs_nesw,118,12,48,22,179000,25,1,0,0,0
dfs_straight_first,118,12,48,18,173000,25,1,0,0,0
wall_follower,118,16,17,4,57000,16,1,0,0,0
dfs_nesw,118,16,48,17,170500,25,1,0,0,0
dfs_straight_first,118,16,48,17,170500,25,1,0,0,0
wall_follower,119,0,49,31,198500,25,1,0,0,0
dfs_nesw,119,0,48,30,193000,25,1,0,0,0
dfs_straight_first,119,0,48,30,193000,25,1,0,0,0
wall_follower,119,4,37,21,145500,25,1,0,0,0
dfs_nesw,119,4,48,30,193000,25,1,0,0,0
dfs_straight_first,119,4,48,28,190000,25,1,0,0,0
wall_follower,119,8,23,11,86500,20,1,0,0,0
dfs_nesw,119,8,48,30,193000,25,1,0,0,0
dfs_straight_first,119,8,48,25,184500,25,1,0,0,0
wall_follower,119,12,21,11,80500,19,1,0,0,0
dfs_nesw,119,12,48,29,190500,25,1,0,0,0
dfs_straight_first,119,12,48,22,181000,25,1,0,0,0
wall_follower,119,16,17,4,57000,16,1,0,0,0
dfs_nesw,119,16,48,17,170500,25,1,0,0,0
dfs_straight_first,119,16,48,17,170500,25,1,0,0,0
wall_follower,120,0,49,33,202500,25,1,0,0,0
dfs_nesw,120,0,48,32,197000,25,1,0,0,0
dfs_straight_first,120,0,48,32,197000,25,1,0,0,0
wall_follower,120,4,27,18,111000,21,1,0,0,0
dfs_nesw,120,4,48,28,191000,25,1,0,0,0
dfs_straight_first,120,4,48,31,196500,25,1,0,0,0
wall_follower,120,8,27,18,111000,21,1,0,0,0
dfs_nesw,120,8,48,28,191000,25,1,0,0,0
dfs_straight_first,120,8,48,27,190500,25,1,0,0,0
wall_follower,120,12,19,8,70000,17,1,0,0,0
dfs_nesw,120,12,48,22,182000,25,1,0,0,0
dfs_straight_first,120,12,48,22,180000,25,1,0,0,0
wall_follower,120,16,17,4,57000,16,1,0,0,0
dfs_nesw,120,16,48,17,170500,25,1,0,0,0
dfs_straight_first,120,16,48,17,170500,25,1,0,0,0
wall_follower,121,0,49,32,199000,25,1,0,0,0
dfs_nesw,121,0,48,31,193500,25,1,0,0,0
dfs_straight_first,121,0,48,31,193500,25,1,0,0,0
wall_follower,121,4,33,23,134500,24,1,0,0,0
dfs_nesw,121,4,48,33,198500,25,1,0,0,0
dfs_straight_first,121,4,48,28,190000,25,1,0,0,0
wall_follower,121,8,29,20,117000,24,1,0,0,0
dfs_nesw,121,8,48,37,204500,25,1,0,0,0
dfs_straight_first,121,8,48,28,190000,25,1,0,0,0
wall_follower,121,12,23,16,93000,21,1,0,0,0
dfs_nesw,121,12,48,33,196500,25,1,0,0,0
dfs_straight_first,121,12,48,29,192500,25,1,0,0,0
wall_follower,121,16,17,4,57000,16,1,0,0,0
dfs_nesw,121,16,48,17,170500,25,1,0,0,0
dfs_straight_first,121,16,48,17,170500,25,1,0,0,0
wall_follower,122,0,49,28,194000,25,1,0,0,0
dfs_nesw,122,0,48,27,188500,25,1,0,0,0
dfs_straight_first,122,0,48,27,188500,25,1,0,0,0
wall_follower,122,4,25,15,99500,21,1,0,0,0
dfs_nesw,122,4,48,31,194500,25,1,0,0,0
dfs_straight_first,122,4,48,27,188500,25,1,0,0,0
wall_follower,122,8,23,12,88000,20,1,0,0,0
dfs_nesw,122,8,48,33,199500,25,1,0,0,0
dfs_straight_first,122,8,48,26,186000,25,1,0,0,0
wall_follower,122,12,17,4,57000,16,1,0,0,0
dfs_nesw,122,12,48,23,181500,25,1,0,0,0
dfs_straight_first,122,12,48,21,180500,25,1,0,0,0
wall_follower,122,16,17,4,57000,16,1,0,0,0
dfs_nesw,122,16,48,17,170500,25,1,0,0,0
dfs_straight_first,122,16,48,17,170500,25,1,0,0,0
wall_follower,123,0,49,31,196500,25,1,0,0,0
dfs_nesw,123,0,48,30,191000,25,1,0,0,0
dfs_straight_first,123,0,48,30,191000,25,1,0,0,0
wall_follower,123,4,33,22,134000,25,1,0,0,0
dfs_nesw,123,4,48,30,191000,25,1,0,0,0
dfs_straight_first,123,4,48,29,190500,25,1,0,0,0
wall_follower,123,8,21,11,80500,19,1,0,0,0
dfs_nesw,123,8,48,27,187500,25,1,0,0,0
dfs_straight_first,123,8,48,27,187500,25,1,0,0,0
wall_follower,123,12,19,8,69000,18,1,0,0,0
dfs_nesw,123,12,48,27,187500,25,1,0,0,0
dfs_straight_first,123,12,48,18,173000,25,1,0,0,0
wall_follower,123,16,17,4,57000,16,1,0,0,0
dfs_nesw,123,16,48,17,170500,25,1,0,0,0
dfs_straight_first,123,16,48,17,170500,25,1,0,0,0
wall_follower,124,0,49,33,200500,25,1,0,0,0
dfs_nesw,124,0,48,32,195000,25,1,0,0,0
dfs_straight_first,124,0,48,32,195000,25,1,0,0,0
wall_follower,124,4,23,12,88000,21,1,0,0,0
dfs_nesw,124,4,48,29,191500,25,1,0,0,0
dfs_straight_first,124,4,48,22,180000,25,1,0,0,0
wall_follower,124,8,21,12,82000,19,1,0,0,0
dfs_nesw,124,8,48,34,200000,25,1,0,0,0
dfs_straight_first,124,8,48,20,177000,25,1,0,0,0
wall_follower,124,12,19,8,70000,17,1,0,0,0
dfs_nesw,124,12,48,24,183000,25,1,0,0,0
dfs_straight_first,124,12,48,18,172000,25,1,0,0,0
wall_follower,124,16,17,4,57000,16,1,0,0,0
dfs_nesw,124,16,48,17,170500,25,1,0,0,0
dfs_straight_first,124,16,48,17,170500,25,1,0,0,0
wall_follower,125,0,49,30,196000,25,1,0,0,0
dfs_nesw,125,0,48,29,190500,25,1,0,0,0
dfs_straight_first,125,0,48,29,190500,25,1,0,0,0
wall_follower,125,4,19,7,68500,17,1,0,0,0
dfs_nesw,125,4,48,23,181500,25,1,0,0,0
dfs_straight_first,125,4,48,22,179000,25,1,0,0,0
wall_follower,125,8,17,4,57000,16,1,0,0,0
dfs_nesw,125,8,48,25,184500,25,1,0,0,0
dfs_straight_first,125,8,48,22,179000,25,1,0,0,0
wall_follower,125,12,17,4,57000,16,1,0,0,0
dfs_nesw,125,12,48,25,184500,25,1,0,0,0
dfs_straight_first,125,12,48,22,179000,25,1,0,0,0
wall_follower,125,16,17,4,57000,16,1,0,0,0
dfs_nesw,125,16,48,17,170500,25,1,0,0,0
dfs_straight_first,125,16,48,17,170500,25,1,0,0,0
wall_follower,126,0,49,33,201500,25,1,0,0,0
dfs_nesw,126,0,48,32,196000,25,1,0,0,0
dfs_straight_first,126,0,48,32,196000,25,1,0,0,0
wall_follower,126,4,29,17,115500,23,1,0,0,0
dfs_nesw,126,4,48,31,195500,25,1,0,0,0
dfs_straight_first,126,4,48,28,190000,25,1,0,0,0
wall_follower,126,8,19,7,68500,17,1,0,0,0
dfs_nesw,126,8,48,19,175500,25,1,0,0,0
dfs_straight_first,126,8,48,20,176000,25,1,0,0,0
wall_follower,126,12,17,4,57000,16,1,0,0,0
dfs_nesw,126,12,48,18,173000,25,1,0,0,0
dfs_straight_first,126,12,48,20,176000,25,1,0,0,0
wall_follower,126,16,17,4,57000,16,1,0,0,0
dfs_nesw,126,16,48,17,170500,25,1,0,0,0
dfs_straight_first,126,16,48,17,170500,25,1,0,0,0
wall_follower,127,0,49,26,189000,25,1,0,0,0
dfs_nesw,127,0,48,25,183500,25,1,0,0,0
dfs_straight_first,127,0,48,25,183500,25,1,0,0,0
wall_follower,127,4,35,17,132500,25,1,0,0,0
dfs_nesw,127,4,48,24,183000,25,1,0,0,0
dfs_straight_first,127,4,48,22,180000,25,1,0,0,0
wall_follower,127,8,27,14,103000,23,1,0,0,0
dfs_nesw,127,8,48,25,183500,25,1,0,0,0
dfs_straight_first,127,8,48,22,180000,25,1,0,0,0
wall_follower,127,12,21,8,76000,18,1,0,0,0
dfs_nesw,127,12,48,22,180000,25,1,0,0,0
dfs_straight_first,127,12,48,18,172000,25,1,0,0,0
wall_follower,127,16,17,4,57000,16,1,0,0,0
dfs_nesw,127,16,48,17,170500,25,1,0,0,0
dfs_straight_first,127,16,48,17,170500,25,1,0,0,0
wall_follower,128,0,49,30,195000,25,1,0,0,0
dfs_nesw,128,0,48,29,189500,25,1,0,0,0
dfs_straight_first,128,0,48,29,189500,25,1,0,0,0
wall_follower,128,4,25,14,97000,23,1,0,0,0
dfs_nesw,128,4,48,31,192500,25,1,0,0,0
dfs_straight_first,128,4,48,25,183500,25,1,0,0,0
wall_follower,128,8,19,8,69000,18,1,0,0,0
dfs_nesw,128,8,48,27,187500,25,1,0,0,0
dfs_straight_first,128,8,48,22,179000,25,1,0,0,0
wall_follower,128,12,17,4,57000,16,1,0,0,0
dfs_nesw,128,12,48,22,179000,25,1,0,0,0
dfs_straight_first,128,12,48,18,173000,25,1,0,0,0
wall_follower,128,16,17,4,57000,16,1,0,0,0
dfs_nesw,128,16,48,17,170500,25,1,0,0,0
dfs_straight_first,128,16,48,17,170500,25,1,0,0,0
wall_follower,129,0,49,30,196000,25,1,0,0,0
dfs_nesw,129,0,48,29,190500,25,1,0,0,0
dfs_straight_first,129,0,48,29,190500,25,1,0,0,0
wall_follower,129,4,17,4,57000,16,1,0,0,0
dfs_nesw,129,4,48,23,183500,25,1,0,0,0
dfs_straight_first,129,4,48,23,183500,25,1,0,0,0
wall_follower,129,8,17,4,57000,16,1,0,0,0
dfs_nesw,129,8,48,22,179000,25,1,0,0,0
dfs_straight_first,129,8,48,20,178000,25,1,0,0,0
wall_follower,129,12,17,4,57000,16,1,0,0,0
dfs_nesw,129,12,48,22,179000,25,1,0,0,0
dfs_straight_first,129,12,48,19,175500,25,1,0,0,0
wall_follower,129,16,17,4,57000,16,1,0,0,0
dfs_nesw,129,16,48,17,170500,25,1,0,0,0
dfs_straight_first,129,16,48,17,170500,25,1,0,0,0
wall_follower,130,0,49,32,200000,25,1,0,0,0
dfs_nesw,130,0,48,31,194500,25,1,0,0,0
dfs_straight_first,130,0,48,31,194500,25,1,0,0,0
wall_follower,130,4,33,20,132000,24,1,0,0,0
dfs_nesw,130,4,48,31,194500,25,1,0,0,0
dfs_straight_first,130,4,48,28,191000,25,1,0,0,0
wall_follower,130,8,29,18,117000,22,1,0,0,0
dfs_nesw,130,8,48,30,194000,25,1,0,0,0
dfs_straight_first,130,8,48,24,185000,25,1,0,0,0
wall_follower,130,12,19,7,68500,17,1,0,0,0
dfs_nesw,130,12,48,25,184500,25,1,0,0,0
dfs_straight_first,130,12,48,19,175500,25,1,0,0,0
wall_follower,130,16,17,4,57000,16,1,0,0,0
dfs_nesw,130,16,48,17,170500,25,1,0,0,0
dfs_straight_first,130,16,48,17,170500,25,1,0,0,0
wall_follower,131,0,49,32,200000,25,1,0,0,0
dfs_nesw,131,0,48,31,194500,25,1,0,0,0
dfs_straight_first,131,0,48,31,194500,25,1,0,0,0
wall_follower,131,4,35,18,134000,25,1,0,0,0
dfs_nesw,131,4,48,21,178500,25,1,0,0,0
dfs_straight_first,131,4,48,21,178500,25,1,0,0,0
wall_follower,131,8,17,4,57000,16,1,0,0,0
dfs_nesw,131,8,48,23,181500,25,1,0,0,0
dfs_straight_first,131,8,48,19,175500,25,1,0,0,0
wall_follower,131,12,17,4,57000,16,1,0,0,0
dfs_nesw,131,12,48,22,179000,25,1,0,0,0
dfs_straight_first,131,12,48,19,173500,25,1,0,0,0
wall_follower,131,16,17,4,57000,16,1,0,0,0
dfs_nesw,131,16,48,17,170500,25,1,0,0,0
dfs_straight_first,131,16,48,17,170500,25,1,0,0,0
wall_follower,132,0,49,22,184000,25,1,0,0,0
dfs_nesw,132,0,48,21,178500,25,1,0,0,0
dfs_straight_first,132,0,48,21,178500,25,1,0,0,0
wall_follower,132,4,33,21,133500,23,1,0,0,0
dfs_nesw,132,4,48,30,195000,25,1,0,0,0
dfs_straight_first,132,4,48,21,178500,25,1,0,0,0
wall_follower,132,8,27,14,104000,23,1,0,0,0
dfs_nesw,132,8,48,25,184500,25,1,0,0,0
dfs_straight_first,132,8,48,22,179000,25,1,0,0,0
wall_follower,132,12,23,11,86500,20,1,0,0,0
dfs_nesw,132,12,48,28,188000,25,1,0,0,0
dfs_straight_first,132,12,48,22,179000,25,1,0,0,0
wall_follower,132,16,17,4,57000,16,1,0,0,0
dfs_nesw,132,16,48,17,170500,25,1,0,0,0
dfs_straight_first,132,16,48,17,170500,25,1,0,0,0
wall_follower,133,0,49,28,192000,25,1,0,0,0
dfs_nesw,133,0,48,27,186500,25,1,0,0,0
dfs_straight_first,133,0,48,27,186500,25,1,0,0,0
wall_follower,133,4,33,17,126500,24,1,0,0,0
dfs_nesw,133,4,48,24,183000,25,1,0,0,0
dfs_straight_first,133,4,48,23,182500,25,1,0,0,0
wall_follower,133,8,25,13,96500,21,1,0,0,0
dfs_nesw,133,8,48,24,183000,25,1,0,0,0
dfs_straight_first,133,8,48,25,185500,25,1,0,0,0
wall_follower,133,12,19,8,69000,18,1,0,0,0
dfs_nesw,133,12,48,21,176500,25,1,0,0,0
dfs_straight_first,133,12,48,21,178500,25,1,0,0,0
wall_follower,133,16,17,4,57000,16,1,0,0,0
dfs_nesw,133,16,48,17,170500,25,1,0,0,0
dfs_straight_first,133,16,48,17,170500,25,1,0,0,0
wall_follower,134,0,49,33,202500,25,1,0,0,0
dfs_nesw,134,0,48,32,197000,25,1,0,0,0
dfs_straight_first,134,0,48,32,197000,25,1,0,0,0
wall_follower,134,4,21,10,80000,18,1,0,0,0
dfs_nesw,134,4,48,31,195500,25,1,0,0,0
dfs_straight_first,134,4,48,29,192500,25,1,0,0,0
wall_follower,134,8,19,7,68500,17,1,0,0,0
dfs_nesw,134,8,48,27,189500,25,1,0,0,0
dfs_straight_first,134,8,48,25,186500,25,1,0,0,0
wall_follower,134,12,19,7,68500,17,1,0,0,0
dfs_nesw,134,12,48,23,181500,25,1,0,0,0
dfs_straight_first,134,12,48,20,178000,25,1,0,0,0
wall_follower,134,16,17,4,57000,16,1,0,0,0
dfs_nesw,134,16,48,17,170500,25,1,0,0,0
dfs_straight_first,134,16,48,17,170500,25,1,0,0,0
wall_follower,135,0,49,35,203500,25,1,0,0,0
dfs_nesw,135,0,48,34,198000,25,1,0,0,0
dfs_straight_first,135,0,48,34,198000,25,1,0,0,0
wall_follower,135,4,33,24,138000,25,1,0,0,0
dfs_nesw,135,4,48,31,194500,25,1,0,0,0
dfs_straight_first,135,4,48,30,192000,25,1,0,0,0
wall_follower,135,8,17,4,57000,16,1,0,0,0
dfs_nesw,135,8,48,21,178500,25,1,0,0,0
dfs_straight_first,135,8,48,19,175500,25,1,0,0,0
wall_follower,135,12,17,4,57000,16,1,0,0,0
dfs_nesw,135,12,48,24,182000,25,1,0,0,0
dfs_straight_first,135,12,48,18,173000,25,1,0,0,0
wall_follower,135,16,17,4,57000,16,1,0,0,0
dfs_nesw,135,16,48,17,170500,25,1,0,0,0
dfs_straight_first,135,16,48,17,170500,25,1,0,0,0
wall_follower,136,0,49,31,198500,25,1,0,0,0
dfs_nesw,136,0,48,30,193000,25,1,0,0,0
dfs_straight_first,136,0,48,30,193000,25,1,0,0,0
wall_follower,136,4,35,21,139500,25,1,0,0,0
dfs_nesw,136,4,48,29,192500,25,1,0,0,0
dfs_straight_first,136,4,48,29,192500,25,1,0,0,0
wall_follower,136,8,21,9,77500,19,1,0,0,0
dfs_nesw,136,8,48,27,189500,25,1,0,0,0
dfs_straight_first,136,8,48,27,189500,25,1,0,0,0
wall_follower,136,12,21,9,77500,19,1,0,0,0
dfs_nesw,136,12,48,27,187500,25,1,0,0,0
dfs_straight_first,136,12,48,24,184000,25,1,0,0,0
wall_follower,136,16,17,4,57000,16,1,0,0,0
dfs_nesw,136,16,48,17,170500,25,1,0,0,0
dfs_straight_first,136,16,48,17,170500,25,1,0,0,0
wall_follower,137,0,49,34,203000,25,1,0,0,0
dfs_nesw,137,0,48,33,197500,25,1,0,0,0
dfs_straight_first,137,0,48,33,197500,25,1,0,0,0
wall_follower,137,4,31,18,123000,23,1,0,0,0
dfs_nesw,137,4,48,37,203500,25,1,0,0,0
dfs_straight_first,137,4,48,24,183000,25,1,0,0,0
wall_follower,137,8,23,9,84500,19,1,0,0,0
dfs_nesw,137,8,48,26,186000,25,1,0,0,0
dfs_straight_first,137,8,48,24,183000,25,1,0,0,0
wall_follower,137,12,17,4,57000,16,1,0,0,0
dfs_nesw,137,12,48,24,182000,25,1,0,0,0
dfs_straight_first,137,12,48,18,173000,25,1,0,0,0
wall_follower,137,16,17,4,57000,16,1,0,0,0
dfs_nesw,137,16,48,17,170500,25,1,0,0,0
dfs_straight_first,137,16,48,17,170500,25,1,0,0,0
wall_follower,138,0,49,24,186000,25,1,0,0,0
dfs_nesw,138,0,48,23,180500,25,1,0,0,0
dfs_straight_first,138,0,48,23,180500,25,1,0,0,0
wall_follower,138,4,21,11,81500,18,1,0,0,0
dfs_nesw,138,4,48,28,191000,25,1,0,0,0
dfs_straight_first,138,4,48,20,177000,25,1,0,0,0
wall_follower,138,8,19,7,68500,17,1,0,0,0
dfs_nesw,138,8,48,26,187000,25,1,0,0,0
dfs_straight_first,138,8,48,22,181000,25,1,0,0,0
wall_follower,138,12,17,4,57000,16,1,0,0,0
dfs_nesw,138,12,48,23,181500,25,1,0,0,0
dfs_straight_first,138,12,48,19,175500,25,1,0,0,0
wall_follower,138,16,17,4,57000,16,1,0,0,0
dfs_nesw,138,16,48,17,170500,25,1,0,0,0
dfs_straight_first,138,16,48,17,170500,25,1,0,0,0
wall_follower,139,0,49,27,190500,25,1,0,0,0
dfs_nesw,139,0,48,26,185000,25,1,0,0,0
dfs_straight_first,139,0,48,26,185000,25,1,0,0,0
wall_follower,139,4,19,8,69000,18,1,0,0,0
dfs_nesw,139,4,48,25,184500,25,1,0,0,0
dfs_straight_first,139,4,48,25,184500,25,1,0,0,0
wall_follower,139,8,17,4,57000,16,1,0,0,0
dfs_nesw,139,8,48,19,175500,25,1,0,0,0
dfs_straight_first,139,8,48,19,175500,25,1,0,0,0
wall_follower,139,12,17,4,57000,16,1,0,0,0
dfs_nesw,139,12,48,18,173000,25,1,0,0,0
dfs_straight_first,139,12,48,18,173000,25,1,0,0,0
wall_follower,139,16,17,4,57000,16,1,0,0,0
dfs_nesw,139,16,48,17,170500,25,1,0,0,0
dfs_straight_first,139,16,48,17,170500,25,1,0,0,0
wall_follower,140,0,49,38,209000,25,1,0,0,0
dfs_nesw,140,0,48,37,203500,25,1,0,0,0
dfs_straight_first,140,0,48,37,203500,25,1,0,0,0
wall_follower,140,4,29,17,115500,23,1,0,0,0
dfs_nesw,140,4,48,29,192500,25,1,0,0,0
dfs_straight_first,140,4,48,29,192500,25,1,0,0,0
wall_follower,140,8,25,14,98000,21,1,0,0,0
dfs_nesw,140,8,48,25,186500,25,1,0,0,0
dfs_straight_first,140,8,48,25,186500,25,1,0,0,0
wall_follower,140,12,17,4,57000,16,1,0,0,0
dfs_nesw,140,12,48,20,176000,25,1,0,0,0
dfs_straight_first,140,12,48,18,173000,25,1,0,0,0
wall_follower,140,16,17,4,57000,16,1,0,0,0
dfs_nesw,140,16,48,17,170500,25,1,0,0,0
dfs_straight_first,140,16,48,17,170500,25,1,0,0,0
wall_follower,141,0,49,20,180000,25,1,0,0,0
dfs_nesw,141,0,48,19,174500,25,1,0,0,0
dfs_straight_first,141,0,48,19,174500,25,1,0,0,0
wall_follower,141,4,29,11,104500,23,1,0,0,0
dfs_nesw,141,4,48,23,181500,25,1,0,0,0
dfs_straight_first,141,4,48,21,178500,25,1,0,0,0
wall_follower,141,8,25,7,86500,19,1,0,0,0
dfs_nesw,141,8,48,16,170000,25,1,0,0,0
dfs_straight_first,141,8,48,16,170000,25,1,0,0,0
wall_follower,141,12,19,7,68500,17,1,0,0,0
dfs_nesw,141,12,48,19,175500,25,1,0,0,0
dfs_straight_first,141,12,48,22,179000,25,1,0,0,0
wall_follower,141,16,17,4,57000,16,1,0,0,0
dfs_nesw,141,16,48,17,170500,25,1,0,0,0
dfs_straight_first,141,16,48,17,170500,25,1,0,0,0
wall_follower,142,0,49,31,197500,25,1,0,0,0
dfs_nesw,142,0,48,30,192000,25,1,0,0,0
dfs_straight_first,142,0,48,30,192000,25,1,0,0,0
wall_follower,142,4,27,15,105500,21,1,0,0,0
dfs_nesw,142,4,48,28,189000,25,1,0,0,0
dfs_straight_first,142,4,48,25,183500,25,1,0,0,0
wall_follower,142,8,25,13,96500,19,1,0,0,0
dfs_nesw,142,8,48,30,192000,25,1,0,0,0
dfs_straight_first,142,8,48,25,183500,25,1,0,0,0
wall_follower,142,12,21,8,76000,18,1,0,0,0
dfs_nesw,142,12,48,22,180000,25,1,0,0,0
dfs_straight_first,142,12,48,18,172000,25,1,0,0,0
wall_follower,142,16,17,4,57000,16,1,0,0,0
dfs_nesw,142,16,48,17,170500,25,1,0,0,0
dfs_straight_first,142,16,48,17,170500,25,1,0,0,0
wall_follower,143,0,49,35,203500,25,1,0,0,0
dfs_nesw,143,0,48,34,198000,25,1,0,0,0
dfs_straight_first,143,0,48,34,198000,25,1,0,0,0
wall_follower,143,4,41,26,165000,25,1,0,0,0
dfs_nesw,143,4,48,32,195000,25,1,0,0,0
dfs_straight_first,143,4,48,29,191500,25,1,0,0,0
wall_follower,143,8,17,4,57000,16,1,0,0,0
dfs_nesw,143,8,48,26,185000,25,1,0,0,0
dfs_straight_first,143,8,48,23,181500,25,1,0,0,0
wall_follower,143,12,17,4,57000,16,1,0,0,0
dfs_nesw,143,12,48,22,179000,25,1,0,0,0
dfs_straight_first,143,12,48,19,173500,25,1,0,0,0
wall_follower,143,16,17,4,57000,16,1,0,0,0
dfs_nesw,143,16,48,17,170500,25,1,0,0,0
dfs_straight_first,143,16,48,17,170500,25,1,0,0,0
wall_follower,144,0,49,27,191500,25,1,0,0,0
dfs_nesw,144,0,48,26,186000,25,1,0,0,0
dfs_straight_first,144,0,48,26,186000,25,1,0,0,0
wall_follower,144,4,41,21,156500,25,1,0,0,0
dfs_nesw,144,4,48,26,186000,25,1,0,0,0
dfs_straight_first,144,4,48,26,186000,25,1,0,0,0
wall_follower,144,8,23,12,88000,21,1,0,0,0
dfs_nesw,144,8,48,27,186500,25,1,0,0,0
dfs_straight_first,144,8,48,23,180500,25,1,0,0,0
wall_follower,144,12,19,8,69000,18,1,0,0,0
dfs_nesw,144,12,48,21,176500,25,1,0,0,0
dfs_straight_first,144,12,48,19,173500,25,1,0,0,0
wall_follower,144,16,17,4,57000,16,1,0,0,0
dfs_nesw,144,16,48,17,170500,25,1,0,0,0
dfs_straight_first,144,16,48,17,170500,25,1,0,0,0
wall_follower,145,0,49,26,190000,25,1,0,0,0
dfs_nesw,145,0,48,25,184500,25,1,0,0,0
dfs_straight_first,145,0,48,25,184500,25,1,0,0,0
wall_follower,145,4,37,21,145500,25,1,0,0,0
dfs_nesw,145,4,48,30,193000,25,1,0,0,0
dfs_straight_first,145,4,48,25,184500,25,1,0,0,0
wall_follower,145,8,23,15,92500,20,1,0,0,0
dfs_nesw,145,8,48,33,196500,25,1,0,0,0
dfs_straight_first,145,8,48,23,181500,25,1,0,0,0
wall_follower,145,12,19,7,68500,17,1,0,0,0
dfs_nesw,145,12,48,21,176500,25,1,0,0,0
dfs_straight_first,145,12,48,17,170500,25,1,0,0,0
wall_follower,145,16,17,4,57000,16,1,0,0,0
dfs_nesw,145,16,48,17,170500,25,1,0,0,0
dfs_straight_first,145,16,48,17,170500,25,1,0,0,0
wall_follower,146,0,49,30,196000,25,1,0,0,0
dfs_nesw,146,0,48,29,190500,25,1,0,0,0
dfs_straight_first,146,0,48,29,190500,25,1,0,0,0
wall_follower,146,4,35,22,140000,25,1,0,0,0
dfs_nesw,146,4,48,27,187500,25,1,0,0,0
dfs_straight_first,146,4,48,28,190000,25,1,0,0,0
wall_follower,146,8,21,12,81000,20,1,0,0,0
dfs_nesw,146,8,48,31,193500,25,1,0,0,0
dfs_straight_first,146,8,48,28,190000,25,1,0,0,0
wall_follower,146,12,19,8,69000,18,1,0,0,0
dfs_nesw,146,12,48,27,187500,25,1,0,0,0
dfs_straight_first,146,12,48,24,184000,25,1,0,0,0
wall_follower,146,16,17,4,57000,16,1,0,0,0
dfs_nesw,146,16,48,17,170500,25,1,0,0,0
dfs_straight_first,146,16,48,17,170500,25,1,0,0,0
wall_follower,147,0,49,36,204000,25,1,0,0,0
dfs_nesw,147,0,48,35,198500,25,1,0,0,0
dfs_straight_first,147,0,48,35,198500,25,1,0,0,0
wall_follower,147,4,39,28,162000,24,1,0,0,0
dfs_nesw,147,4,48,38,206000,25,1,0,0,0
dfs_straight_first,147,4,48,32,195000,25,1,0,0,0
wall_follower,147,8,29,18,115000,24,1,0,0,0
dfs_nesw,147,8,48,35,202500,25,1,0,0,0
dfs_straight_first,147,8,48,30,194000,25,1,0,0,0
wall_follower,147,12,19,8,69000,18,1,0,0,0
dfs_nesw,147,12,48,28,190000,25,1,0,0,0
dfs_straight_first,147,12,48,21,178500,25,1,0,0,0
wall_follower,147,16,17,4,57000,16,1,0,0,0
dfs_nesw,147,16,48,17,170500,25,1,0,0,0
dfs_straight_first,147,16,48,17,170500,25,1,0,0,0
wall_follower,148,0,49,39,209500,25,1,0,0,0
dfs_nesw,148,0,48,38,204000,25,1,0,0,0
dfs_straight_first,148,0,48,38,204000,25,1,0,0,0
wall_follower,148,4,29,22,123000,22,1,0,0,0
dfs_nesw,148,4,48,36,203000,25,1,0,0,0
dfs_straight_first,148,4,48,32,197000,25,1,0,0,0
wall_follower,148,8,27,18,111000,22,1,0,0,0
dfs_nesw,148,8,48,33,197500,25,1,0,0,0
dfs_straight_first,148,8,48,27,188500,25,1,0,0,0
wall_follower,148,12,19,7,68500,17,1,0,0,0
dfs_nesw,148,12,48,23,181500,25,1,0,0,0
dfs_straight_first,148,12,48,24,184000,25,1,0,0,0
wall_follower,148,16,17,4,57000,16,1,0,0,0
dfs_nesw,148,16,48,17,170500,25,1,0,0,0
dfs_straight_first,148,16,48,17,170500,25,1,0,0,0
wall_follower,149,0,49,27,190500,25,1,0,0,0
dfs_nesw,149,0,48,26,185000,25,1,0,0,0
dfs_straight_first,149,0,48,26,185000,25,1,0,0,0
wall_follower,149,4,35,18,134000,25,1,0,0,0
dfs_nesw,149,4,48,26,185000,25,1,0,0,0
dfs_straight_first,149,4,48,25,184500,25,1,0,0,0
wall_follower,149,8,27,11,98500,23,1,0,0,0
dfs_nesw,149,8,48,25,184500,25,1,0,0,0
dfs_straight_first,149,8,48,19,173500,25,1,0,0,0
wall_follower,149,12,21,7,74500,18,1,0,0,0
dfs_nesw,149,12,48,20,176000,25,1,0,0,0
dfs_straight_first,149,12,48,17,170500,25,1,0,0,0
wall_follower,149,16,17,4,57000,16,1,0,0,0
dfs_nesw,149,16,48,17,170500,25,1,0,0,0
dfs_straight_first,149,16,48,17,170500,25,1,0,0,0
wall_follower,150,0,49,38,209000,25,1,0,0,0
dfs_nesw,150,0,48,37,203500,25,1,0,0,0
dfs_straight_first,150,0,48,37,203500,25,1,0,0,0
wall_follower,150,4,39,30,165000,25,1,0,0,0
dfs_nesw,150,4,48,35,200500,25,1,0,0,0
dfs_straight_first,150,4,48,32,195000,25,1,0,0,0
wall_follower,150,8,25,16,102000,20,1,0,0,0
dfs_nesw,150,8,48,34,200000,25,1,0,0,0
dfs_straight_first,150,8,48,30,192000,25,1,0,0,0
wall_follower,150,12,21,12,82000,19,1,0,0,0
dfs_nesw,150,12,48,28,189000,25,1,0,0,0
dfs_straight_first,150,12,48,22,178000,25,1,0,0,0
wall_follower,150,16,17,4,57000,16,1,0,0,0
dfs_nesw,150,16,48,17,170500,25,1,0,0,0
dfs_straight_first,150,16,48,17,170500,25,1,0,0,0
wall_follower,151,0,49,29,194500,25,1,0,0,0
dfs_nesw,151,0,48,28,189000,25,1,0,0,0
dfs_straight_first,151,0,48,28,189000,25,1,0,0,0
wall_follower,151,4,21,12,82000,19,1,0,0,0
dfs_nesw,151,4,48,31,194500,25,1,0,0,0
dfs_straight_first,151,4,48,25,185500,25,1,0,0,0
wall_follower,151,8,19,8,70000,17,1,0,0,0
dfs_nesw,151,8,48,26,188000,25,1,0,0,0
dfs_straight_first,151,8,48,21,179500,25,1,0,0,0
wall_follower,151,12,17,4,57000,16,1,0,0,0
dfs_nesw,151,12,48,23,179500,25,1,0,0,0
dfs_straight_first,151,12,48,18,173000,25,1,0,0,0
wall_follower,151,16,17,4,57000,16,1,0,0,0
dfs_nesw,151,16,48,17,170500,25,1,0,0,0
dfs_straight_first,151,16,48,17,170500,25,1,0,0,0
wall_follower,152,0,49,20,180000,25,1,0,0,0
dfs_nesw,152,0,48,19,174500,25,1,0,0,0
dfs_straight_first,152,0,48,19,174500,25,1,0,0,0
wall_follower,152,4,25,11,93500,20,1,0,0,0
dfs_nesw,152,4,48,21,177500,25,1,0,0,0
dfs_straight_first,152,4,48,19,174500,25,1,0,0,0
wall_follower,152,8,21,8,76000,18,1,0,0,0
dfs_nesw,152,8,48,22,180000,25,1,0,0,0
dfs_straight_first,152,8,48,19,174500,25,1,0,0,0
wall_follower,152,12,17,4,57000,16,1,0,0,0
dfs_nesw,152,12,48,17,170500,25,1,0,0,0
dfs_straight_first,152,12,48,17,170500,25,1,0,0,0
wall_follower,152,16,17,4,57000,16,1,0,0,0
dfs_nesw,152,16,48,17,170500,25,1,0,0,0
dfs_straight_first,152,16,48,17,170500,25,1,0,0,0
wall_follower,153,0,49,35,203500,25,1,0,0,0
dfs_nesw,153,0,48,34,198000,25,1,0,0,0
dfs_straight_first,153,0,48,34,198000,25,1,0,0,0
wall_follower,153,4,31,23,129500,25,1,0,0,0
dfs_nesw,153,4,48,36,201000,25,1,0,0,0
dfs_straight_first,153,4,48,33,197500,25,1,0,0,0
wall_follower,153,8,27,18,109000,23,1,0,0,0
dfs_nesw,153,8,48,29,191500,25,1,0,0,0
dfs_straight_first,153,8,48,31,194500,25,1,0,0,0
wall_follower,153,12,17,4,57000,16,1,0,0,0
dfs_nesw,153,12,48,22,179000,25,1,0,0,0
dfs_straight_first,153,12,48,20,176000,25,1,0,0,0
wall_follower,153,16,17,4,57000,16,1,0,0,0
dfs_nesw,153,16,48,17,170500,25,1,0,0,0
dfs_straight_first,153,16,48,17,170500,25,1,0,0,0
wall_follower,154,0,49,24,186000,25,1,0,0,0
dfs_nesw,154,0,48,23,180500,25,1,0,0,0
dfs_straight_first,154,0,48,23,180500,25,1,0,0,0
wall_follower,154,4,35,17,132500,25,1,0,0,0
dfs_nesw,154,4,48,19,174500,25,1,0,0,0
dfs_straight_first,154,4,48,19,174500,25,1,0,0,0
wall_follower,154,8,25,10,91000,22,1,0,0,0
dfs_nesw,154,8,48,19,174500,25,1,0,0,0
dfs_straight_first,154,8,48,20,175000,25,1,0,0,0
wall_follower,154,12,19,8,70000,17,1,0,0,0
dfs_nesw,154,12,48,19,174500,25,1,0,0,0
dfs_straight_first,154,12,48,20,175000,25,1,0,0,0
wall_follower,154,16,17,4,57000,16,1,0,0,0
dfs_nesw,154,16,48,17,170500,25,1,0,0,0
dfs_straight_first,154,16,48,17,170500,25,1,0,0,0
wall_follower,155,0,49,29,195500,25,1,0,0,0
dfs_nesw,155,0,48,28,190000,25,1,0,0,0
dfs_straight_first,155,0,48,28,190000,25,1,0,0,0
wall_follower,155,4,29,14,110000,24,1,0,0,0
dfs_nesw,155,4,48,25,184500,25,1,0,0,0
dfs_straight_first,155,4,48,22,181000,25,1,0,0,0
wall_follower,155,8,17,4,57000,16,1,0,0,0
dfs_nesw,155,8,48,23,181500,25,1,0,0,0
dfs_straight_first,155,8,48,21,180500,25,1,0,0,0
wall_follower,155,12,17,4,57000,16,1,0,0,0
dfs_nesw,155,12,48,20,176000,25,1,0,0,0
dfs_straight_first,155,12,48,19,175500,25,1,0,0,0
wall_follower,155,16,17,4,57000,16,1,0,0,0
dfs_nesw,155,16,48,17,170500,25,1,0,0,0
dfs_straight_first,155,16,48,17,170500,25,1,0,0,0
wall_follower,156,0,49,39,210500,25,1,0,0,0
dfs_nesw,156,0,48,38,205000,25,1,0,0,0
dfs_straight_first,156,0,48,38,205000,25,1,0,0,0
wall_follower,156,4,31,24,131000,25,1,0,0,0
dfs_nesw,156,4,48,37,202500,25,1,0,0,0
dfs_straight_first,156,4,48,35,201500,25,1,0,0,0
wall_follower,156,8,23,15,92500,21,1,0,0,0
dfs_nesw,156,8,48,37,204500,25,1,0,0,0
dfs_straight_first,156,8,48,30,195000,25,1,0,0,0
wall_follower,156,12,21,11,80500,19,1,0,0,0
dfs_nesw,156,12,48,30,193000,25,1,0,0,0
dfs_straight_first,156,12,48,21,178500,25,1,0,0,0
wall_follower,156,16,17,4,57000,16,1,0,0,0
dfs_nesw,156,16,48,17,170500,25,1,0,0,0
dfs_straight_first,156,16,48,17,170500,25,1,0,0,0
wall_follower,157,0,49,33,201500,25,1,0,0,0
dfs_nesw,157,0,48,32,196000,25,1,0,0,0
dfs_straight_first,157,0,48,32,196000,25,1,0,0,0
wall_follower,157,4,31,19,124500,23,1,0,0,0
dfs_nesw,157,4,48,31,195500,25,1,0,0,0
dfs_straight_first,157,4,48,31,195500,25,1,0,0,0
wall_follower,157,8,27,17,107500,23,1,0,0,0
dfs_nesw,157,8,48,28,190000,25,1,0,0,0
dfs_straight_first,157,8,48,27,189500,25,1,0,0,0
wall_follower,157,12,17,4,57000,16,1,0,0,0
dfs_nesw,157,12,48,21,178500,25,1,0,0,0
dfs_straight_first,157,12,48,20,178000,25,1,0,0,0
wall_follower,157,16,17,4,57000,16,1,0,0,0
dfs_nesw,157,16,48,17,170500,25,1,0,0,0
dfs_straight_first,157,16,48,17,170500,25,1,0,0,0
wall_follower,158,0,49,32,200000,25,1,0,0,0
dfs_nesw,158,0,48,29,191500,25,1,0,0,0
dfs_straight_first,158,0,48,29,191500,25,1,0,0,0
wall_follower,158,4,23,13,89500,19,1,0,0,0
dfs_nesw,158,4,48,27,189500,25,1,0,0,0
dfs_straight_first,158,4,48,28,190000,25,1,0,0,0
wall_follower,158,8,19,8,69000,18,1,0,0,0
dfs_nesw,158,8,48,20,176000,25,1,0,0,0
dfs_straight_first,158,8,48,20,176000,25,1,0,0,0
wall_follower,158,12,19,8,69000,18,1,0,0,0
dfs_nesw,158,12,48,20,176000,25,1,0,0,0
dfs_straight_first,158,12,48,20,176000,25,1,0,0,0
wall_follower,158,16,17,4,57000,16,1,0,0,0
dfs_nesw,158,16,48,17,170500,25,1,0,0,0
dfs_straight_first,158,16,48,17,170500,25,1,0,0,0
wall_follower,159,0,49,33,200500,25,1,0,0,0
dfs_nesw,159,0,48,32,195000,25,1,0,0,0
dfs_straight_first,159,0,48,32,195000,25,1,0,0,0
wall_follower,159,4,25,11,92500,20,1,0,0,0
dfs_nesw,159,4,48,29,190500,25,1,0,0,0
dfs_straight_first,159,4,48,26,187000,25,1,0,0,0
wall_follower,159,8,19,8,69000,18,1,0,0,0
dfs_nesw,159,8,48,31,193500,25,1,0,0,0
dfs_straight_first,159,8,48,25,184500,25,1,0,0,0
wall_follower,159,12,17,4,57000,16,1,0,0,0
dfs_nesw,159,12,48,20,176000,25,1,0,0,0
dfs_straight_first,159,12,48,18,173000,25,1,0,0,0
wall_follower,159,16,17,4,57000,16,1,0,0,0
dfs_nesw,159,16,48,17,170500,25,1,0,0,0
dfs_straight_first,159,16,48,17,170500,25,1,0,0,0
wall_follower,160,0,49,24,188000,25,1,0,0,0
dfs_nesw,160,0,48,23,182500,25,1,0,0,0
dfs_straight_first,160,0,48,23,182500,25,1,0,0,0
wall_follower,160,4,21,9,77500,19,1,0,0,0
dfs_nesw,160,4,48,20,178000,25,1,0,0,0
dfs_straight_first,160,4,48,20,178000,25,1,0,0,0
wall_follower,160,8,19,8,69000,18,1,0,0,0
dfs_nesw,160,8,48,26,187000,25,1,0,0,0
dfs_straight_first,160,8,48,21,178500,25,1,0,0,0
wall_follower,160,12,19,8,69000,18,1,0,0,0
dfs_nesw,160,12,48,24,184000,25,1,0,0,0
dfs_straight_first,160,12,48,22,181000,25,1,0,0,0
wall_follower,160,16,17,4,57000,16,1,0,0,0
dfs_nesw,160,16,48,17,170500,25,1,0,0,0
dfs_straight_first,160,16,48,17,170500,25,1,0,0,0
wall_follower,161,0,49,36,206000,25,1,0,0,0
dfs_nesw,161,0,48,35,200500,25,1,0,0,0
dfs_straight_first,161,0,48,35,200500,25,1,0,0,0
wall_follower,161,4,39,26,158000,25,1,0,0,0
dfs_nesw,161,4,48,34,199000,25,1,0,0,0
dfs_straight_first,161,4,48,32,196000,25,1,0,0,0
wall_follower,161,8,29,16,111000,25,1,0,0,0
dfs_nesw,161,8,48,28,188000,25,1,0,0,0
dfs_straight_first,161,8,48,27,187500,25,1,0,0,0
wall_follower,161,12,17,4,57000,16,1,0,0,0
dfs_nesw,161,12,48,24,182000,25,1,0,0,0
dfs_straight_first,161,12,48,20,176000,25,1,0,0,0
wall_follower,161,16,17,4,57000,16,1,0,0,0
dfs_nesw,161,16,48,17,170500,25,1,0,0,0
dfs_straight_first,161,16,48,17,170500,25,1,0,0,0
wall_follower,162,0,49,32,201000,25,1,0,0,0
dfs_nesw,162,0,48,31,195500,25,1,0,0,0
dfs_straight_first,162,0,48,31,195500,25,1,0,0,0
wall_follower,162,4,33,21,135500,24,1,0,0,0
dfs_nesw,162,4,48,30,193000,25,1,0,0,0
dfs_straight_first,162,4,48,25,186500,25,1,0,0,0
wall_follower,162,8,29,18,118000,22,1,0,0,0
dfs_nesw,162,8,48,29,192500,25,1,0,0,0
dfs_straight_first,162,8,48,25,186500,25,1,0,0,0
wall_follower,162,12,23,14,92000,20,1,0,0,0
dfs_nesw,162,12,48,30,195000,25,1,0,0,0
dfs_straight_first,162,12,48,25,186500,25,1,0,0,0
wall_follower,162,16,17,4,57000,16,1,0,0,0
dfs_nesw,162,16,48,17,170500,25,1,0,0,0
dfs_straight_first,162,16,48,17,170500,25,1,0,0,0
wall_follower,163,0,49,33,199500,25,1,0,0,0
dfs_nesw,163,0,48,32,194000,25,1,0,0,0
dfs_straight_first,163,0,48,32,194000,25,1,0,0,0
wall_follower,163,4,23,15,92500,21,1,0,0,0
dfs_nesw,163,4,48,35,199500,25,1,0,0,0
dfs_straight_first,163,4,48,29,190500,25,1,0,0,0
wall_follower,163,8,21,12,81000,20,1,0,0,0
dfs_nesw,163,8,48,35,199500,25,1,0,0,0
dfs_straight_first,163,8,48,27,187500,25,1,0,0,0
wall_follower,163,12,19,8,69000,18,1,0,0,0
dfs_nesw,163,12,48,22,179000,25,1,0,0,0
dfs_straight_first,163,12,48,21,178500,25,1,0,0,0
wall_follower,163,16,17,4,57000,16,1,0,0,0
dfs_nesw,163,16,48,17,170500,25,1,0,0,0
dfs_straight_first,163,16,48,17,170500,25,1,0,0,0
wall_follower,164,0,49,31,197500,25,1,0,0,0
dfs_nesw,164,0,48,30,192000,25,1,0,0,0
dfs_straight_first,164,0,48,30,192000,25,1,0,0,0
wall_follower,164,4,23,13,90500,19,1,0,0,0
dfs_nesw,164,4,48,26,186000,25,1,0,0,0
dfs_straight_first,164,4,48,26,186000,25,1,0,0,0
wall_follower,164,8,19,8,69000,18,1,0,0,0
dfs_nesw,164,8,48,22,181000,25,1,0,0,0
dfs_straight_first,164,8,48,21,178500,25,1,0,0,0
wall_follower,164,12,17,4,57000,16,1,0,0,0
dfs_nesw,164,12,48,20,176000,25,1,0,0,0
dfs_straight_first,164,12,48,17,170500,25,1,0,0,0
wall_follower,164,16,17,4,57000,16,1,0,0,0
dfs_nesw,164,16,48,17,170500,25,1,0,0,0
dfs_straight_first,164,16,48,17,170500,25,1,0,0,0
wall_follower,165,0,49,26,190000,25,1,0,0,0
dfs_nesw,165,0,48,25,184500,25,1,0,0,0
dfs_straight_first,165,0,48,25,184500,25,1,0,0,0
wall_follower,165,4,31,12,113000,22,1,0,0,0
dfs_nesw,165,4,48,26,185000,25,1,0,0,0
dfs_straight_first,165,4,48,23,181500,25,1,0,0,0
wall_follower,165,8,25,11,92500,22,1,0,0,0
dfs_nesw,165,8,48,24,182000,25,1,0,0,0
dfs_straight_first,165,8,48,21,178500,25,1,0,0,0
wall_follower,165,12,17,4,57000,16,1,0,0,0
dfs_nesw,165,12,48,24,182000,25,1,0,0,0
dfs_straight_first,165,12,48,18,173000,25,1,0,0,0
wall_follower,165,16,17,4,57000,16,1,0,0,0
dfs_nesw,165,16,48,17,170500,25,1,0,0,0
dfs_straight_first,165,16,48,17,170500,25,1,0,0,0
wall_follower,166,0,49,35,201500,25,1,0,0,0
dfs_nesw,166,0,48,34,196000,25,1,0,0,0
dfs_straight_first,166,0,48,34,196000,25,1,0,0,0
wall_follower,166,4,25,16,99000,24,1,0,0,0
dfs_nesw,166,4,48,29,190500,25,1,0,0,0
dfs_straight_first,166,4,48,29,190500,25,1,0,0,0
wall_follower,166,8,21,12,81000,20,1,0,0,0
dfs_nesw,166,8,48,27,189500,25,1,0,0,0
dfs_straight_first,166,8,48,24,184000,25,1,0,0,0
wall_follower,166,12,19,8,69000,18,1,0,0,0
dfs_nesw,166,12,48,21,178500,25,1,0,0,0
dfs_straight_first,166,12,48,21,178500,25,1,0,0,0
wall_follower,166,16,17,4,57000,16,1,0,0,0
dfs_nesw,166,16,48,17,170500,25,1,0,0,0
dfs_straight_first,166,16,48,17,170500,25,1,0,0,0
wall_follower,167,0,49,35,204500,25,1,0,0,0
dfs_nesw,167,0,48,34,199000,25,1,0,0,0
dfs_straight_first,167,0,48,34,199000,25,1,0,0,0
wall_follower,167,4,25,14,98000,21,1,0,0,0
dfs_nesw,167,4,48,28,190000,25,1,0,0,0
dfs_straight_first,167,4,48,28,190000,25,1,0,0,0
wall_follower,167,8,19,7,68500,17,1,0,0,0
dfs_nesw,167,8,48,27,187500,25,1,0,0,0
dfs_straight_first,167,8,48,23,181500,25,1,0,0,0
wall_follower,167,12,17,4,57000,16,1,0,0,0
dfs_nesw,167,12,48,24,182000,25,1,0,0,0
dfs_straight_first,167,12,48,17,170500,25,1,0,0,0
wall_follower,167,16,17,4,57000,16,1,0,0,0
dfs_nesw,167,16,48,17,170500,25,1,0,0,0
dfs_straight_first,167,16,48,17,170500,25,1,0,0,0
wall_follower,168,0,49,25,188500,25,1,0,0,0
dfs_nesw,168,0,48,24,183000,25,1,0,0,0
dfs_straight_first,168,0,48,24,183000,25,1,0,0,0
wall_follower,168,4,31,14,117000,23,1,0,0,0
dfs_nesw,168,4,48,23,182500,25,1,0,0,0
dfs_straight_first,168,4,48,22,180000,25,1,0,0,0
wall_follower,168,8,21,8,76000,18,1,0,0,0
dfs_nesw,168,8,48,26,186000,25,1,0,0,0
dfs_straight_first,168,8,48,18,172000,25,1,0,0,0
wall_follower,168,12,17,4,57000,16,1,0,0,0
dfs_nesw,168,12,48,24,182000,25,1,0,0,0
dfs_straight_first,168,12,48,20,178000,25,1,0,0,0
wall_follower,168,16,17,4,57000,16,1,0,0,0
dfs_nesw,168,16,48,17,170500,25,1,0,0,0
dfs_straight_first,168,16,48,17,170500,25,1,0,0,0
wall_follower,169,0,49,33,200500,25,1,0,0,0
dfs_nesw,169,0,48,32,195000,25,1,0,0,0
dfs_straight_first,169,0,48,32,195000,25,1,0,0,0
wall_follower,169,4,29,20,120000,23,1,0,0,0
dfs_nesw,169,4,48,31,194500,25,1,0,0,0
dfs_straight_first,169,4,48,26,186000,25,1,0,0,0
wall_follower,169,8,21,11,80500,19,1,0,0,0
dfs_nesw,169,8,48,22,181000,25,1,0,0,0
dfs_straight_first,169,8,48,24,184000,25,1,0,0,0
wall_follower,169,12,19,7,68500,17,1,0,0,0
dfs_nesw,169,12,48,19,175500,25,1,0,0,0
dfs_straight_first,169,12,48,22,179000,25,1,0,0,0
wall_follower,169,16,17,4,57000,16,1,0,0,0
dfs_nesw,169,16,48,17,170500,25,1,0,0,0
dfs_straight_first,169,16,48,17,170500,25,1,0,0,0
wall_follower,170,0,49,25,189500,25,1,0,0,0
dfs_nesw,170,0,48,24,184000,25,1,0,0,0
dfs_straight_first,170,0,48,24,184000,25,1,0,0,0
wall_follower,170,4,23,10,86000,19,1,0,0,0
dfs_nesw,170,4,48,24,184000,25,1,0,0,0
dfs_straight_first,170,4,48,23,181500,25,1,0,0,0
wall_follower,170,8,21,7,74500,18,1,0,0,0
dfs_nesw,170,8,48,24,184000,25,1,0,0,0
dfs_straight_first,170,8,48,23,181500,25,1,0,0,0
wall_follower,170,12,21,7,74500,18,1,0,0,0
dfs_nesw,170,12,48,27,187500,25,1,0,0,0
dfs_straight_first,170,12,48,19,175500,25,1,0,0,0
wall_follower,170,16,17,4,57000,16,1,0,0,0
dfs_nesw,170,16,48,17,170500,25,1,0,0,0
dfs_straight_first,170,16,48,17,170500,25,1,0,0,0
wall_follower,171,0,49,32,200000,25,1,0,0,0
dfs_nesw,171,0,48,31,194500,25,1,0,0,0
dfs_straight_first,171,0,48,31,194500,25,1,0,0,0
wall_follower,171,4,33,21,134500,24,1,0,0,0
dfs_nesw,171,4,48,30,194000,25,1,0,0,0
dfs_straight_first,171,4,48,32,197000,25,1,0,0,0
wall_follower,171,8,23,12,87000,22,1,0,0,0
dfs_nesw,171,8,48,27,187500,25,1,0,0,0
dfs_straight_first,171,8,48,23,181500,25,1,0,0,0
wall_follower,171,12,21,8,75000,20,1,0,0,0
dfs_nesw,171,12,48,19,175500,25,1,0,0,0
dfs_straight_first,171,12,48,19,175500,25,1,0,0,0
wall_follower,171,16,17,4,57000,16,1,0,0,0
dfs_nesw,171,16,48,17,170500,25,1,0,0,0
dfs_straight_first,171,16,48,17,170500,25,1,0,0,0
wall_follower,172,0,49,27,190500,25,1,0,0,0
dfs_nesw,172,0,48,26,185000,25,1,0,0,0
dfs_straight_first,172,0,48,26,185000,25,1,0,0,0
wall_follower,172,4,31,17,121500,23,1,0,0,0
dfs_nesw,172,4,48,31,195500,25,1,0,0,0
dfs_straight_first,172,4,48,23,181500,25,1,0,0,0
wall_follower,172,8,29,15,112500,23,1,0,0,0
dfs_nesw,172,8,48,29,192500,25,1,0,0,0
dfs_straight_first,172,8,48,21,178500,25,1,0,0,0
wall_follower,172,12,21,8,77000,18,1,0,0,0
dfs_nesw,172,12,48,21,178500,25,1,0,0,0
dfs_straight_first,172,12,48,20,178000,25,1,0,0,0
wall_follower,172,16,17,4,57000,16,1,0,0,0
dfs_nesw,172,16,48,17,170500,25,1,0,0,0
dfs_straight_first,172,16,48,17,170500,25,1,0,0,0
wall_follower,173,0,49,25,187500,25,1,0,0,0
dfs_nesw,173,0,48,24,182000,25,1,0,0,0
dfs_straight_first,173,0,48,24,182000,25,1,0,0,0
wall_follower,173,4,29,18,116000,23,1,0,0,0
dfs_nesw,173,4,48,31,193500,25,1,0,0,0
dfs_straight_first,173,4,48,30,193000,25,1,0,0,0
wall_follower,173,8,25,16,101000,21,1,0,0,0
dfs_nesw,173,8,48,32,194000,25,1,0,0,0
dfs_straight_first,173,8,48,28,190000,25,1,0,0,0
wall_follower,173,12,19,8,69000,18,1,0,0,0
dfs_nesw,173,12,48,25,182500,25,1,0,0,0
dfs_straight_first,173,12,48,16,170000,25,1,0,0,0
wall_follower,173,16,17,4,57000,16,1,0,0,0
dfs_nesw,173,16,48,17,170500,25,1,0,0,0
dfs_straight_first,173,16,48,17,170500,25,1,0,0,0
wall_follower,174,0,49,24,187000,25,1,0,0,0
dfs_nesw,174,0,48,23,181500,25,1,0,0,0
dfs_straight_first,174,0,48,23,181500,25,1,0,0,0
wall_follower,174,4,21,7,74500,18,1,0,0,0
dfs_nesw,174,4,48,18,173000,25,1,0,0,0
dfs_straight_first,174,4,48,18,173000,25,1,0,0,0
wall_follower,174,8,21,7,74500,18,1,0,0,0
dfs_nesw,174,8,48,17,170500,25,1,0,0,0
dfs_straight_first,174,8,48,17,170500,25,1,0,0,0
wall_follower,174,12,17,4,57000,16,1,0,0,0
dfs_nesw,174,12,48,16,170000,25,1,0,0,0
dfs_straight_first,174,12,48,17,170500,25,1,0,0,0
wall_follower,174,16,17,4,57000,16,1,0,0,0
dfs_nesw,174,16,48,17,170500,25,1,0,0,0
dfs_straight_first,174,16,48,17,170500,25,1,0,0,0
wall_follower,175,0,49,24,187000,25,1,0,0,0
dfs_nesw,175,0,48,23,181500,25,1,0,0,0
dfs_straight_first,175,0,48,23,181500,25,1,0,0,0
wall_follower,175,4,37,19,142500,25,1,0,0,0
dfs_nesw,175,4,48,24,184000,25,1,0,0,0
dfs_straight_first,175,4,48,23,181500,25,1,0,0,0
wall_follower,175,8,21,11,80500,19,1,0,0,0
dfs_nesw,175,8,48,23,183500,25,1,0,0,0
dfs_straight_first,175,8,48,23,181500,25,1,0,0,0
wall_follower,175,12,21,11,80500,19,1,0,0,0
dfs_nesw,175,12,48,27,189500,25,1,0,0,0
dfs_straight_first,175,12,48,23,181500,25,1,0,0,0
wall_follower,175,16,17,4,57000,16,1,0,0,0
dfs_nesw,175,16,48,17,170500,25,1,0,0,0
dfs_straight_first,175,16,48,17,170500,25,1,0,0,0
wall_follower,176,0,49,32,200000,25,1,0,0,0
dfs_nesw,176,0,48,31,194500,25,1,0,0,0
dfs_straight_first,176,0,48,31,194500,25,1,0,0,0
wall_follower,176,4,27,17,109500,22,1,0,0,0
dfs_nesw,176,4,48,34,201000,25,1,0,0,0
dfs_straight_first,176,4,48,27,189500,25,1,0,0,0
wall_follower,176,8,23,11,86500,20,1,0,0,0
dfs_nesw,176,8,48,27,189500,25,1,0,0,0
dfs_straight_first,176,8,48,25,186500,25,1,0,0,0
wall_follower,176,12,17,4,57000,16,1,0,0,0
dfs_nesw,176,12,48,26,187000,25,1,0,0,0
dfs_straight_first,176,12,48,22,181000,25,1,0,0,0
wall_follower,176,16,17,4,57000,16,1,0,0,0
dfs_nesw,176,16,48,17,170500,25,1,0,0,0
dfs_straight_first,176,16,48,17,170500,25,1,0,0,0
wall_follower,177,0,49,36,205000,25,1,0,0,0
dfs_nesw,177,0,48,35,199500,25,1,0,0,0
dfs_straight_first,177,0,48,35,199500,25,1,0,0,0
wall_follower,177,4,33,19,130500,24,1,0,0,0
dfs_nesw,177,4,48,31,193500,25,1,0,0,0
dfs_straight_first,177,4,48,26,187000,25,1,0,0,0
wall_follower,177,8,27,17,109500,22,1,0,0,0
dfs_nesw,177,8,48,29,190500,25,1,0,0,0
dfs_straight_first,177,8,48,24,184000,25,1,0,0,0
wall_follower,177,12,17,4,57000,16,1,0,0,0
dfs_nesw,177,12,48,24,182000,25,1,0,0,0
dfs_straight_first,177,12,48,18,173000,25,1,0,0,0
wall_follower,177,16,17,4,57000,16,1,0,0,0
dfs_nesw,177,16,48,17,170500,25,1,0,0,0
dfs_straight_first,177,16,48,17,170500,25,1,0,0,0
wall_follower,178,0,49,33,200500,25,1,0,0,0
dfs_nesw,178,0,48,32,195000,25,1,0,0,0
dfs_straight_first,178,0,48,32,195000,25,1,0,0,0
wall_follower,178,4,35,23,141500,25,1,0,0,0
dfs_nesw,178,4,48,32,195000,25,1,0,0,0
dfs_straight_first,178,4,48,30,192000,25,1,0,0,0
wall_follower,178,8,19,8,69000,18,1,0,0,0
dfs_nesw,178,8,48,28,188000,25,1,0,0,0
dfs_straight_first,178,8,48,27,187500,25,1,0,0,0
wall_follower,178,12,17,4,57000,16,1,0,0,0
dfs_nesw,178,12,48,20,176000,25,1,0,0,0
dfs_straight_first,178,12,48,19,175500,25,1,0,0,0
wall_follower,178,16,17,4,57000,16,1,0,0,0
dfs_nesw,178,16,48,17,170500,25,1,0,0,0
dfs_straight_first,178,16,48,17,170500,25,1,0,0,0
wall_follower,179,0,49,40,212000,25,1,0,0,0
dfs_nesw,179,0,48,39,206500,25,1,0,0,0
dfs_straight_first,179,0,48,39,206500,25,1,0,0,0
wall_follower,179,4,31,21,128500,23,1,0,0,0
dfs_nesw,179,4,48,38,206000,25,1,0,0,0
dfs_straight_first,179,4,48,30,194000,25,1,0,0,0
wall_follower,179,8,29,18,117000,22,1,0,0,0
dfs_nesw,179,8,48,35,200500,25,1,0,0,0
dfs_straight_first,179,8,48,27,188500,25,1,0,0,0
wall_follower,179,12,19,8,70000,17,1,0,0,0
dfs_nesw,179,12,48,24,183000,25,1,0,0,0
dfs_straight_first,179,12,48,18,172000,25,1,0,0,0
wall_follower,179,16,17,4,57000,16,1,0,0,0
dfs_nesw,179,16,48,17,170500,25,1,0,0,0
dfs_straight_first,179,16,48,17,170500,25,1,0,0,0
wall_follower,180,0,49,30,196000,25,1,0,0,0
dfs_nesw,180,0,48,29,190500,25,1,0,0,0
dfs_straight_first,180,0,48,29,190500,25,1,0,0,0
wall_follower,180,4,39,23,154500,25,1,0,0,0
dfs_nesw,180,4,48,26,185000,25,1,0,0,0
dfs_straight_first,180,4,48,26,185000,25,1,0,0,0
wall_follower,180,8,25,11,92500,21,1,0,0,0
dfs_nesw,180,8,48,22,179000,25,1,0,0,0
dfs_straight_first,180,8,48,20,176000,25,1,0,0,0
wall_follower,180,12,21,11,80500,19,1,0,0,0
dfs_nesw,180,12,48,24,182000,25,1,0,0,0
dfs_straight_first,180,12,48,21,178500,25,1,0,0,0
wall_follower,180,16,17,4,57000,16,1,0,0,0
dfs_nesw,180,16,48,17,170500,25,1,0,0,0
dfs_straight_first,180,16,48,17,170500,25,1,0,0,0
wall_follower,181,0,49,36,204000,25,1,0,0,0
dfs_nesw,181,0,48,35,198500,25,1,0,0,0
dfs_straight_first,181,0,48,35,198500,25,1,0,0,0
wall_follower,181,4,25,15,99500,20,1,0,0,0
dfs_nesw,181,4,48,29,191500,25,1,0,0,0
dfs_straight_first,181,4,48,27,188500,25,1,0,0,0
wall_follower,181,8,25,15,99500,20,1,0,0,0
dfs_nesw,181,8,48,24,183000,25,1,0,0,0
dfs_straight_first,181,8,48,24,183000,25,1,0,0,0
wall_follower,181,12,23,12,88000,19,1,0,0,0
dfs_nesw,181,12,48,24,183000,25,1,0,0,0
dfs_straight_first,181,12,48,24,183000,25,1,0,0,0
wall_follower,181,16,17,4,57000,16,1,0,0,0
dfs_nesw,181,16,48,17,170500,25,1,0,0,0
dfs_straight_first,181,16,48,17,170500,25,1,0,0,0
wall_follower,182,0,49,34,202000,25,1,0,0,0
dfs_nesw,182,0,48,33,196500,25,1,0,0,0
dfs_straight_first,182,0,48,33,196500,25,1,0,0,0
wall_follower,182,4,29,18,116000,24,1,0,0,0
dfs_nesw,182,4,48,32,196000,25,1,0,0,0
dfs_straight_first,182,4,48,30,193000,25,1,0,0,0
wall_follower,182,8,25,13,95500,22,1,0,0,0
dfs_nesw,182,8,48,26,187000,25,1,0,0,0
dfs_straight_first,182,8,48,24,184000,25,1,0,0,0
wall_follower,182,12,21,7,74500,18,1,0,0,0
dfs_nesw,182,12,48,21,178500,25,1,0,0,0
dfs_straight_first,182,12,48,16,170000,25,1,0,0,0
wall_follower,182,16,17,4,57000,16,1,0,0,0
dfs_nesw,182,16,48,17,170500,25,1,0,0,0
dfs_straight_first,182,16,48,17,170500,25,1,0,0,0
wall_follower,183,0,49,30,196000,25,1,0,0,0
dfs_nesw,183,0,48,29,190500,25,1,0,0,0
dfs_straight_first,183,0,48,29,190500,25,1,0,0,0
wall_follower,183,4,29,14,110000,22,1,0,0,0
dfs_nesw,183,4,48,23,181500,25,1,0,0,0
dfs_straight_first,183,4,48,20,176000,25,1,0,0,0
wall_follower,183,8,19,7,68500,17,1,0,0,0
dfs_nesw,183,8,48,20,178000,25,1,0,0,0
dfs_straight_first,183,8,48,20,178000,25,1,0,0,0
wall_follower,183,12,19,7,68500,17,1,0,0,0
dfs_nesw,183,12,48,16,170000,25,1,0,0,0
dfs_straight_first,183,12,48,18,173000,25,1,0,0,0
wall_follower,183,16,17,4,57000,16,1,0,0,0
dfs_nesw,183,16,48,17,170500,25,1,0,0,0
dfs_straight_first,183,16,48,17,170500,25,1,0,0,0
wall_follower,184,0,49,30,196000,25,1,0,0,0
dfs_nesw,184,0,48,29,190500,25,1,0,0,0
dfs_straight_first,184,0,48,29,190500,25,1,0,0,0
wall_follower,184,4,29,13,109500,21,1,0,0,0
dfs_nesw,184,4,48,26,187000,25,1,0,0,0
dfs_straight_first,184,4,48,23,181500,25,1,0,0,0
wall_follower,184,8,23,12,89000,19,1,0,0,0
dfs_nesw,184,8,48,28,190000,25,1,0,0,0
dfs_straight_first,184,8,48,18,173000,25,1,0,0,0
wall_follower,184,12,21,11,80500,18,1,0,0,0
dfs_nesw,184,12,48,27,187500,25,1,0,0,0
dfs_straight_first,184,12,48,18,173000,25,1,0,0,0
wall_follower,184,16,17,4,57000,16,1,0,0,0
dfs_nesw,184,16,48,17,170500,25,1,0,0,0
dfs_straight_first,184,16,48,17,170500,25,1,0,0,0
wall_follower,185,0,49,31,198500,25,1,0,0,0
dfs_nesw,185,0,48,30,193000,25,1,0,0,0
dfs_straight_first,185,0,48,30,193000,25,1,0,0,0
wall_follower,185,4,29,12,107000,22,1,0,0,0
dfs_nesw,185,4,48,27,189500,25,1,0,0,0
dfs_straight_first,185,4,48,27,189500,25,1,0,0,0
wall_follower,185,8,21,9,77500,19,1,0,0,0
dfs_nesw,185,8,48,27,189500,25,1,0,0,0
dfs_straight_first,185,8,48,26,187000,25,1,0,0,0
wall_follower,185,12,17,4,57000,16,1,0,0,0
dfs_nesw,185,12,48,17,170500,25,1,0,0,0
dfs_straight_first,185,12,48,18,173000,25,1,0,0,0
wall_follower,185,16,17,4,57000,16,1,0,0,0
dfs_nesw,185,16,48,17,170500,25,1,0,0,0
dfs_straight_first,185,16,48,17,170500,25,1,0,0,0
wall_follower,186,0,49,35,202500,25,1,0,0,0
dfs_nesw,186,0,48,34,197000,25,1,0,0,0
dfs_straight_first,186,0,48,34,197000,25,1,0,0,0
wall_follower,186,4,41,28,167000,25,1,0,0,0
dfs_nesw,186,4,48,34,197000,25,1,0,0,0
dfs_straight_first,186,4,48,31,193500,25,1,0,0,0
wall_follower,186,8,25,16,101000,21,1,0,0,0
dfs_nesw,186,8,48,33,196500,25,1,0,0,0
dfs_straight_first,186,8,48,29,190500,25,1,0,0,0
wall_follower,186,12,23,15,92500,21,1,0,0,0
dfs_nesw,186,12,48,33,196500,25,1,0,0,0
dfs_straight_first,186,12,48,23,181500,25,1,0,0,0
wall_follower,186,16,17,4,57000,16,1,0,0,0
dfs_nesw,186,16,48,17,170500,25,1,0,0,0
dfs_straight_first,186,16,48,17,170500,25,1,0,0,0
wall_follower,187,0,49,29,194500,25,1,0,0,0
dfs_nesw,187,0,48,28,189000,25,1,0,0,0
dfs_straight_first,187,0,48,28,189000,25,1,0,0,0
wall_follower,187,4,37,23,149500,24,1,0,0,0
dfs_nesw,187,4,48,29,191500,25,1,0,0,0
dfs_straight_first,187,4,48,27,188500,25,1,0,0,0
wall_follower,187,8,23,13,90500,19,1,0,0,0
dfs_nesw,187,8,48,35,202500,25,1,0,0,0
dfs_straight_first,187,8,48,29,191500,25,1,0,0,0
wall_follower,187,12,21,9,77500,19,1,0,0,0
dfs_nesw,187,12,48,23,181500,25,1,0,0,0
dfs_straight_first,187,12,48,22,179000,25,1,0,0,0
wall_follower,187,16,17,4,57000,16,1,0,0,0
dfs_nesw,187,16,48,17,170500,25,1,0,0,0
dfs_straight_first,187,16,48,17,170500,25,1,0,0,0
wall_follower,188,0,49,37,206500,25,1,0,0,0
dfs_nesw,188,0,48,36,201000,25,1,0,0,0
dfs_straight_first,188,0,48,36,201000,25,1,0,0,0
wall_follower,188,4,25,14,98000,20,1,0,0,0
dfs_nesw,188,4,48,30,193000,25,1,0,0,0
dfs_straight_first,188,4,48,31,193500,25,1,0,0,0
wall_follower,188,8,19,8,69000,18,1,0,0,0
dfs_nesw,188,8,48,24,184000,25,1,0,0,0
dfs_straight_first,188,8,48,24,184000,25,1,0,0,0
wall_follower,188,12,19,8,69000,18,1,0,0,0
dfs_nesw,188,12,48,18,173000,25,1,0,0,0
dfs_straight_first,188,12,48,18,173000,25,1,0,0,0
wall_follower,188,16,17,4,57000,16,1,0,0,0
dfs_nesw,188,16,48,17,170500,25,1,0,0,0
dfs_straight_first,188,16,48,17,170500,25,1,0,0,0
wall_follower,189,0,49,29,195500,25,1,0,0,0
dfs_nesw,189,0,48,28,190000,25,1,0,0,0
dfs_straight_first,189,0,48,28,190000,25,1,0,0,0
wall_follower,189,4,29,17,115500,24,1,0,0,0
dfs_nesw,189,4,48,28,190000,25,1,0,0,0
dfs_straight_first,189,4,48,28,190000,25,1,0,0,0
wall_follower,189,8,27,14,104000,23,1,0,0,0
dfs_nesw,189,8,48,28,188000,25,1,0,0,0
dfs_straight_first,189,8,48,21,178500,25,1,0,0,0
wall_follower,189,12,21,10,80000,18,1,0,0,0
dfs_nesw,189,12,48,27,187500,25,1,0,0,0
dfs_straight_first,189,12,48,20,176000,25,1,0,0,0
wall_follower,189,16,17,4,57000,16,1,0,0,0
dfs_nesw,189,16,48,17,170500,25,1,0,0,0
dfs_straight_first,189,16,48,17,170500,25,1,0,0,0
wall_follower,190,0,49,33,200500,25,1,0,0,0
dfs_nesw,190,0,48,32,195000,25,1,0,0,0
dfs_straight_first,190,0,48,32,195000,25,1,0,0,0
wall_follower,190,4,35,23,143500,25,1,0,0,0
dfs_nesw,190,4,48,27,188500,25,1,0,0,0
dfs_straight_first,190,4,48,27,188500,25,1,0,0,0
wall_follower,190,8,27,15,104500,25,1,0,0,0
dfs_nesw,190,8,48,25,184500,25,1,0,0,0
dfs_straight_first,190,8,48,23,181500,25,1,0,0,0
wall_follower,190,12,19,8,69000,18,1,0,0,0
dfs_nesw,190,12,48,22,179000,25,1,0,0,0
dfs_straight_first,190,12,48,21,178500,25,1,0,0,0
wall_follower,190,16,17,4,57000,16,1,0,0,0
dfs_nesw,190,16,48,17,170500,25,1,0,0,0
dfs_straight_first,190,16,48,17,170500,25,1,0,0,0
wall_follower,191,0,49,27,190500,25,1,0,0,0
dfs_nesw,191,0,48,26,185000,25,1,0,0,0
dfs_straight_first,191,0,48,26,185000,25,1,0,0,0
wall_follower,191,4,29,14,110000,21,1,0,0,0
dfs_nesw,191,4,48,26,187000,25,1,0,0,0
dfs_straight_first,191,4,48,26,187000,25,1,0,0,0
wall_follower,191,8,21,11,80500,19,1,0,0,0
dfs_nesw,191,8,48,24,182000,25,1,0,0,0
dfs_straight_first,191,8,48,24,182000,25,1,0,0,0
wall_follower,191,12,19,8,69000,18,1,0,0,0
dfs_nesw,191,12,48,25,184500,25,1,0,0,0
dfs_straight_first,191,12,48,24,182000,25,1,0,0,0
wall_follower,191,16,17,4,57000,16,1,0,0,0
dfs_nesw,191,16,48,17,170500,25,1,0,0,0
dfs_straight_first,191,16,48,17,170500,25,1,0,0,0
wall_follower,192,0,49,30,197000,25,1,0,0,0
dfs_nesw,192,0,48,29,191500,25,1,0,0,0
dfs_straight_first,192,0,48,29,191500,25,1,0,0,0
wall_follower,192,4,37,21,146500,25,1,0,0,0
dfs_nesw,192,4,48,32,197000,25,1,0,0,0
dfs_straight_first,192,4,48,28,191000,25,1,0,0,0
wall_follower,192,8,23,12,89000,20,1,0,0,0
dfs_nesw,192,8,48,28,190000,25,1,0,0,0
dfs_straight_first,192,8,48,24,184000,25,1,0,0,0
wall_follower,192,12,21,9,77500,19,1,0,0,0
dfs_nesw,192,12,48,25,184500,25,1,0,0,0
dfs_straight_first,192,12,48,22,181000,25,1,0,0,0
wall_follower,192,16,17,4,57000,16,1,0,0,0
dfs_nesw,192,16,48,17,170500,25,1,0,0,0
dfs_straight_first,192,16,48,17,170500,25,1,0,0,0
wall_follower,193,0,49,30,196000,25,1,0,0,0
dfs_nesw,193,0,48,29,190500,25,1,0,0,0
dfs_straight_first,193,0,48,29,190500,25,1,0,0,0
wall_follower,193,4,35,21,137500,25,1,0,0,0
dfs_nesw,193,4,48,28,188000,25,1,0,0,0
dfs_straight_first,193,4,48,26,185000,25,1,0,0,0
wall_follower,193,8,17,4,57000,16,1,0,0,0
dfs_nesw,193,8,48,24,184000,25,1,0,0,0
dfs_straight_first,193,8,48,22,181000,25,1,0,0,0
wall_follower,193,12,17,4,57000,16,1,0,0,0
dfs_nesw,193,12,48,21,178500,25,1,0,0,0
dfs_straight_first,193,12,48,21,178500,25,1,0,0,0
wall_follower,193,16,17,4,57000,16,1,0,0,0
dfs_nesw,193,16,48,17,170500,25,1,0,0,0
dfs_straight_first,193,16,48,17,170500,25,1,0,0,0
wall_follower,194,0,49,27,189500,25,1,0,0,0
dfs_nesw,194,0,48,26,184000,25,1,0,0,0
dfs_straight_first,194,0,48,26,184000,25,1,0,0,0
wall_follower,194,4,31,18,121000,23,1,0,0,0
dfs_nesw,194,4,48,26,184000,25,1,0,0,0
dfs_straight_first,194,4,48,26,184000,25,1,0,0,0
wall_follower,194,8,27,12,99000,21,1,0,0,0
dfs_nesw,194,8,48,23,181500,25,1,0,0,0
dfs_straight_first,194,8,48,22,179000,25,1,0,0,0
wall_follower,194,12,21,8,75000,20,1,0,0,0
dfs_nesw,194,12,48,16,170000,25,1,0,0,0
dfs_straight_first,194,12,48,16,170000,25,1,0,0,0
wall_follower,194,16,17,4,57000,16,1,0,0,0
dfs_nesw,194,16,48,17,170500,25,1,0,0,0
dfs_straight_first,194,16,48,17,170500,25,1,0,0,0
wall_follower,195,0,49,33,200500,25,1,0,0,0
dfs_nesw,195,0,48,32,195000,25,1,0,0,0
dfs_straight_first,195,0,48,32,195000,25,1,0,0,0
wall_follower,195,4,31,20,126000,24,1,0,0,0
dfs_nesw,195,4,48,37,203500,25,1,0,0,0
dfs_straight_first,195,4,48,31,192500,25,1,0,0,0
wall_follower,195,8,21,9,77500,19,1,0,0,0
dfs_nesw,195,8,48,26,187000,25,1,0,0,0
dfs_straight_first,195,8,48,25,186500,25,1,0,0,0
wall_follower,195,12,21,9,77500,19,1,0,0,0
dfs_nesw,195,12,48,27,187500,25,1,0,0,0
dfs_straight_first,195,12,48,23,181500,25,1,0,0,0
wall_follower,195,16,17,4,57000,16,1,0,0,0
dfs_nesw,195,16,48,17,170500,25,1,0,0,0
dfs_straight_first,195,16,48,17,170500,25,1,0,0,0
wall_follower,196,0,49,30,198000,25,1,0,0,0
dfs_nesw,196,0,48,29,192500,25,1,0,0,0
dfs_straight_first,196,0,48,29,192500,25,1,0,0,0
wall_follower,196,4,35,20,139000,24,1,0,0,0
dfs_nesw,196,4,48,29,192500,25,1,0,0,0
dfs_straight_first,196,4,48,25,186500,25,1,0,0,0
wall_follower,196,8,21,10,80000,18,1,0,0,0
dfs_nesw,196,8,48,32,198000,25,1,0,0,0
dfs_straight_first,196,8,48,25,186500,25,1,0,0,0
wall_follower,196,12,19,7,68500,17,1,0,0,0
dfs_nesw,196,12,48,25,184500,25,1,0,0,0
dfs_straight_first,196,12,48,24,182000,25,1,0,0,0
wall_follower,196,16,17,4,57000,16,1,0,0,0
dfs_nesw,196,16,48,17,170500,25,1,0,0,0
dfs_straight_first,196,16,48,17,170500,25,1,0,0,0
wall_follower,197,0,49,34,202000,25,1,0,0,0
dfs_nesw,197,0,48,33,196500,25,1,0,0,0
dfs_straight_first,197,0,48,33,196500,25,1,0,0,0
wall_follower,197,4,21,12,81000,20,1,0,0,0
dfs_nesw,197,4,48,33,196500,25,1,0,0,0
dfs_straight_first,197,4,48,34,199000,25,1,0,0,0
wall_follower,197,8,19,8,69000,18,1,0,0,0
dfs_nesw,197,8,48,27,187500,25,1,0,0,0
dfs_straight_first,197,8,48,24,184000,25,1,0,0,0
wall_follower,197,12,17,4,57000,16,1,0,0,0
dfs_nesw,197,12,48,24,182000,25,1,0,0,0
dfs_straight_first,197,12,48,18,173000,25,1,0,0,0
wall_follower,197,16,17,4,57000,16,1,0,0,0
dfs_nesw,197,16,48,17,170500,25,1,0,0,0
dfs_straight_first,197,16,48,17,170500,25,1,0,0,0
wall_follower,198,0,49,31,197500,25,1,0,0,0
dfs_nesw,198,0,48,30,192000,25,1,0,0,0
dfs_straight_first,198,0,48,30,192000,25,1,0,0,0
wall_follower,198,4,31,21,126500,25,1,0,0,0
dfs_nesw,198,4,48,30,192000,25,1,0,0,0
dfs_straight_first,198,4,48,31,194500,25,1,0,0,0
wall_follower,198,8,29,17,114500,25,1,0,0,0
dfs_nesw,198,8,48,23,182500,25,1,0,0,0
dfs_straight_first,198,8,48,23,182500,25,1,0,0,0
wall_follower,198,12,21,12,82000,18,1,0,0,0
dfs_nesw,198,12,48,19,174500,25,1,0,0,0
dfs_straight_first,198,12,48,19,174500,25,1,0,0,0
wall_follower,198,16,17,4,57000,16,1,0,0,0
dfs_nesw,198,16,48,17,170500,25,1,0,0,0
dfs_straight_first,198,16,48,17,170500,25,1,0,0,0
wall_follower,199,0,49,34,202000,25,1,0,0,0
dfs_nesw,199,0,48,33,196500,25,1,0,0,0
dfs_straight_first,199,0,48,33,196500,25,1,0,0,0
wall_follower,199,4,23,11,86500,21,1,0,0,0
dfs_nesw,199,4,48,29,192500,25,1,0,0,0
dfs_straight_first,199,4,48,29,192500,25,1,0,0,0
wall_follower,199,8,19,8,69000,18,1,0,0,0
dfs_nesw,199,8,48,32,196000,25,1,0,0,0
dfs_straight_first,199,8,48,29,190500,25,1,0,0,0
wall_follower,199,12,19,8,69000,18,1,0,0,0
dfs_nesw,199,12,48,32,196000,25,1,0,0,0
dfs_straight_first,199,12,48,26,187000,25,1,0,0,0
wall_follower,199,16,17,4,57000,16,1,0,0,0
dfs_nesw,199,16,48,17,170500,25,1,0,0,0
dfs_straight_first,199,16,48,17,170500,25,1,0,0,0
wall_follower,200,0,49,28,193000,25,1,0,0,0
dfs_nesw,200,0,48,27,187500,25,1,0,0,0
dfs_straight_first,200,0,48,27,187500,25,1,0,0,0
wall_follower,200,4,27,11,98500,21,1,0,0,0
dfs_nesw,200,4,48,23,181500,25,1,0,0,0
dfs_straight_first,200,4,48,23,181500,25,1,0,0,0
wall_follower,200,8,23,7,80500,19,1,0,0,0
dfs_nesw,200,8,48,23,181500,25,1,0,0,0
dfs_straight_first,200,8,48,21,178500,25,1,0,0,0
wall_follower,200,12,17,4,57000,16,1,0,0,0
dfs_nesw,200,12,48,23,181500,25,1,0,0,0
dfs_straight_first,200,12,48,18,173000,25,1,0,0,0
wall_follower,200,16,17,4,57000,16,1,0,0,0
dfs_nesw,200,16,48,17,170500,25,1,0,0,0
dfs_straight_first,200,16,48,17,170500,25,1,0,0,0
wall_follower,201,0,49,29,195500,25,1,0,0,0
dfs_nesw,201,0,48,28,190000,25,1,0,0,0
dfs_straight_first,201,0,48,28,190000,25,1,0,0,0
wall_follower,201,4,37,22,148000,25,1,0,0,0
dfs_nesw,201,4,48,29,192500,25,1,0,0,0
dfs_straight_first,201,4,48,29,192500,25,1,0,0,0
wall_follower,201,8,21,11,80500,18,1,0,0,0
dfs_nesw,201,8,48,29,190500,25,1,0,0,0
dfs_straight_first,201,8,48,26,187000,25,1,0,0,0
wall_follower,201,12,19,7,68500,17,1,0,0,0
dfs_nesw,201,12,48,21,176500,25,1,0,0,0
dfs_straight_first,201,12,48,17,170500,25,1,0,0,0
wall_follower,201,16,17,4,57000,16,1,0,0,0
dfs_nesw,201,16,48,17,170500,25,1,0,0,0
dfs_straight_first,201,16,48,17,170500,25,1,0,0,0
wall_follower,202,0,49,21,181500,25,1,0,0,0
dfs_nesw,202,0,48,20,176000,25,1,0,0,0
dfs_straight_first,202,0,48,20,176000,25,1,0,0,0
wall_follower,202,4,37,14,134000,25,1,0,0,0
dfs_nesw,202,4,48,21,178500,25,1,0,0,0
dfs_straight_first,202,4,48,21,178500,25,1,0,0,0
wall_follower,202,8,21,10,80000,18,1,0,0,0
dfs_nesw,202,8,48,22,179000,25,1,0,0,0
dfs_straight_first,202,8,48,21,178500,25,1,0,0,0
wall_follower,202,12,19,7,68500,17,1,0,0,0
dfs_nesw,202,12,48,22,179000,25,1,0,0,0
dfs_straight_first,202,12,48,18,173000,25,1,0,0,0
wall_follower,202,16,17,4,57000,16,1,0,0,0
dfs_nesw,202,16,48,17,170500,25,1,0,0,0
dfs_straight_first,202,16,48,17,170500,25,1,0,0,0
wall_follower,203,0,49,33,201500,25,1,0,0,0
dfs_nesw,203,0,48,32,196000,25,1,0,0,0
dfs_straight_first,203,0,48,32,196000,25,1,0,0,0
wall_follower,203,4,27,13,103500,20,1,0,0,0
dfs_nesw,203,4,48,25,184500,25,1,0,0,0
dfs_straight_first,203,4,48,28,190000,25,1,0,0,0
wall_follower,203,8,21,10,80000,18,1,0,0,0
dfs_nesw,203,8,48,25,184500,25,1,0,0,0
dfs_straight_first,203,8,48,25,184500,25,1,0,0,0
wall_follower,203,12,19,7,68500,17,1,0,0,0
dfs_nesw,203,12,48,22,179000,25,1,0,0,0
dfs_straight_first,203,12,48,23,181500,25,1,0,0,0
wall_follower,203,16,17,4,57000,16,1,0,0,0
dfs_nesw,203,16,48,17,170500,25,1,0,0,0
dfs_straight_first,203,16,48,17,170500,25,1,0,0,0
wall_follower,204,0,49,33,201500,25,1,0,0,0
dfs_nesw,204,0,48,32,196000,25,1,0,0,0
dfs_straight_first,204,0,48,32,196000,25,1,0,0,0
wall_follower,204,4,19,7,68500,17,1,0,0,0
dfs_nesw,204,4,48,27,189500,25,1,0,0,0
dfs_straight_first,204,4,48,22,181000,25,1,0,0,0
wall_follower,204,8,19,7,68500,17,1,0,0,0
dfs_nesw,204,8,48,29,192500,25,1,0,0,0
dfs_straight_first,204,8,48,20,178000,25,1,0,0,0
wall_follower,204,12,17,4,57000,16,1,0,0,0
dfs_nesw,204,12,48,21,178500,25,1,0,0,0
dfs_straight_first,204,12,48,21,178500,25,1,0,0,0
wall_follower,204,16,17,4,57000,16,1,0,0,0
dfs_nesw,204,16,48,17,170500,25,1,0,0,0
dfs_straight_first,204,16,48,17,170500,25,1,0,0,0
wall_follower,205,0,49,33,199500,25,1,0,0,0
dfs_nesw,205,0,48,32,194000,25,1,0,0,0
dfs_straight_first,205,0,48,32,194000,25,1,0,0,0
wall_follower,205,4,33,23,136500,25,1,0,0,0
dfs_nesw,205,4,48,34,197000,25,1,0,0,0
dfs_straight_first,205,4,48,32,194000,25,1,0,0,0
wall_follower,205,8,23,14,92000,20,1,0,0,0
dfs_nesw,205,8,48,30,193000,25,1,0,0,0
dfs_straight_first,205,8,48,24,182000,25,1,0,0,0
wall_follower,205,12,21,11,80500,19,1,0,0,0
dfs_nesw,205,12,48,27,187500,25,1,0,0,0
dfs_straight_first,205,12,48,18,173000,25,1,0,0,0
wall_follower,205,16,17,4,57000,16,1,0,0,0
dfs_nesw,205,16,48,17,170500,25,1,0,0,0
dfs_straight_first,205,16,48,17,170500,25,1,0,0,0
wall_follower,206,0,49,23,185500,25,1,0,0,0
dfs_nesw,206,0,48,22,180000,25,1,0,0,0
dfs_straight_first,206,0,48,22,180000,25,1,0,0,0
wall_follower,206,4,29,14,110000,22,1,0,0,0
dfs_nesw,206,4,48,23,181500,25,1,0,0,0
dfs_straight_first,206,4,48,23,181500,25,1,0,0,0
wall_follower,206,8,23,8,81000,22,1,0,0,0
dfs_nesw,206,8,48,23,179500,25,1,0,0,0
dfs_straight_first,206,8,48,20,176000,25,1,0,0,0
wall_follower,206,12,17,4,57000,16,1,0,0,0
dfs_nesw,206,12,48,23,181500,25,1,0,0,0
dfs_straight_first,206,12,48,20,176000,25,1,0,0,0
wall_follower,206,16,17,4,57000,16,1,0,0,0
dfs_nesw,206,16,48,17,170500,25,1,0,0,0
dfs_straight_first,206,16,48,17,170500,25,1,0,0,0
wall_follower,207,0,49,39,209500,25,1,0,0,0
dfs_nesw,207,0,48,38,204000,25,1,0,0,0
dfs_straight_first,207,0,48,38,204000,25,1,0,0,0
wall_follower,207,4,37,26,153000,25,1,0,0,0
dfs_nesw,207,4,48,35,200500,25,1,0,0,0
dfs_straight_first,207,4,48,33,197500,25,1,0,0,0
wall_follower,207,8,29,16,113000,23,1,0,0,0
dfs_nesw,207,8,48,23,181500,25,1,0,0,0
dfs_straight_first,207,8,48,23,181500,25,1,0,0,0
wall_follower,207,12,23,9,83500,19,1,0,0,0
dfs_nesw,207,12,48,21,178500,25,1,0,0,0
dfs_straight_first,207,12,48,19,175500,25,1,0,0,0
wall_follower,207,16,17,4,57000,16,1,0,0,0
dfs_nesw,207,16,48,17,170500,25,1,0,0,0
dfs_straight_first,207,16,48,17,170500,25,1,0,0,0
wall_follower,208,0,49,26,190000,25,1,0,0,0
dfs_nesw,208,0,48,25,184500,25,1,0,0,0
dfs_straight_first,208,0,48,25,184500,25,1,0,0,0
wall_follower,208,4,33,20,133000,25,1,0,0,0
dfs_nesw,208,4,48,33,198500,25,1,0,0,0
dfs_straight_first,208,4,48,25,184500,25,1,0,0,0
wall_follower,208,8,31,18,124000,23,1,0,0,0
dfs_nesw,208,8,48,32,198000,25,1,0,0,0
dfs_straight_first,208,8,48,20,178000,25,1,0,0,0
wall_follower,208,12,19,8,69000,18,1,0,0,0
dfs_nesw,208,12,48,21,178500,25,1,0,0,0
dfs_straight_first,208,12,48,18,173000,25,1,0,0,0
wall_follower,208,16,17,4,57000,16,1,0,0,0
dfs_nesw,208,16,48,17,170500,25,1,0,0,0
dfs_straight_first,208,16,48,17,170500,25,1,0,0,0
wall_follower,209,0,49,31,198500,25,1,0,0,0
dfs_nesw,209,0,48,30,193000,25,1,0,0,0
dfs_straight_first,209,0,48,30,193000,25,1,0,0,0
wall_follower,209,4,31,18,122000,24,1,0,0,0
dfs_nesw,209,4,48,24,182000,25,1,0,0,0
dfs_straight_first,209,4,48,24,182000,25,1,0,0,0
wall_follower,209,8,21,11,80500,19,1,0,0,0
dfs_nesw,209,8,48,27,187500,25,1,0,0,0
dfs_straight_first,209,8,48,24,182000,25,1,0,0,0
wall_follower,209,12,21,11,80500,19,1,0,0,0
dfs_nesw,209,12,48,27,187500,25,1,0,0,0
dfs_straight_first,209,12,48,23,181500,25,1,0,0,0
wall_follower,209,16,17,4,57000,16,1,0,0,0
dfs_nesw,209,16,48,17,170500,25,1,0,0,0
dfs_straight_first,209,16,48,17,170500,25,1,0,0,0
wall_follower,210,0,49,31,198500,25,1,0,0,0
dfs_nesw,210,0,48,30,193000,25,1,0,0,0
dfs_straight_first,210,0,48,30,193000,25,1,0,0,0
wall_follower,210,4,25,14,98000,20,1,0,0,0
dfs_nesw,210,4,48,34,199000,25,1,0,0,0
dfs_straight_first,210,4,48,28,190000,25,1,0,0,0
wall_follower,210,8,19,7,68500,17,1,0,0,0
dfs_nesw,210,8,48,29,190500,25,1,0,0,0
dfs_straight_first,210,8,48,24,182000,25,1,0,0,0
wall_follower,210,12,17,4,57000,16,1,0,0,0
dfs_nesw,210,12,48,23,181500,25,1,0,0,0
dfs_straight_first,210,12,48,19,173500,25,1,0,0,0
wall_follower,210,16,17,4,57000,16,1,0,0,0
dfs_nesw,210,16,48,17,170500,25,1,0,0,0
dfs_straight_first,210,16,48,17,170500,25,1,0,0,0
wall_follower,211,0,49,34,202000,25,1,0,0,0
dfs_nesw,211,0,48,33,196500,25,1,0,0,0
dfs_straight_first,211,0,48,33,196500,25,1,0,0,0
wall_follower,211,4,23,12,87000,22,1,0,0,0
dfs_nesw,211,4,48,28,188000,25,1,0,0,0
dfs_straight_first,211,4,48,24,182000,25,1,0,0,0
wall_follower,211,8,21,8,75000,20,1,0,0,0
dfs_nesw,211,8,48,19,173500,25,1,0,0,0
dfs_straight_first,211,8,48,18,173000,25,1,0,0,0
wall_follower,211,12,17,4,57000,16,1,0,0,0
dfs_nesw,211,12,48,20,178000,25,1,0,0,0
dfs_straight_first,211,12,48,19,175500,25,1,0,0,0
wall_follower,211,16,17,4,57000,16,1,0,0,0
dfs_nesw,211,16,48,17,170500,25,1,0,0,0
dfs_straight_first,211,16,48,17,170500,25,1,0,0,0
wall_follower,212,0,49,29,193500,25,1,0,0,0
dfs_nesw,212,0,48,28,188000,25,1,0,0,0
dfs_straight_first,212,0,48,28,188000,25,1,0,0,0
wall_follower,212,4,35,21,139500,24,1,0,0,0
dfs_nesw,212,4,48,26,185000,25,1,0,0,0
dfs_straight_first,212,4,48,27,187500,25,1,0,0,0
wall_follower,212,8,27,9,95500,20,1,0,0,0
dfs_nesw,212,8,48,22,179000,25,1,0,0,0
dfs_straight_first,212,8,48,18,173000,25,1,0,0,0
wall_follower,212,12,19,7,68500,17,1,0,0,0
dfs_nesw,212,12,48,17,170500,25,1,0,0,0
dfs_straight_first,212,12,48,17,170500,25,1,0,0,0
wall_follower,212,16,17,4,57000,16,1,0,0,0
dfs_nesw,212,16,48,17,170500,25,1,0,0,0
dfs_straight_first,212,16,48,17,170500,25,1,0,0,0
wall_follower,213,0,49,35,203500,25,1,0,0,0
dfs_nesw,213,0,48,34,198000,25,1,0,0,0
dfs_straight_first,213,0,48,34,198000,25,1,0,0,0
wall_follower,213,4,37,26,152000,25,1,0,0,0
dfs_nesw,213,4,48,34,199000,25,1,0,0,0
dfs_straight_first,213,4,48,29,190500,25,1,0,0,0
wall_follower,213,8,27,18,110000,23,1,0,0,0
dfs_nesw,213,8,48,32,196000,25,1,0,0,0
dfs_straight_first,213,8,48,25,186500,25,1,0,0,0
wall_follower,213,12,21,11,80500,19,1,0,0,0
dfs_nesw,213,12,48,28,190000,25,1,0,0,0
dfs_straight_first,213,12,48,22,181000,25,1,0,0,0
wall_follower,213,16,17,4,57000,16,1,0,0,0
dfs_nesw,213,16,48,17,170500,25,1,0,0,0
dfs_straight_first,213,16,48,17,170500,25,1,0,0,0
wall_follower,214,0,49,26,191000,25,1,0,0,0
dfs_nesw,214,0,48,25,185500,25,1,0,0,0
dfs_straight_first,214,0,48,25,185500,25,1,0,0,0
wall_follower,214,4,31,12,113000,22,1,0,0,0
dfs_nesw,214,4,48,20,178000,25,1,0,0,0
dfs_straight_first,214,4,48,18,175000,25,1,0,0,0
wall_follower,214,8,21,11,80500,19,1,0,0,0
dfs_nesw,214,8,48,25,186500,25,1,0,0,0
dfs_straight_first,214,8,48,25,186500,25,1,0,0,0
wall_follower,214,12,19,7,68500,17,1,0,0,0
dfs_nesw,214,12,48,25,184500,25,1,0,0,0
dfs_straight_first,214,12,48,20,178000,25,1,0,0,0
wall_follower,214,16,17,4,57000,16,1,0,0,0
dfs_nesw,214,16,48,17,170500,25,1,0,0,0
dfs_straight_first,214,16,48,17,170500,25,1,0,0,0
wall_follower,215,0,49,29,193500,25,1,0,0,0
dfs_nesw,215,0,48,28,188000,25,1,0,0,0
dfs_straight_first,215,0,48,28,188000,25,1,0,0,0
wall_follower,215,4,21,11,80500,19,1,0,0,0
dfs_nesw,215,4,48,24,182000,25,1,0,0,0
dfs_straight_first,215,4,48,23,181500,25,1,0,0,0
wall_follower,215,8,19,7,68500,17,1,0,0,0
dfs_nesw,215,8,48,22,179000,25,1,0,0,0
dfs_straight_first,215,8,48,18,173000,25,1,0,0,0
wall_follower,215,12,19,7,68500,17,1,0,0,0
dfs_nesw,215,12,48,21,176500,25,1,0,0,0
dfs_straight_first,215,12,48,17,170500,25,1,0,0,0
wall_follower,215,16,17,4,57000,16,1,0,0,0
dfs_nesw,215,16,48,17,170500,25,1,0,0,0
dfs_straight_first,215,16,48,17,170500,25,1,0,0,0
wall_follower,216,0,49,33,200500,25,1,0,0,0
dfs_nesw,216,0,48,32,195000,25,1,0,0,0
dfs_straight_first,216,0,48,32,195000,25,1,0,0,0
wall_follower,216,4,23,11,87500,19,1,0,0,0
dfs_nesw,216,4,48,34,198000,25,1,0,0,0
dfs_straight_first,216,4,48,22,180000,25,1,0,0,0
wall_follower,216,8,19,8,70000,17,1,0,0,0
dfs_nesw,216,8,48,26,186000,25,1,0,0,0
dfs_straight_first,216,8,48,19,174500,25,1,0,0,0
wall_follower,216,12,17,4,57000,16,1,0,0,0
dfs_nesw,216,12,48,16,170000,25,1,0,0,0
dfs_straight_first,216,12,48,17,170500,25,1,0,0,0
wall_follower,216,16,17,4,57000,16,1,0,0,0
dfs_nesw,216,16,48,17,170500,25,1,0,0,0
dfs_straight_first,216,16,48,17,170500,25,1,0,0,0
wall_follower,217,0,49,27,191500,25,1,0,0,0
dfs_nesw,217,0,48,26,186000,25,1,0,0,0
dfs_straight_first,217,0,48,26,186000,25,1,0,0,0
wall_follower,217,4,31,18,123000,23,1,0,0,0
dfs_nesw,217,4,48,27,188500,25,1,0,0,0
dfs_straight_first,217,4,48,26,186000,25,1,0,0,0
wall_follower,217,8,23,11,87500,19,1,0,0,0
dfs_nesw,217,8,48,27,188500,25,1,0,0,0
dfs_straight_first,217,8,48,23,182500,25,1,0,0,0
wall_follower,217,12,19,8,70000,17,1,0,0,0
dfs_nesw,217,12,48,28,189000,25,1,0,0,0
dfs_straight_first,217,12,48,20,177000,25,1,0,0,0
wall_follower,217,16,17,4,57000,16,1,0,0,0
dfs_nesw,217,16,48,17,170500,25,1,0,0,0
dfs_straight_first,217,16,48,17,170500,25,1,0,0,0
wall_follower,218,0,49,33,200500,25,1,0,0,0
dfs_nesw,218,0,48,32,195000,25,1,0,0,0
dfs_straight_first,218,0,48,32,195000,25,1,0,0,0
wall_follower,218,4,35,24,143000,25,1,0,0,0
dfs_nesw,218,4,48,32,196000,25,1,0,0,0
dfs_straight_first,218,4,48,30,193000,25,1,0,0,0
wall_follower,218,8,27,15,104500,22,1,0,0,0
dfs_nesw,218,8,48,23,181500,25,1,0,0,0
dfs_straight_first,218,8,48,23,181500,25,1,0,0,0
wall_follower,218,12,19,8,69000,18,1,0,0,0
dfs_nesw,218,12,48,22,179000,25,1,0,0,0
dfs_straight_first,218,12,48,21,176500,25,1,0,0,0
wall_follower,218,16,17,4,57000,16,1,0,0,0
dfs_nesw,218,16,48,17,170500,25,1,0,0,0
dfs_straight_first,218,16,48,17,170500,25,1,0,0,0
wall_follower,219,0,49,35,204500,25,1,0,0,0
dfs_nesw,219,0,48,34,199000,25,1,0,0,0
dfs_straight_first,219,0,48,34,199000,25,1,0,0,0
wall_follower,219,4,23,12,89000,19,1,0,0,0
dfs_nesw,219,4,48,28,190000,25,1,0,0,0
dfs_straight_first,219,4,48,24,184000,25,1,0,0,0
wall_follower,219,8,23,12,89000,19,1,0,0,0
dfs_nesw,219,8,48,27,187500,25,1,0,0,0
dfs_straight_first,219,8,48,23,181500,25,1,0,0,0
wall_follower,219,12,21,9,77500,18,1,0,0,0
dfs_nesw,219,12,48,27,187500,25,1,0,0,0
dfs_straight_first,219,12,48,21,178500,25,1,0,0,0
wall_follower,219,16,17,4,57000,16,1,0,0,0
dfs_nesw,219,16,48,17,170500,25,1,0,0,0
dfs_straight_first,219,16,48,17,170500,25,1,0,0,0
wall_follower,220,0,49,32,199000,25,1,0,0,0
dfs_nesw,220,0,48,31,193500,25,1,0,0,0
dfs_straight_first,220,0,48,31,193500,25,1,0,0,0
wall_follower,220,4,37,25,151500,25,1,0,0,0
dfs_nesw,220,4,48,32,196000,25,1,0,0,0
dfs_straight_first,220,4,48,30,193000,25,1,0,0,0
wall_follower,220,8,25,12,95000,19,1,0,0,0
dfs_nesw,220,8,48,25,184500,25,1,0,0,0
dfs_straight_first,220,8,48,23,181500,25,1,0,0,0
wall_follower,220,12,19,7,68500,17,1,0,0,0
dfs_nesw,220,12,48,22,179000,25,1,0,0,0
dfs_straight_first,220,12,48,19,173500,25,1,0,0,0
wall_follower,220,16,17,4,57000,16,1,0,0,0
dfs_nesw,220,16,48,17,170500,25,1,0,0,0
dfs_straight_first,220,16,48,17,170500,25,1,0,0,0
wall_follower,221,0,49,35,204500,25,1,0,0,0
dfs_nesw,221,0,48,34,199000,25,1,0,0,0
dfs_straight_first,221,0,48,34,199000,25,1,0,0,0
wall_follower,221,4,29,23,124500,23,1,0,0,0
dfs_nesw,221,4,48,35,201500,25,1,0,0,0
dfs_straight_first,221,4,48,32,198000,25,1,0,0,0
wall_follower,221,8,25,18,104000,21,1,0,0,0
dfs_nesw,221,8,48,33,198500,25,1,0,0,0
dfs_straight_first,221,8,48,29,192500,25,1,0,0,0
wall_follower,221,12,21,11,80500,19,1,0,0,0
dfs_nesw,221,12,48,26,185000,25,1,0,0,0
dfs_straight_first,221,12,48,19,175500,25,1,0,0,0
wall_follower,221,16,17,4,57000,16,1,0,0,0
dfs_nesw,221,16,48,17,170500,25,1,0,0,0
dfs_straight_first,221,16,48,17,170500,25,1,0,0,0
wall_follower,222,0,49,29,194500,25,1,0,0,0
dfs_nesw,222,0,48,28,189000,25,1,0,0,0
dfs_straight_first,222,0,48,28,189000,25,1,0,0,0
wall_follower,222,4,31,16,120000,25,1,0,0,0
dfs_nesw,222,4,48,26,186000,25,1,0,0,0
dfs_straight_first,222,4,48,22,180000,25,1,0,0,0
wall_follower,222,8,25,11,93500,22,1,0,0,0
dfs_nesw,222,8,48,28,189000,25,1,0,0,0
dfs_straight_first,222,8,48,18,174000,25,1,0,0,0
wall_follower,222,12,19,8,70000,17,1,0,0,0
dfs_nesw,222,12,48,26,186000,25,1,0,0,0
dfs_straight_first,222,12,48,18,172000,25,1,0,0,0
wall_follower,222,16,17,4,57000,16,1,0,0,0
dfs_nesw,222,16,48,17,170500,25,1,0,0,0
dfs_straight_first,222,16,48,17,170500,25,1,0,0,0
wall_follower,223,0,49,33,201500,25,1,0,0,0
dfs_nesw,223,0,48,32,196000,25,1,0,0,0
dfs_straight_first,223,0,48,32,196000,25,1,0,0,0
wall_follower,223,4,33,22,136000,23,1,0,0,0
dfs_nesw,223,4,48,29,192500,25,1,0,0,0
dfs_straight_first,223,4,48,30,195000,25,1,0,0,0
wall_follower,223,8,31,18,124000,22,1,0,0,0
dfs_nesw,223,8,48,29,192500,25,1,0,0,0
dfs_straight_first,223,8,48,24,184000,25,1,0,0,0
wall_follower,223,12,25,11,92500,20,1,0,0,0
dfs_nesw,223,12,48,21,176500,25,1,0,0,0
dfs_straight_first,223,12,48,20,176000,25,1,0,0,0
wall_follower,223,16,17,4,57000,16,1,0,0,0
dfs_nesw,223,16,48,17,170500,25,1,0,0,0
dfs_straight_first,223,16,48,17,170500,25,1,0,0,0
wall_follower,224,0,49,34,201000,25,1,0,0,0
dfs_nesw,224,0,48,33,195500,25,1,0,0,0
dfs_straight_first,224,0,48,33,195500,25,1,0,0,0
wall_follower,224,4,39,25,156500,25,1,0,0,0
dfs_nesw,224,4,48,29,191500,25,1,0,0,0
dfs_straight_first,224,4,48,28,189000,25,1,0,0,0
wall_follower,224,8,17,4,57000,16,1,0,0,0
dfs_nesw,224,8,48,26,187000,25,1,0,0,0
dfs_straight_first,224,8,48,23,183500,25,1,0,0,0
wall_follower,224,12,17,4,57000,16,1,0,0,0
dfs_nesw,224,12,48,21,178500,25,1,0,0,0
dfs_straight_first,224,12,48,20,178000,25,1,0,0,0
wall_follower,224,16,17,4,57000,16,1,0,0,0
dfs_nesw,224,16,48,17,170500,25,1,0,0,0
dfs_straight_first,224,16,48,17,170500,25,1,0,0,0
wall_follower,225,0,49,29,194500,25,1,0,0,0
dfs_nesw,225,0,48,28,189000,25,1,0,0,0
dfs_straight_first,225,0,48,28,189000,25,1,0,0,0
wall_follower,225,4,23,12,88000,19,1,0,0,0
dfs_nesw,225,4,48,28,189000,25,1,0,0,0
dfs_straight_first,225,4,48,24,183000,25,1,0,0,0
wall_follower,225,8,19,8,69000,18,1,0,0,0
dfs_nesw,225,8,48,24,182000,25,1,0,0,0
dfs_straight_first,225,8,48,22,179000,25,1,0,0,0
wall_follower,225,12,17,4,57000,16,1,0,0,0
dfs_nesw,225,12,48,24,182000,25,1,0,0,0
dfs_straight_first,225,12,48,19,175500,25,1,0,0,0
wall_follower,225,16,17,4,57000,16,1,0,0,0
dfs_nesw,225,16,48,17,170500,25,1,0,0,0
dfs_straight_first,225,16,48,17,170500,25,1,0,0,0
wall_follower,226,0,49,37,207500,25,1,0,0,0
dfs_nesw,226,0,48,36,202000,25,1,0,0,0
dfs_straight_first,226,0,48,36,202000,25,1,0,0,0
wall_follower,226,4,29,19,118500,23,1,0,0,0
dfs_nesw,226,4,48,34,199000,25,1,0,0,0
dfs_straight_first,226,4,48,30,193000,25,1,0,0,0
wall_follower,226,8,19,7,68500,17,1,0,0,0
dfs_nesw,226,8,48,23,181500,25,1,0,0,0
dfs_straight_first,226,8,48,23,181500,25,1,0,0,0
wall_follower,226,12,19,7,68500,17,1,0,0,0
dfs_nesw,226,12,48,19,175500,25,1,0,0,0
dfs_straight_first,226,12,48,18,173000,25,1,0,0,0
wall_follower,226,16,17,4,57000,16,1,0,0,0
dfs_nesw,226,16,48,17,170500,25,1,0,0,0
dfs_straight_first,226,16,48,17,170500,25,1,0,0,0
wall_follower,227,0,49,34,202000,25,1,0,0,0
dfs_nesw,227,0,48,33,196500,25,1,0,0,0
dfs_straight_first,227,0,48,33,196500,25,1,0,0,0
wall_follower,227,4,31,21,127500,23,1,0,0,0
dfs_nesw,227,4,48,32,196000,25,1,0,0,0
dfs_straight_first,227,4,48,29,190500,25,1,0,0,0
wall_follower,227,8,27,18,110000,21,1,0,0,0
dfs_nesw,227,8,48,35,199500,25,1,0,0,0
dfs_straight_first,227,8,48,30,191000,25,1,0,0,0
wall_follower,227,12,21,11,80500,19,1,0,0,0
dfs_nesw,227,12,48,33,196500,25,1,0,0,0
dfs_straight_first,227,12,48,22,181000,25,1,0,0,0
wall_follower,227,16,17,4,57000,16,1,0,0,0
dfs_nesw,227,16,48,17,170500,25,1,0,0,0
dfs_straight_first,227,16,48,17,170500,25,1,0,0,0
wall_follower,228,0,49,34,204000,25,1,0,0,0
dfs_nesw,228,0,48,33,198500,25,1,0,0,0
dfs_straight_first,228,0,48,33,198500,25,1,0,0,0
wall_follower,228,4,25,16,103000,20,1,0,0,0
dfs_nesw,228,4,48,32,198000,25,1,0,0,0
dfs_straight_first,228,4,48,27,189500,25,1,0,0,0
wall_follower,228,8,23,14,92000,20,1,0,0,0
dfs_nesw,228,8,48,29,192500,25,1,0,0,0
dfs_straight_first,228,8,48,25,186500,25,1,0,0,0
wall_follower,228,12,19,8,69000,18,1,0,0,0
dfs_nesw,228,12,48,24,184000,25,1,0,0,0
dfs_straight_first,228,12,48,24,184000,25,1,0,0,0
wall_follower,228,16,17,4,57000,16,1,0,0,0
dfs_nesw,228,16,48,17,170500,25,1,0,0,0
dfs_straight_first,228,16,48,17,170500,25,1,0,0,0
wall_follower,229,0,49,25,187500,25,1,0,0,0
dfs_nesw,229,0,48,24,182000,25,1,0,0,0
dfs_straight_first,229,0,48,24,182000,25,1,0,0,0
wall_follower,229,4,35,18,134000,23,1,0,0,0
dfs_nesw,229,4,48,23,181500,25,1,0,0,0
dfs_straight_first,229,4,48,23,181500,25,1,0,0,0
wall_follower,229,8,23,11,86500,20,1,0,0,0
dfs_nesw,229,8,48,27,187500,25,1,0,0,0
dfs_straight_first,229,8,48,21,178500,25,1,0,0,0
wall_follower,229,12,23,11,86500,20,1,0,0,0
dfs_nesw,229,12,48,21,178500,25,1,0,0,0
dfs_straight_first,229,12,48,18,173000,25,1,0,0,0
wall_follower,229,16,17,4,57000,16,1,0,0,0
dfs_nesw,229,16,48,17,170500,25,1,0,0,0
dfs_straight_first,229,16,48,17,170500,25,1,0,0,0
wall_follower,230,0,49,29,193500,25,1,0,0,0
dfs_nesw,230,0,48,28,188000,25,1,0,0,0
dfs_straight_first,230,0,48,28,188000,25,1,0,0,0
wall_follower,230,4,41,23,158500,25,1,0,0,0
dfs_nesw,230,4,48,31,193500,25,1,0,0,0
dfs_straight_first,230,4,48,28,188000,25,1,0,0,0
wall_follower,230,8,31,16,117000,25,1,0,0,0
dfs_nesw,230,8,48,28,188000,25,1,0,0,0
dfs_straight_first,230,8,48,26,187000,25,1,0,0,0
wall_follower,230,12,19,8,69000,18,1,0,0,0
dfs_nesw,230,12,48,22,179000,25,1,0,0,0
dfs_straight_first,230,12,48,22,179000,25,1,0,0,0
wall_follower,230,16,17,4,57000,16,1,0,0,0
dfs_nesw,230,16,48,17,170500,25,1,0,0,0
dfs_straight_first,230,16,48,17,170500,25,1,0,0,0
wall_follower,231,0,49,36,204000,25,1,0,0,0
dfs_nesw,231,0,48,35,198500,25,1,0,0,0
dfs_straight_first,231,0,48,35,198500,25,1,0,0,0
wall_follower,231,4,35,25,144500,23,1,0,0,0
dfs_nesw,231,4,48,36,201000,25,1,0,0,0
dfs_straight_first,231,4,48,31,192500,25,1,0,0,0
wall_follower,231,8,27,20,112000,22,1,0,0,0
dfs_nesw,231,8,48,31,194500,25,1,0,0,0
dfs_straight_first,231,8,48,29,191500,25,1,0,0,0
wall_follower,231,12,23,16,93000,21,1,0,0,0
dfs_nesw,231,12,48,32,196000,25,1,0,0,0
dfs_straight_first,231,12,48,27,187500,25,1,0,0,0
wall_follower,231,16,17,4,57000,16,1,0,0,0
dfs_nesw,231,16,48,17,170500,25,1,0,0,0
dfs_straight_first,231,16,48,17,170500,25,1,0,0,0
wall_follower,232,0,49,29,195500,25,1,0,0,0
dfs_nesw,232,0,48,28,190000,25,1,0,0,0
dfs_straight_first,232,0,48,28,190000,25,1,0,0,0
wall_follower,232,4,33,17,125500,23,1,0,0,0
dfs_nesw,232,4,48,28,190000,25,1,0,0,0
dfs_straight_first,232,4,48,23,181500,25,1,0,0,0
wall_follower,232,8,19,8,69000,18,1,0,0,0
dfs_nesw,232,8,48,34,199000,25,1,0,0,0
dfs_straight_first,232,8,48,22,181000,25,1,0,0,0
wall_follower,232,12,17,4,57000,16,1,0,0,0
dfs_nesw,232,12,48,20,176000,25,1,0,0,0
dfs_straight_first,232,12,48,19,175500,25,1,0,0,0
wall_follower,232,16,17,4,57000,16,1,0,0,0
dfs_nesw,232,16,48,17,170500,25,1,0,0,0
dfs_straight_first,232,16,48,17,170500,25,1,0,0,0
wall_follower,233,0,49,29,194500,25,1,0,0,0
dfs_nesw,233,0,48,28,189000,25,1,0,0,0
dfs_straight_first,233,0,48,28,189000,25,1,0,0,0
wall_follower,233,4,35,19,135500,24,1,0,0,0
dfs_nesw,233,4,48,23,180500,25,1,0,0,0
dfs_straight_first,233,4,48,23,180500,25,1,0,0,0
wall_follower,233,8,27,15,105500,21,1,0,0,0
dfs_nesw,233,8,48,21,179500,25,1,0,0,0
dfs_straight_first,233,8,48,20,177000,25,1,0,0,0
wall_follower,233,12,17,4,57000,16,1,0,0,0
dfs_nesw,233,12,48,17,170500,25,1,0,0,0
dfs_straight_first,233,12,48,18,173000,25,1,0,0,0
wall_follower,233,16,17,4,57000,16,1,0,0,0
dfs_nesw,233,16,48,17,170500,25,1,0,0,0
dfs_straight_first,233,16,48,17,170500,25,1,0,0,0
wall_follower,234,0,49,32,197000,25,1,0,0,0
dfs_nesw,234,0,48,31,191500,25,1,0,0,0
dfs_straight_first,234,0,48,31,191500,25,1,0,0,0
wall_follower,234,4,29,16,113000,23,1,0,0,0
dfs_nesw,234,4,48,28,190000,25,1,0,0,0
dfs_straight_first,234,4,48,26,187000,25,1,0,0,0
wall_follower,234,8,25,16,101000,21,1,0,0,0
dfs_nesw,234,8,48,28,190000,25,1,0,0,0
dfs_straight_first,234,8,48,24,184000,25,1,0,0,0
wall_follower,234,12,19,7,68500,17,1,0,0,0
dfs_nesw,234,12,48,16,170000,25,1,0,0,0
dfs_straight_first,234,12,48,17,170500,25,1,0,0,0
wall_follower,234,16,17,4,57000,16,1,0,0,0
dfs_nesw,234,16,48,17,170500,25,1,0,0,0
dfs_straight_first,234,16,48,17,170500,25,1,0,0,0
wall_follower,235,0,49,35,205500,25,1,0,0,0
dfs_nesw,235,0,48,34,200000,25,1,0,0,0
dfs_straight_first,235,0,48,34,200000,25,1,0,0,0
wall_follower,235,4,29,19,119500,23,1,0,0,0
dfs_nesw,235,4,48,35,202500,25,1,0,0,0
dfs_straight_first,235,4,48,32,197000,25,1,0,0,0
wall_follower,235,8,25,18,105000,21,1,0,0,0
dfs_nesw,235,8,48,35,200500,25,1,0,0,0
dfs_straight_first,235,8,48,29,191500,25,1,0,0,0
wall_follower,235,12,21,11,80500,19,1,0,0,0
dfs_nesw,235,12,48,28,190000,25,1,0,0,0
dfs_straight_first,235,12,48,27,187500,25,1,0,0,0
wall_follower,235,16,17,4,57000,16,1,0,0,0
dfs_nesw,235,16,48,17,170500,25,1,0,0,0
dfs_straight_first,235,16,48,17,170500,25,1,0,0,0
wall_follower,236,0,49,37,208500,25,1,0,0,0
dfs_nesw,236,0,48,36,203000,25,1,0,0,0
dfs_straight_first,236,0,48,36,203000,25,1,0,0,0
wall_follower,236,4,33,21,134500,23,1,0,0,0
dfs_nesw,236,4,48,34,200000,25,1,0,0,0
dfs_straight_first,236,4,48,32,199000,25,1,0,0,0
wall_follower,236,8,23,12,90000,19,1,0,0,0
dfs_nesw,236,8,48,29,191500,25,1,0,0,0
dfs_straight_first,236,8,48,26,188000,25,1,0,0,0
wall_follower,236,12,19,7,68500,17,1,0,0,0
dfs_nesw,236,12,48,22,179000,25,1,0,0,0
dfs_straight_first,236,12,48,23,181500,25,1,0,0,0
wall_follower,236,16,17,4,57000,16,1,0,0,0
dfs_nesw,236,16,48,17,170500,25,1,0,0,0
dfs_straight_first,236,16,48,17,170500,25,1,0,0,0
wall_follower,237,0,49,27,191500,25,1,0,0,0
dfs_nesw,237,0,48,26,186000,25,1,0,0,0
dfs_straight_first,237,0,48,26,186000,25,1,0,0,0
wall_follower,237,4,35,22,141000,24,1,0,0,0
dfs_nesw,237,4,48,28,189000,25,1,0,0,0
dfs_straight_first,237,4,48,26,186000,25,1,0,0,0
wall_follower,237,8,29,17,114500,21,1,0,0,0
dfs_nesw,237,8,48,23,182500,25,1,0,0,0
dfs_straight_first,237,8,48,24,183000,25,1,0,0,0
wall_follower,237,12,19,8,69000,18,1,0,0,0
dfs_nesw,237,12,48,23,181500,25,1,0,0,0
dfs_straight_first,237,12,48,21,178500,25,1,0,0,0
wall_follower,237,16,17,4,57000,16,1,0,0,0
dfs_nesw,237,16,48,17,170500,25,1,0,0,0
dfs_straight_first,237,16,48,17,170500,25,1,0,0,0
wall_follower,238,0,49,30,195000,25,1,0,0,0
dfs_nesw,238,0,48,29,189500,25,1,0,0,0
dfs_straight_first,238,0,48,29,189500,25,1,0,0,0
wall_follower,238,4,19,8,69000,18,1,0,0,0
dfs_nesw,238,4,48,27,187500,25,1,0,0,0
dfs_straight_first,238,4,48,27,187500,25,1,0,0,0
wall_follower,238,8,19,8,69000,18,1,0,0,0
dfs_nesw,238,8,48,25,184500,25,1,0,0,0
dfs_straight_first,238,8,48,25,184500,25,1,0,0,0
wall_follower,238,12,19,8,69000,18,1,0,0,0
dfs_nesw,238,12,48,17,170500,25,1,0,0,0
dfs_straight_first,238,12,48,17,170500,25,1,0,0,0
wall_follower,238,16,17,4,57000,16,1,0,0,0
dfs_nesw,238,16,48,17,170500,25,1,0,0,0
dfs_straight_first,238,16,48,17,170500,25,1,0,0,0
wall_follower,239,0,49,28,193000,25,1,0,0,0
dfs_nesw,239,0,48,27,187500,25,1,0,0,0
dfs_straight_first,239,0,48,27,187500,25,1,0,0,0
wall_follower,239,4,29,13,109500,21,1,0,0,0
dfs_nesw,239,4,48,24,184000,25,1,0,0,0
dfs_straight_first,239,4,48,23,183500,25,1,0,0,0
wall_follower,239,8,19,8,69000,18,1,0,0,0
dfs_nesw,239,8,48,28,190000,25,1,0,0,0
dfs_straight_first,239,8,48,27,189500,25,1,0,0,0
wall_follower,239,12,19,8,69000,18,1,0,0,0
dfs_nesw,239,12,48,26,185000,25,1,0,0,0
dfs_straight_first,239,12,48,23,181500,25,1,0,0,0
wall_follower,239,16,17,4,57000,16,1,0,0,0
dfs_nesw,239,16,48,17,170500,25,1,0,0,0
dfs_straight_first,239,16,48,17,170500,25,1,0,0,0
wall_follower,240,0,49,24,187000,25,1,0,0,0
dfs_nesw,240,0,48,23,181500,25,1,0,0,0
dfs_straight_first,240,0,48,23,181500,25,1,0,0,0
wall_follower,240,4,21,11,80500,19,1,0,0,0
dfs_nesw,240,4,48,26,187000,25,1,0,0,0
dfs_straight_first,240,4,48,26,187000,25,1,0,0,0
wall_follower,240,8,21,11,80500,19,1,0,0,0
dfs_nesw,240,8,48,27,189500,25,1,0,0,0
dfs_straight_first,240,8,48,25,184500,25,1,0,0,0
wall_follower,240,12,19,8,69000,18,1,0,0,0
dfs_nesw,240,12,48,23,183500,25,1,0,0,0
dfs_straight_first,240,12,48,24,182000,25,1,0,0,0
wall_follower,240,16,17,4,57000,16,1,0,0,0
dfs_nesw,240,16,48,17,170500,25,1,0,0,0
dfs_straight_first,240,16,48,17,170500,25,1,0,0,0
wall_follower,241,0,49,38,208000,25,1,0,0,0
dfs_nesw,241,0,48,37,202500,25,1,0,0,0
dfs_straight_first,241,0,48,37,202500,25,1,0,0,0
wall_follower,241,4,29,19,118500,23,1,0,0,0
dfs_nesw,241,4,48,37,202500,25,1,0,0,0
dfs_straight_first,241,4,48,30,193000,25,1,0,0,0
wall_follower,241,8,25,14,98000,21,1,0,0,0
dfs_nesw,241,8,48,31,193500,25,1,0,0,0
dfs_straight_first,241,8,48,21,178500,25,1,0,0,0
wall_follower,241,12,21,11,80500,19,1,0,0,0
dfs_nesw,241,12,48,33,196500,25,1,0,0,0
dfs_straight_first,241,12,48,23,181500,25,1,0,0,0
wall_follower,241,16,17,4,57000,16,1,0,0,0
dfs_nesw,241,16,48,17,170500,25,1,0,0,0
dfs_straight_first,241,16,48,17,170500,25,1,0,0,0
wall_follower,242,0,49,32,199000,25,1,0,0,0
dfs_nesw,242,0,48,31,193500,25,1,0,0,0
dfs_straight_first,242,0,48,31,193500,25,1,0,0,0
wall_follower,242,4,25,18,104000,21,1,0,0,0
dfs_nesw,242,4,48,33,198500,25,1,0,0,0
dfs_straight_first,242,4,48,28,190000,25,1,0,0,0
wall_follower,242,8,23,15,92500,21,1,0,0,0
dfs_nesw,242,8,48,33,198500,25,1,0,0,0
dfs_straight_first,242,8,48,26,187000,25,1,0,0,0
wall_follower,242,12,19,7,68500,17,1,0,0,0
dfs_nesw,242,12,48,21,178500,25,1,0,0,0
dfs_straight_first,242,12,48,19,173500,25,1,0,0,0
wall_follower,242,16,17,4,57000,16,1,0,0,0
dfs_nesw,242,16,48,17,170500,25,1,0,0,0
dfs_straight_first,242,16,48,17,170500,25,1,0,0,0
wall_follower,243,0,49,33,199500,25,1,0,0,0
dfs_nesw,243,0,48,32,194000,25,1,0,0,0
dfs_straight_first,243,0,48,32,194000,25,1,0,0,0
wall_follower,243,4,33,18,128000,24,1,0,0,0
dfs_nesw,243,4,48,36,202000,25,1,0,0,0
dfs_straight_first,243,4,48,30,193000,25,1,0,0,0
wall_follower,243,8,19,7,68500,17,1,0,0,0
dfs_nesw,243,8,48,30,193000,25,1,0,0,0
dfs_straight_first,243,8,48,22,179000,25,1,0,0,0
wall_follower,243,12,17,4,57000,16,1,0,0,0
dfs_nesw,243,12,48,23,181500,25,1,0,0,0
dfs_straight_first,243,12,48,19,175500,25,1,0,0,0
wall_follower,243,16,17,4,57000,16,1,0,0,0
dfs_nesw,243,16,48,17,170500,25,1,0,0,0
dfs_straight_first,243,16,48,17,170500,25,1,0,0,0
wall_follower,244,0,49,36,205000,25,1,0,0,0
dfs_nesw,244,0,48,35,199500,25,1,0,0,0
dfs_straight_first,244,0,48,35,199500,25,1,0,0,0
wall_follower,244,4,31,20,125000,24,1,0,0,0
dfs_nesw,244,4,48,31,193500,25,1,0,0,0
dfs_straight_first,244,4,48,28,188000,25,1,0,0,0
wall_follower,244,8,25,13,95500,22,1,0,0,0
dfs_nesw,244,8,48,25,184500,25,1,0,0,0
dfs_straight_first,244,8,48,24,182000,25,1,0,0,0
wall_follower,244,12,17,4,57000,16,1,0,0,0
dfs_nesw,244,12,48,20,176000,25,1,0,0,0
dfs_straight_first,244,12,48,17,170500,25,1,0,0,0
wall_follower,244,16,17,4,57000,16,1,0,0,0
dfs_nesw,244,16,48,17,170500,25,1,0,0,0
dfs_straight_first,244,16,48,17,170500,25,1,0,0,0
wall_follower,245,0,49,28,193000,25,1,0,0,0
dfs_nesw,245,0,48,27,187500,25,1,0,0,0
dfs_straight_first,245,0,48,27,187500,25,1,0,0,0
wall_follower,245,4,23,8,83000,19,1,0,0,0
dfs_nesw,245,4,48,22,181000,25,1,0,0,0
dfs_straight_first,245,4,48,22,181000,25,1,0,0,0
wall_follower,245,8,19,7,68500,17,1,0,0,0
dfs_nesw,245,8,48,24,184000,25,1,0,0,0
dfs_straight_first,245,8,48,21,178500,25,1,0,0,0
wall_follower,245,12,19,7,68500,17,1,0,0,0
dfs_nesw,245,12,48,23,181500,25,1,0,0,0
dfs_straight_first,245,12,48,20,176000,25,1,0,0,0
wall_follower,245,16,17,4,57000,16,1,0,0,0
dfs_nesw,245,16,48,17,170500,25,1,0,0,0
dfs_straight_first,245,16,48,17,170500,25,1,0,0,0
wall_follower,246,0,49,31,198500,25,1,0,0,0
dfs_nesw,246,0,48,30,193000,25,1,0,0,0
dfs_straight_first,246,0,48,30,193000,25,1,0,0,0
wall_follower,246,4,35,19,136500,23,1,0,0,0
dfs_nesw,246,4,48,28,190000,25,1,0,0,0
dfs_straight_first,246,4,48,28,190000,25,1,0,0,0
wall_follower,246,8,27,17,109500,22,1,0,0,0
dfs_nesw,246,8,48,33,198500,25,1,0,0,0
dfs_straight_first,246,8,48,26,187000,25,1,0,0,0
wall_follower,246,12,23,13,91500,19,1,0,0,0
dfs_nesw,246,12,48,26,187000,25,1,0,0,0
dfs_straight_first,246,12,48,18,175000,25,1,0,0,0
wall_follower,246,16,17,4,57000,16,1,0,0,0
dfs_nesw,246,16,48,17,170500,25,1,0,0,0
dfs_straight_first,246,16,48,17,170500,25,1,0,0,0
wall_follower,247,0,49,28,193000,25,1,0,0,0
dfs_nesw,247,0,48,27,187500,25,1,0,0,0
dfs_straight_first,247,0,48,27,187500,25,1,0,0,0
wall_follower,247,4,31,17,121500,24,1,0,0,0
dfs_nesw,247,4,48,29,190500,25,1,0,0,0
dfs_straight_first,247,4,48,24,184000,25,1,0,0,0
wall_follower,247,8,19,7,68500,17,1,0,0,0
dfs_nesw,247,8,48,20,176000,25,1,0,0,0
dfs_straight_first,247,8,48,20,176000,25,1,0,0,0
wall_follower,247,12,17,4,57000,16,1,0,0,0
dfs_nesw,247,12,48,22,179000,25,1,0,0,0
dfs_straight_first,247,12,48,20,176000,25,1,0,0,0
wall_follower,247,16,17,4,57000,16,1,0,0,0
dfs_nesw,247,16,48,17,170500,25,1,0,0,0
dfs_straight_first,247,16,48,17,170500,25,1,0,0,0
wall_follower,248,0,49,35,203500,25,1,0,0,0
dfs_nesw,248,0,48,34,198000,25,1,0,0,0
dfs_straight_first,248,0,48,34,198000,25,1,0,0,0
wall_follower,248,4,25,13,96500,20,1,0,0,0
dfs_nesw,248,4,48,32,195000,25,1,0,0,0
dfs_straight_first,248,4,48,24,183000,25,1,0,0,0
wall_follower,248,8,17,4,57000,16,1,0,0,0
dfs_nesw,248,8,48,26,187000,25,1,0,0,0
dfs_straight_first,248,8,48,24,184000,25,1,0,0,0
wall_follower,248,12,17,4,57000,16,1,0,0,0
dfs_nesw,248,12,48,22,179000,25,1,0,0,0
dfs_straight_first,248,12,48,18,173000,25,1,0,0,0
wall_follower,248,16,17,4,57000,16,1,0,0,0
dfs_nesw,248,16,48,17,170500,25,1,0,0,0
dfs_straight_first,248,16,48,17,170500,25,1,0,0,0
wall_follower,249,0,49,34,203000,25,1,0,0,0
dfs_nesw,249,0,48,33,197500,25,1,0,0,0
dfs_straight_first,249,0,48,33,197500,25,1,0,0,0
wall_follower,249,4,39,25,157500,25,1,0,0,0
dfs_nesw,249,4,48,30,195000,25,1,0,0,0
dfs_straight_first,249,4,48,28,190000,25,1,0,0,0
wall_follower,249,8,23,14,92000,20,1,0,0,0
dfs_nesw,249,8,48,30,195000,25,1,0,0,0
dfs_straight_first,249,8,48,23,183500,25,1,0,0,0
wall_follower,249,12,23,14,92000,20,1,0,0,0
dfs_nesw,249,12,48,27,189500,25,1,0,0,0
dfs_straight_first,249,12,48,21,180500,25,1,0,0,0
wall_follower,249,16,17,4,57000,16,1,0,0,0
dfs_nesw,249,16,48,17,170500,25,1,0,0,0
dfs_straight_first,249,16,48,17,170500,25,1,0,0,0
wall_follower,250,0,49,34,202000,25,1,0,0,0
dfs_nesw,250,0,48,33,196500,25,1,0,0,0
dfs_straight_first,250,0,48,33,196500,25,1,0,0,0
wall_follower,250,4,37,25,151500,25,1,0,0,0
dfs_nesw,250,4,48,35,201500,25,1,0,0,0
dfs_straight_first,250,4,48,32,196000,25,1,0,0,0
wall_follower,250,8,29,16,113000,23,1,0,0,0
dfs_nesw,250,8,48,32,196000,25,1,0,0,0
dfs_straight_first,250,8,48,23,181500,25,1,0,0,0
wall_follower,250,12,21,11,80500,19,1,0,0,0
dfs_nesw,250,12,48,27,187500,25,1,0,0,0
dfs_straight_first,250,12,48,21,178500,25,1,0,0,0
wall_follower,250,16,17,4,57000,16,1,0,0,0
dfs_nesw,250,16,48,17,170500,25,1,0,0,0
dfs_straight_first,250,16,48,17,170500,25,1,0,0,0
wall_follower,251,0,49,28,194000,25,1,0,0,0
dfs_nesw,251,0,48,27,188500,25,1,0,0,0
dfs_straight_first,251,0,48,27,188500,25,1,0,0,0
wall_follower,251,4,35,21,138500,25,1,0,0,0
dfs_nesw,251,4,48,29,191500,25,1,0,0,0
dfs_straight_first,251,4,48,26,186000,25,1,0,0,0
wall_follower,251,8,27,15,104500,24,1,0,0,0
dfs_nesw,251,8,48,28,190000,25,1,0,0,0
dfs_straight_first,251,8,48,25,184500,25,1,0,0,0
wall_follower,251,12,19,8,69000,18,1,0,0,0
dfs_nesw,251,12,48,28,188000,25,1,0,0,0
dfs_straight_first,251,12,48,19,175500,25,1,0,0,0
wall_follower,251,16,17,4,57000,16,1,0,0,0
dfs_nesw,251,16,48,17,170500,25,1,0,0,0
dfs_straight_first,251,16,48,17,170500,25,1,0,0,0
wall_follower,252,0,49,32,198000,25,1,0,0,0
dfs_nesw,252,0,48,31,192500,25,1,0,0,0
dfs_straight_first,252,0,48,31,192500,25,1,0,0,0
wall_follower,252,4,21,12,82000,18,1,0,0,0
dfs_nesw,252,4,48,25,185500,25,1,0,0,0
dfs_straight_first,252,4,48,25,185500,25,1,0,0,0
wall_follower,252,8,19,8,69000,18,1,0,0,0
dfs_nesw,252,8,48,21,178500,25,1,0,0,0
dfs_straight_first,252,8,48,21,178500,25,1,0,0,0
wall_follower,252,12,19,8,69000,18,1,0,0,0
dfs_nesw,252,12,48,19,175500,25,1,0,0,0
dfs_straight_first,252,12,48,19,175500,25,1,0,0,0
wall_follower,252,16,17,4,57000,16,1,0,0,0
dfs_nesw,252,16,48,17,170500,25,1,0,0,0
dfs_straight_first,252,16,48,17,170500,25,1,0,0,0
wall_follower,253,0,49,26,190000,25,1,0,0,0
dfs_nesw,253,0,48,25,184500,25,1,0,0,0
dfs_straight_first,253,0,48,25,184500,25,1,0,0,0
wall_follower,253,4,27,13,101500,23,1,0,0,0
dfs_nesw,253,4,48,29,192500,25,1,0,0,0
dfs_straight_first,253,4,48,23,181500,25,1,0,0,0
wall_follower,253,8,23,12,87000,22,1,0,0,0
dfs_nesw,253,8,48,27,187500,25,1,0,0,0
dfs_straight_first,253,8,48,24,182000,25,1,0,0,0
wall_follower,253,12,21,8,75000,20,1,0,0,0
dfs_nesw,253,12,48,21,178500,25,1,0,0,0
dfs_straight_first,253,12,48,18,173000,25,1,0,0,0
wall_follower,253,16,17,4,57000,16,1,0,0,0
dfs_nesw,253,16,48,17,170500,25,1,0,0,0
dfs_straight_first,253,16,48,17,170500,25,1,0,0,0
wall_follower,254,0,49,34,204000,25,1,0,0,0
dfs_nesw,254,0,48,33,198500,25,1,0,0,0
dfs_straight_first,254,0,48,33,198500,25,1,0,0,0
wall_follower,254,4,33,22,136000,24,1,0,0,0
dfs_nesw,254,4,48,33,198500,25,1,0,0,0
dfs_straight_first,254,4,48,32,198000,25,1,0,0,0
wall_follower,254,8,29,19,118500,23,1,0,0,0
dfs_nesw,254,8,48,30,193000,25,1,0,0,0
dfs_straight_first,254,8,48,28,190000,25,1,0,0,0
wall_follower,254,12,23,14,92000,19,1,0,0,0
dfs_nesw,254,12,48,24,182000,25,1,0,0,0
dfs_straight_first,254,12,48,21,178500,25,1,0,0,0
wall_follower,254,16,17,4,57000,16,1,0,0,0
dfs_nesw,254,16,48,17,170500,25,1,0,0,0
dfs_straight_first,254,16,48,17,170500,25,1,0,0,0
wall_follower,255,0,49,31,197500,25,1,0,0,0
dfs_nesw,255,0,48,30,192000,25,1,0,0,0
dfs_straight_first,255,0,48,30,192000,25,1,0,0,0
wall_follower,255,4,29,15,111500,22,1,0,0,0
dfs_nesw,255,4,48,30,192000,25,1,0,0,0
dfs_straight_first,255,4,48,26,186000,25,1,0,0,0
wall_follower,255,8,17,4,57000,16,1,0,0,0
dfs_nesw,255,8,48,21,180500,25,1,0,0,0
dfs_straight_first,255,8,48,21,180500,25,1,0,0,0
wall_follower,255,12,17,4,57000,16,1,0,0,0
dfs_nesw,255,12,48,23,181500,25,1,0,0,0
dfs_straight_first,255,12,48,20,178000,25,1,0,0,0
wall_follower,255,16,17,4,57000,16,1,0,0,0
dfs_nesw,255,16,48,17,170500,25,1,0,0,0
dfs_straight_first,255,16,48,17,170500,25,1,0,0,0
wall_follower,256,0,49,38,209000,25,1,0,0,0
dfs_nesw,256,0,48,37,203500,25,1,0,0,0
dfs_straight_first,256,0,48,37,203500,25,1,0,0,0
wall_follower,256,4,27,17,108500,22,1,0,0,0
dfs_nesw,256,4,48,32,197000,25,1,0,0,0
dfs_straight_first,256,4,48,29,191500,25,1,0,0,0
wall_follower,256,8,19,8,69000,18,1,0,0,0
dfs_nesw,256,8,48,27,189500,25,1,0,0,0
dfs_straight_first,256,8,48,25,186500,25,1,0,0,0
wall_follower,256,12,19,8,69000,18,1,0,0,0
dfs_nesw,256,12,48,29,190500,25,1,0,0,0
dfs_straight_first,256,12,48,22,181000,25,1,0,0,0
wall_follower,256,16,17,4,57000,16,1,0,0,0
dfs_nesw,256,16,48,17,170500,25,1,0,0,0
dfs_straight_first,256,16,48,17,170500,25,1,0,0,0
wall_follower,257,0,49,34,204000,25,1,0,0,0
dfs_nesw,257,0,48,33,198500,25,1,0,0,0
dfs_straight_first,257,0,48,33,198500,25,1,0,0,0
wall_follower,257,4,29,17,117500,22,1,0,0,0
dfs_nesw,257,4,48,31,197500,25,1,0,0,0
dfs_straight_first,257,4,48,31,197500,25,1,0,0,0
wall_follower,257,8,25,13,97500,20,1,0,0,0
dfs_nesw,257,8,48,29,192500,25,1,0,0,0
dfs_straight_first,257,8,48,24,184000,25,1,0,0,0
wall_follower,257,12,21,7,74500,18,1,0,0,0
dfs_nesw,257,12,48,25,184500,25,1,0,0,0
dfs_straight_first,257,12,48,24,182000,25,1,0,0,0
wall_follower,257,16,17,4,57000,16,1,0,0,0
dfs_nesw,257,16,48,17,170500,25,1,0,0,0
dfs_straight_first,257,16,48,17,170500,25,1,0,0,0
wall_follower,258,0,49,33,200500,25,1,0,0,0
dfs_nesw,258,0,48,32,195000,25,1,0,0,0
dfs_straight_first,258,0,48,32,195000,25,1,0,0,0
wall_follower,258,4,31,20,126000,24,1,0,0,0
dfs_nesw,258,4,48,32,195000,25,1,0,0,0
dfs_straight_first,258,4,48,28,191000,25,1,0,0,0
wall_follower,258,8,19,8,69000,18,1,0,0,0
dfs_nesw,258,8,48,29,190500,25,1,0,0,0
dfs_straight_first,258,8,48,24,184000,25,1,0,0,0
wall_follower,258,12,17,4,57000,16,1,0,0,0
dfs_nesw,258,12,48,22,179000,25,1,0,0,0
dfs_straight_first,258,12,48,19,175500,25,1,0,0,0
wall_follower,258,16,17,4,57000,16,1,0,0,0
dfs_nesw,258,16,48,17,170500,25,1,0,0,0
dfs_straight_first,258,16,48,17,170500,25,1,0,0,0
wall_follower,259,0,49,35,203500,25,1,0,0,0
dfs_nesw,259,0,48,34,198000,25,1,0,0,0
dfs_straight_first,259,0,48,34,198000,25,1,0,0,0
wall_follower,259,4,23,16,93000,22,1,0,0,0
dfs_nesw,259,4,48,38,203000,25,1,0,0,0
dfs_straight_first,259,4,48,35,199500,25,1,0,0,0
wall_follower,259,8,21,12,81000,20,1,0,0,0
dfs_nesw,259,8,48,31,193500,25,1,0,0,0
dfs_straight_first,259,8,48,26,187000,25,1,0,0,0
wall_follower,259,12,19,8,69000,18,1,0,0,0
dfs_nesw,259,12,48,24,182000,25,1,0,0,0
dfs_straight_first,259,12,48,23,181500,25,1,0,0,0
wall_follower,259,16,17,4,57000,16,1,0,0,0
dfs_nesw,259,16,48,17,170500,25,1,0,0,0
dfs_straight_first,259,16,48,17,170500,25,1,0,0,0
wall_follower,260,0,49,37,205500,25,1,0,0,0
dfs_nesw,260,0,48,36,200000,25,1,0,0,0
dfs_straight_first,260,0,48,36,200000,25,1,0,0,0
wall_follower,260,4,35,27,148500,25,1,0,0,0
dfs_nesw,260,4,48,36,202000,25,1,0,0,0
dfs_straight_first,260,4,48,36,200000,25,1,0,0,0
wall_follower,260,8,25,15,98500,22,1,0,0,0
dfs_nesw,260,8,48,36,202000,25,1,0,0,0
dfs_straight_first,260,8,48,23,181500,25,1,0,0,0
wall_follower,260,12,21,8,75000,20,1,0,0,0
dfs_nesw,260,12,48,25,182500,25,1,0,0,0
dfs_straight_first,260,12,48,20,176000,25,1,0,0,0
wall_follower,260,16,17,4,57000,16,1,0,0,0
dfs_nesw,260,16,48,17,170500,25,1,0,0,0
dfs_straight_first,260,16,48,17,170500,25,1,0,0,0
wall_follower,261,0,49,28,192000,25,1,0,0,0
dfs_nesw,261,0,48,27,186500,25,1,0,0,0
dfs_straight_first,261,0,48,27,186500,25,1,0,0,0
wall_follower,261,4,35,23,141500,25,1,0,0,0
dfs_nesw,261,4,48,27,186500,25,1,0,0,0
dfs_straight_first,261,4,48,27,186500,25,1,0,0,0
wall_follower,261,8,21,11,81500,18,1,0,0,0
dfs_nesw,261,8,48,22,180000,25,1,0,0,0
dfs_straight_first,261,8,48,19,174500,25,1,0,0,0
wall_follower,261,12,21,11,81500,18,1,0,0,0
dfs_nesw,261,12,48,22,180000,25,1,0,0,0
dfs_straight_first,261,12,48,19,174500,25,1,0,0,0
wall_follower,261,16,17,4,57000,16,1,0,0,0
dfs_nesw,261,16,48,17,170500,25,1,0,0,0
dfs_straight_first,261,16,48,17,170500,25,1,0,0,0
wall_follower,262,0,49,28,192000,25,1,0,0,0
dfs_nesw,262,0,48,27,186500,25,1,0,0,0
dfs_straight_first,262,0,48,27,186500,25,1,0,0,0
wall_follower,262,4,19,8,70000,17,1,0,0,0
dfs_nesw,262,4,48,24,181000,25,1,0,0,0
dfs_straight_first,262,4,48,22,180000,25,1,0,0,0
wall_follower,262,8,19,8,70000,17,1,0,0,0
dfs_nesw,262,8,48,26,186000,25,1,0,0,0
dfs_straight_first,262,8,48,20,175000,25,1,0,0,0
wall_follower,262,12,17,4,57000,16,1,0,0,0
dfs_nesw,262,12,48,21,176500,25,1,0,0,0
dfs_straight_first,262,12,48,18,173000,25,1,0,0,0
wall_follower,262,16,17,4,57000,16,1,0,0,0
dfs_nesw,262,16,48,17,170500,25,1,0,0,0
dfs_straight_first,262,16,48,17,170500,25,1,0,0,0
wall_follower,263,0,49,33,200500,25,1,0,0,0
dfs_nesw,263,0,48,32,195000,25,1,0,0,0
dfs_straight_first,263,0,48,32,195000,25,1,0,0,0
wall_follower,263,4,33,18,127000,23,1,0,0,0
dfs_nesw,263,4,48,28,189000,25,1,0,0,0
dfs_straight_first,263,4,48,26,186000,25,1,0,0,0
wall_follower,263,8,19,8,70000,17,1,0,0,0
dfs_nesw,263,8,48,25,185500,25,1,0,0,0
dfs_straight_first,263,8,48,23,182500,25,1,0,0,0
wall_follower,263,12,19,8,70000,17,1,0,0,0
dfs_nesw,263,12,48,19,174500,25,1,0,0,0
dfs_straight_first,263,12,48,22,180000,25,1,0,0,0
wall_follower,263,16,17,4,57000,16,1,0,0,0
dfs_nesw,263,16,48,17,170500,25,1,0,0,0
dfs_straight_first,263,16,48,17,170500,25,1,0,0,0
wall_follower,264,0,49,31,196500,25,1,0,0,0
dfs_nesw,264,0,48,30,191000,25,1,0,0,0
dfs_straight_first,264,0,48,30,191000,25,1,0,0,0
wall_follower,264,4,29,19,116500,24,1,0,0,0
dfs_nesw,264,4,48,27,187500,25,1,0,0,0
dfs_straight_first,264,4,48,27,187500,25,1,0,0,0
wall_follower,264,8,25,12,93000,22,1,0,0,0
dfs_nesw,264,8,48,27,187500,25,1,0,0,0
dfs_straight_first,264,8,48,25,184500,25,1,0,0,0
wall_follower,264,12,19,8,69000,18,1,0,0,0
dfs_nesw,264,12,48,24,182000,25,1,0,0,0
dfs_straight_first,264,12,48,21,178500,25,1,0,0,0
wall_follower,264,16,17,4,57000,16,1,0,0,0
dfs_nesw,264,16,48,17,170500,25,1,0,0,0
dfs_straight_first,264,16,48,17,170500,25,1,0,0,0
wall_follower,265,0,49,37,207500,25,1,0,0,0
dfs_nesw,265,0,48,36,202000,25,1,0,0,0
dfs_straight_first,265,0,48,36,202000,25,1,0,0,0
wall_follower,265,4,33,25,139500,25,1,0,0,0
dfs_nesw,265,4,48,37,202500,25,1,0,0,0
dfs_straight_first,265,4,48,34,199000,25,1,0,0,0
wall_follower,265,8,25,17,101500,22,1,0,0,0
dfs_nesw,265,8,48,33,196500,25,1,0,0,0
dfs_straight_first,265,8,48,26,187000,25,1,0,0,0
wall_follower,265,12,21,12,81000,20,1,0,0,0
dfs_nesw,265,12,48,28,190000,25,1,0,0,0
dfs_straight_first,265,12,48,19,175500,25,1,0,0,0
wall_follower,265,16,17,4,57000,16,1,0,0,0
dfs_nesw,265,16,48,17,170500,25,1,0,0,0
dfs_straight_first,265,16,48,17,170500,25,1,0,0,0
wall_follower,266,0,49,26,189000,25,1,0,0,0
dfs_nesw,266,0,48,25,183500,25,1,0,0,0
dfs_straight_first,266,0,48,25,183500,25,1,0,0,0
wall_follower,266,4,31,15,116500,23,1,0,0,0
dfs_nesw,266,4,48,27,187500,25,1,0,0,0
dfs_straight_first,266,4,48,27,187500,25,1,0,0,0
wall_follower,266,8,25,15,98500,23,1,0,0,0
dfs_nesw,266,8,48,31,193500,25,1,0,0,0
dfs_straight_first,266,8,48,27,187500,25,1,0,0,0
wall_follower,266,12,21,12,81000,20,1,0,0,0
dfs_nesw,266,12,48,29,188500,25,1,0,0,0
dfs_straight_first,266,12,48,22,179000,25,1,0,0,0
wall_follower,266,16,17,4,57000,16,1,0,0,0
dfs_nesw,266,16,48,17,170500,25,1,0,0,0
dfs_straight_first,266,16,48,17,170500,25,1,0,0,0
wall_follower,267,0,49,34,203000,25,1,0,0,0
dfs_nesw,267,0,48,33,197500,25,1,0,0,0
dfs_straight_first,267,0,48,33,197500,25,1,0,0,0
wall_follower,267,4,39,22,153000,25,1,0,0,0
dfs_nesw,267,4,48,28,191000,25,1,0,0,0
dfs_straight_first,267,4,48,23,182500,25,1,0,0,0
wall_follower,267,8,21,12,82000,18,1,0,0,0
dfs_nesw,267,8,48,21,179500,25,1,0,0,0
dfs_straight_first,267,8,48,20,177000,25,1,0,0,0
wall_follower,267,12,19,8,70000,17,1,0,0,0
dfs_nesw,267,12,48,21,179500,25,1,0,0,0
dfs_straight_first,267,12,48,20,177000,25,1,0,0,0
wall_follower,267,16,17,4,57000,16,1,0,0,0
dfs_nesw,267,16,48,17,170500,25,1,0,0,0
dfs_straight_first,267,16,48,17,170500,25,1,0,0,0
wall_follower,268,0,49,34,203000,25,1,0,0,0
dfs_nesw,268,0,48,33,197500,25,1,0,0,0
dfs_straight_first,268,0,48,33,197500,25,1,0,0,0
wall_follower,268,4,29,18,117000,23,1,0,0,0
dfs_nesw,268,4,48,33,197500,25,1,0,0,0
dfs_straight_first,268,4,48,31,194500,25,1,0,0,0
wall_follower,268,8,27,18,111000,21,1,0,0,0
dfs_nesw,268,8,48,33,197500,25,1,0,0,0
dfs_straight_first,268,8,48,30,194000,25,1,0,0,0
wall_follower,268,12,21,12,82000,19,1,0,0,0
dfs_nesw,268,12,48,27,186500,25,1,0,0,0
dfs_straight_first,268,12,48,21,177500,25,1,0,0,0
wall_follower,268,16,17,4,57000,16,1,0,0,0
dfs_nesw,268,16,48,17,170500,25,1,0,0,0
dfs_straight_first,268,16,48,17,170500,25,1,0,0,0
wall_follower,269,0,49,36,207000,25,1,0,0,0
dfs_nesw,269,0,48,35,201500,25,1,0,0,0
dfs_straight_first,269,0,48,35,201500,25,1,0,0,0
wall_follower,269,4,29,18,116000,22,1,0,0,0
dfs_nesw,269,4,48,34,199000,25,1,0,0,0
dfs_straight_first,269,4,48,34,199000,25,1,0,0,0
wall_follower,269,8,25,16,101000,21,1,0,0,0
dfs_nesw,269,8,48,32,198000,25,1,0,0,0
dfs_straight_first,269,8,48,31,197500,25,1,0,0,0
wall_follower,269,12,23,15,92500,21,1,0,0,0
dfs_nesw,269,12,48,25,184500,25,1,0,0,0
dfs_straight_first,269,12,48,23,181500,25,1,0,0,0
wall_follower,269,16,17,4,57000,16,1,0,0,0
dfs_nesw,269,16,48,17,170500,25,1,0,0,0
dfs_straight_first,269,16,48,17,170500,25,1,0,0,0
wall_follower,270,0,49,30,195000,25,1,0,0,0
dfs_nesw,270,0,48,29,189500,25,1,0,0,0
dfs_straight_first,270,0,48,29,189500,25,1,0,0,0
wall_follower,270,4,21,12,82000,19,1,0,0,0
dfs_nesw,270,4,48,33,197500,25,1,0,0,0
dfs_straight_first,270,4,48,27,186500,25,1,0,0,0
wall_follower,270,8,21,12,82000,19,1,0,0,0
dfs_nesw,270,8,48,31,194500,25,1,0,0,0
dfs_straight_first,270,8,48,26,186000,25,1,0,0,0
wall_follower,270,12,21,12,82000,19,1,0,0,0
dfs_nesw,270,12,48,27,186500,25,1,0,0,0
dfs_straight_first,270,12,48,20,175000,25,1,0,0,0
wall_follower,270,16,17,4,57000,16,1,0,0,0
dfs_nesw,270,16,48,17,170500,25,1,0,0,0
dfs_straight_first,270,16,48,17,170500,25,1,0,0,0
wall_follower,271,0,49,35,204500,25,1,0,0,0
dfs_nesw,271,0,48,34,199000,25,1,0,0,0
dfs_straight_first,271,0,48,34,199000,25,1,0,0,0
wall_follower,271,4,41,24,163000,25,1,0,0,0
dfs_nesw,271,4,48,27,189500,25,1,0,0,0
dfs_straight_first,271,4,48,27,189500,25,1,0,0,0
wall_follower,271,8,27,19,112500,21,1,0,0,0
dfs_nesw,271,8,48,33,200500,25,1,0,0,0
dfs_straight_first,271,8,48,24,184000,25,1,0,0,0
wall_follower,271,12,21,11,80500,19,1,0,0,0
dfs_nesw,271,12,48,27,189500,25,1,0,0,0
dfs_straight_first,271,12,48,21,178500,25,1,0,0,0
wall_follower,271,16,17,4,57000,16,1,0,0,0
dfs_nesw,271,16,48,17,170500,25,1,0,0,0
dfs_straight_first,271,16,48,17,170500,25,1,0,0,0
wall_follower,272,0,49,33,201500,25,1,0,0,0
dfs_nesw,272,0,48,32,196000,25,1,0,0,0
dfs_straight_first,272,0,48,32,196000,25,1,0,0,0
wall_follower,272,4,39,26,158000,25,1,0,0,0
dfs_nesw,272,4,48,30,193000,25,1,0,0,0
dfs_straight_first,272,4,48,30,193000,25,1,0,0,0
wall_follower,272,8,27,15,104500,24,1,0,0,0
dfs_nesw,272,8,48,30,193000,25,1,0,0,0
dfs_straight_first,272,8,48,25,184500,25,1,0,0,0
wall_follower,272,12,17,4,57000,16,1,0,0,0
dfs_nesw,272,12,48,29,190500,25,1,0,0,0
dfs_straight_first,272,12,48,22,179000,25,1,0,0,0
wall_follower,272,16,17,4,57000,16,1,0,0,0
dfs_nesw,272,16,48,17,170500,25,1,0,0,0
dfs_straight_first,272,16,48,17,170500,25,1,0,0,0
wall_follower,273,0,49,39,209500,25,1,0,0,0
dfs_nesw,273,0,48,38,204000,25,1,0,0,0
dfs_straight_first,273,0,48,38,204000,25,1,0,0,0
wall_follower,273,4,37,30,159000,25,1,0,0,0
dfs_nesw,273,4,48,39,206500,25,1,0,0,0
dfs_straight_first,273,4,48,35,200500,25,1,0,0,0
wall_follower,273,8,25,20,106000,22,1,0,0,0
dfs_nesw,273,8,48,35,200500,25,1,0,0,0
dfs_straight_first,273,8,48,27,186500,25,1,0,0,0
wall_follower,273,12,19,8,69000,18,1,0,0,0
dfs_nesw,273,12,48,24,182000,25,1,0,0,0
dfs_straight_first,273,12,48,24,182000,25,1,0,0,0
wall_follower,273,16,17,4,57000,16,1,0,0,0
dfs_nesw,273,16,48,17,170500,25,1,0,0,0
dfs_straight_first,273,16,48,17,170500,25,1,0,0,0
wall_follower,274,0,49,35,203500,25,1,0,0,0
dfs_nesw,274,0,48,34,198000,25,1,0,0,0
dfs_straight_first,274,0,48,34,198000,25,1,0,0,0
wall_follower,274,4,39,23,155500,24,1,0,0,0
dfs_nesw,274,4,48,27,188500,25,1,0,0,0
dfs_straight_first,274,4,48,25,185500,25,1,0,0,0
wall_follower,274,8,23,11,87500,19,1,0,0,0
dfs_nesw,274,8,48,27,188500,25,1,0,0,0
dfs_straight_first,274,8,48,23,182500,25,1,0,0,0
wall_follower,274,12,19,8,70000,17,1,0,0,0
dfs_nesw,274,12,48,21,179500,25,1,0,0,0
dfs_straight_first,274,12,48,19,174500,25,1,0,0,0
wall_follower,274,16,17,4,57000,16,1,0,0,0
dfs_nesw,274,16,48,17,170500,25,1,0,0,0
dfs_straight_first,274,16,48,17,170500,25,1,0,0,0
wall_follower,275,0,49,27,191500,25,1,0,0,0
dfs_nesw,275,0,48,26,186000,25,1,0,0,0
dfs_straight_first,275,0,48,26,186000,25,1,0,0,0
wall_follower,275,4,21,9,78500,18,1,0,0,0
dfs_nesw,275,4,48,29,191500,25,1,0,0,0
dfs_straight_first,275,4,48,22,180000,25,1,0,0,0
wall_follower,275,8,19,8,70000,17,1,0,0,0
dfs_nesw,275,8,48,23,182500,25,1,0,0,0
dfs_straight_first,275,8,48,20,175000,25,1,0,0,0
wall_follower,275,12,19,8,70000,17,1,0,0,0
dfs_nesw,275,12,48,22,180000,25,1,0,0,0
dfs_straight_first,275,12,48,18,172000,25,1,0,0,0
wall_follower,275,16,17,4,57000,16,1,0,0,0
dfs_nesw,275,16,48,17,170500,25,1,0,0,0
dfs_straight_first,275,16,48,17,170500,25,1,0,0,0
wall_follower,276,0,49,31,198500,25,1,0,0,0
dfs_nesw,276,0,48,30,193000,25,1,0,0,0
dfs_straight_first,276,0,48,30,193000,25,1,0,0,0
wall_follower,276,4,21,11,80500,18,1,0,0,0
dfs_nesw,276,4,48,26,187000,25,1,0,0,0
dfs_straight_first,276,4,48,25,186500,25,1,0,0,0
wall_follower,276,8,21,11,80500,18,1,0,0,0
dfs_nesw,276,8,48,27,187500,25,1,0,0,0
dfs_straight_first,276,8,48,22,181000,25,1,0,0,0
wall_follower,276,12,19,8,69000,18,1,0,0,0
dfs_nesw,276,12,48,27,187500,25,1,0,0,0
dfs_straight_first,276,12,48,21,178500,25,1,0,0,0
wall_follower,276,16,17,4,57000,16,1,0,0,0
dfs_nesw,276,16,48,17,170500,25,1,0,0,0
dfs_straight_first,276,16,48,17,170500,25,1,0,0,0
wall_follower,277,0,49,32,199000,25,1,0,0,0
dfs_nesw,277,0,48,31,193500,25,1,0,0,0
dfs_straight_first,277,0,48,31,193500,25,1,0,0,0
wall_follower,277,4,33,17,127500,23,1,0,0,0
dfs_nesw,277,4,48,31,193500,25,1,0,0,0
dfs_straight_first,277,4,48,26,187000,25,1,0,0,0
wall_follower,277,8,23,14,92000,20,1,0,0,0
dfs_nesw,277,8,48,31,193500,25,1,0,0,0
dfs_straight_first,277,8,48,25,186500,25,1,0,0,0
wall_follower,277,12,17,4,57000,16,1,0,0,0
dfs_nesw,277,12,48,17,170500,25,1,0,0,0
dfs_straight_first,277,12,48,18,173000,25,1,0,0,0
wall_follower,277,16,17,4,57000,16,1,0,0,0
dfs_nesw,277,16,48,17,170500,25,1,0,0,0
dfs_straight_first,277,16,48,17,170500,25,1,0,0,0
wall_follower,278,0,49,31,198500,25,1,0,0,0
dfs_nesw,278,0,48,30,193000,25,1,0,0,0
dfs_straight_first,278,0,48,30,193000,25,1,0,0,0
wall_follower,278,4,37,26,154000,24,1,0,0,0
dfs_nesw,278,4,48,37,206500,25,1,0,0,0
dfs_straight_first,278,4,48,28,190000,25,1,0,0,0
wall_follower,278,8,25,15,100500,21,1,0,0,0
dfs_nesw,278,8,48,32,196000,25,1,0,0,0
dfs_straight_first,278,8,48,25,184500,25,1,0,0,0
wall_follower,278,12,21,11,80500,19,1,0,0,0
dfs_nesw,278,12,48,29,190500,25,1,0,0,0
dfs_straight_first,278,12,48,22,179000,25,1,0,0,0
wall_follower,278,16,17,4,57000,16,1,0,0,0
dfs_nesw,278,16,48,17,170500,25,1,0,0,0
dfs_straight_first,278,16,48,17,170500,25,1,0,0,0
wall_follower,279,0,49,32,200000,25,1,0,0,0
dfs_nesw,279,0,48,31,194500,25,1,0,0,0
dfs_straight_first,279,0,48,31,194500,25,1,0,0,0
wall_follower,279,4,21,9,77500,18,1,0,0,0
dfs_nesw,279,4,48,25,184500,25,1,0,0,0
dfs_straight_first,279,4,48,25,184500,25,1,0,0,0
wall_follower,279,8,17,4,57000,16,1,0,0,0
dfs_nesw,279,8,48,22,179000,25,1,0,0,0
dfs_straight_first,279,8,48,20,176000,25,1,0,0,0
wall_follower,279,12,17,4,57000,16,1,0,0,0
dfs_nesw,279,12,48,17,170500,25,1,0,0,0
dfs_straight_first,279,12,48,17,170500,25,1,0,0,0
wall_follower,279,16,17,4,57000,16,1,0,0,0
dfs_nesw,279,16,48,17,170500,25,1,0,0,0
dfs_straight_first,279,16,48,17,170500,25,1,0,0,0
wall_follower,280,0,49,32,199000,25,1,0,0,0
dfs_nesw,280,0,48,31,193500,25,1,0,0,0
dfs_straight_first,280,0,48,31,193500,25,1,0,0,0
wall_follower,280,4,35,18,134000,25,1,0,0,0
dfs_nesw,280,4,48,24,182000,25,1,0,0,0
dfs_straight_first,280,4,48,24,182000,25,1,0,0,0
wall_follower,280,8,23,11,86500,21,1,0,0,0
dfs_nesw,280,8,48,30,191000,25,1,0,0,0
dfs_straight_first,280,8,48,25,184500,25,1,0,0,0
wall_follower,280,12,17,4,57000,16,1,0,0,0
dfs_nesw,280,12,48,21,178500,25,1,0,0,0
dfs_straight_first,280,12,48,21,178500,25,1,0,0,0
wall_follower,280,16,17,4,57000,16,1,0,0,0
dfs_nesw,280,16,48,17,170500,25,1,0,0,0
dfs_straight_first,280,16,48,17,170500,25,1,0,0,0
wall_follower,281,0,49,32,199000,25,1,0,0,0
dfs_nesw,281,0,48,31,193500,25,1,0,0,0
dfs_straight_first,281,0,48,31,193500,25,1,0,0,0
wall_follower,281,4,39,24,155000,25,1,0,0,0
dfs_nesw,281,4,48,31,193500,25,1,0,0,0
dfs_straight_first,281,4,48,29,190500,25,1,0,0,0
wall_follower,281,8,21,8,75000,20,1,0,0,0
dfs_nesw,281,8,48,24,184000,25,1,0,0,0
dfs_straight_first,281,8,48,24,184000,25,1,0,0,0
wall_follower,281,12,17,4,57000,16,1,0,0,0
dfs_nesw,281,12,48,22,181000,25,1,0,0,0
dfs_straight_first,281,12,48,21,178500,25,1,0,0,0
wall_follower,281,16,17,4,57000,16,1,0,0,0
dfs_nesw,281,16,48,17,170500,25,1,0,0,0
dfs_straight_first,281,16,48,17,170500,25,1,0,0,0
wall_follower,282,0,49,33,200500,25,1,0,0,0
dfs_nesw,282,0,48,32,195000,25,1,0,0,0
dfs_straight_first,282,0,48,32,195000,25,1,0,0,0
wall_follower,282,4,33,22,135000,24,1,0,0,0
dfs_nesw,282,4,48,31,194500,25,1,0,0,0
dfs_straight_first,282,4,48,29,191500,25,1,0,0,0
wall_follower,282,8,25,15,99500,21,1,0,0,0
dfs_nesw,282,8,48,32,195000,25,1,0,0,0
dfs_straight_first,282,8,48,25,185500,25,1,0,0,0
wall_follower,282,12,21,11,81500,18,1,0,0,0
dfs_nesw,282,12,48,29,191500,25,1,0,0,0
dfs_straight_first,282,12,48,22,180000,25,1,0,0,0
wall_follower,282,16,17,4,57000,16,1,0,0,0
dfs_nesw,282,16,48,17,170500,25,1,0,0,0
dfs_straight_first,282,16,48,17,170500,25,1,0,0,0
wall_follower,283,0,49,39,209500,25,1,0,0,0
dfs_nesw,283,0,48,38,204000,25,1,0,0,0
dfs_straight_first,283,0,48,38,204000,25,1,0,0,0
wall_follower,283,4,33,23,135500,23,1,0,0,0
dfs_nesw,283,4,48,35,200500,25,1,0,0,0
dfs_straight_first,283,4,48,31,194500,25,1,0,0,0
wall_follower,283,8,29,18,115000,22,1,0,0,0
dfs_nesw,283,8,48,32,195000,25,1,0,0,0
dfs_straight_first,283,8,48,25,183500,25,1,0,0,0
wall_follower,283,12,23,12,87000,21,1,0,0,0
dfs_nesw,283,12,48,21,178500,25,1,0,0,0
dfs_straight_first,283,12,48,21,178500,25,1,0,0,0
wall_follower,283,16,17,4,57000,16,1,0,0,0
dfs_nesw,283,16,48,17,170500,25,1,0,0,0
dfs_straight_first,283,16,48,17,170500,25,1,0,0,0
wall_follower,284,0,49,38,208000,25,1,0,0,0
dfs_nesw,284,0,48,37,202500,25,1,0,0,0
dfs_straight_first,284,0,48,37,202500,25,1,0,0,0
wall_follower,284,4,29,22,122000,24,1,0,0,0
dfs_nesw,284,4,48,36,202000,25,1,0,0,0
dfs_straight_first,284,4,48,32,194000,25,1,0,0,0
wall_follower,284,8,25,18,104000,21,1,0,0,0
dfs_nesw,284,8,48,31,195500,25,1,0,0,0
dfs_straight_first,284,8,48,25,184500,25,1,0,0,0
wall_follower,284,12,23,15,92500,21,1,0,0,0
dfs_nesw,284,12,48,28,190000,25,1,0,0,0
dfs_straight_first,284,12,48,28,190000,25,1,0,0,0
wall_follower,284,16,17,4,57000,16,1,0,0,0
dfs_nesw,284,16,48,17,170500,25,1,0,0,0
dfs_straight_first,284,16,48,17,170500,25,1,0,0,0
wall_follower,285,0,49,31,197500,25,1,0,0,0
dfs_nesw,285,0,48,30,192000,25,1,0,0,0
dfs_straight_first,285,0,48,30,192000,25,1,0,0,0
wall_follower,285,4,27,12,101000,21,1,0,0,0
dfs_nesw,285,4,48,24,184000,25,1,0,0,0
dfs_straight_first,285,4,48,24,184000,25,1,0,0,0
wall_follower,285,8,19,7,68500,17,1,0,0,0
dfs_nesw,285,8,48,25,186500,25,1,0,0,0
dfs_straight_first,285,8,48,26,187000,25,1,0,0,0
wall_follower,285,12,17,4,57000,16,1,0,0,0
dfs_nesw,285,12,48,22,179000,25,1,0,0,0
dfs_straight_first,285,12,48,20,176000,25,1,0,0,0
wall_follower,285,16,17,4,57000,16,1,0,0,0
dfs_nesw,285,16,48,17,170500,25,1,0,0,0
dfs_straight_first,285,16,48,17,170500,25,1,0,0,0
wall_follower,286,0,49,28,192000,25,1,0,0,0
dfs_nesw,286,0,48,27,186500,25,1,0,0,0
dfs_straight_first,286,0,48,27,186500,25,1,0,0,0
wall_follower,286,4,33,21,132500,23,1,0,0,0
dfs_nesw,286,4,48,30,192000,25,1,0,0,0
dfs_straight_first,286,4,48,26,186000,25,1,0,0,0
wall_follower,286,8,29,19,117500,22,1,0,0,0
dfs_nesw,286,8,48,27,188500,25,1,0,0,0
dfs_straight_first,286,8,48,27,188500,25,1,0,0,0
wall_follower,286,12,23,7,80500,19,1,0,0,0
dfs_nesw,286,12,48,22,179000,25,1,0,0,0
dfs_straight_first,286,12,48,19,175500,25,1,0,0,0
wall_follower,286,16,17,4,57000,16,1,0,0,0
dfs_nesw,286,16,48,17,170500,25,1,0,0,0
dfs_straight_first,286,16,48,17,170500,25,1,0,0,0
wall_follower,287,0,49,35,203500,25,1,0,0,0
dfs_nesw,287,0,48,34,198000,25,1,0,0,0
dfs_straight_first,287,0,48,34,198000,25,1,0,0,0
wall_follower,287,4,37,26,153000,25,1,0,0,0
dfs_nesw,287,4,48,34,198000,25,1,0,0,0
dfs_straight_first,287,4,48,34,198000,25,1,0,0,0
wall_follower,287,8,25,15,99500,20,1,0,0,0
dfs_nesw,287,8,48,30,192000,25,1,0,0,0
dfs_straight_first,287,8,48,27,188500,25,1,0,0,0
wall_follower,287,12,19,8,70000,17,1,0,0,0
dfs_nesw,287,12,48,28,189000,25,1,0,0,0
dfs_straight_first,287,12,48,18,172000,25,1,0,0,0
wall_follower,287,16,17,4,57000,16,1,0,0,0
dfs_nesw,287,16,48,17,170500,25,1,0,0,0
dfs_straight_first,287,16,48,17,170500,25,1,0,0,0
wall_follower,288,0,49,26,190000,25,1,0,0,0
dfs_nesw,288,0,48,25,184500,25,1,0,0,0
dfs_straight_first,288,0,48,25,184500,25,1,0,0,0
wall_follower,288,4,33,18,128000,24,1,0,0,0
dfs_nesw,288,4,48,30,193000,25,1,0,0,0
dfs_straight_first,288,4,48,23,181500,25,1,0,0,0
wall_follower,288,8,25,15,98500,22,1,0,0,0
dfs_nesw,288,8,48,30,193000,25,1,0,0,0
dfs_straight_first,288,8,48,23,181500,25,1,0,0,0
wall_follower,288,12,23,12,87000,22,1,0,0,0
dfs_nesw,288,12,48,29,190500,25,1,0,0,0
dfs_straight_first,288,12,48,18,173000,25,1,0,0,0
wall_follower,288,16,17,4,57000,16,1,0,0,0
dfs_nesw,288,16,48,17,170500,25,1,0,0,0
dfs_straight_first,288,16,48,17,170500,25,1,0,0,0
wall_follower,289,0,49,35,205500,25,1,0,0,0
dfs_nesw,289,0,48,34,200000,25,1,0,0,0
dfs_straight_first,289,0,48,34,200000,25,1,0,0,0
wall_follower,289,4,21,10,80000,18,1,0,0,0
dfs_nesw,289,4,48,32,198000,25,1,0,0,0
dfs_straight_first,289,4,48,27,189500,25,1,0,0,0
wall_follower,289,8,19,7,68500,17,1,0,0,0
dfs_nesw,289,8,48,25,186500,25,1,0,0,0
dfs_straight_first,289,8,48,23,183500,25,1,0,0,0
wall_follower,289,12,17,4,57000,16,1,0,0,0
dfs_nesw,289,12,48,24,182000,25,1,0,0,0
dfs_straight_first,289,12,48,20,176000,25,1,0,0,0
wall_follower,289,16,17,4,57000,16,1,0,0,0
dfs_nesw,289,16,48,17,170500,25,1,0,0,0
dfs_straight_first,289,16,48,17,170500,25,1,0,0,0
wall_follower,290,0,49,32,199000,25,1,0,0,0
dfs_nesw,290,0,48,31,193500,25,1,0,0,0
dfs_straight_first,290,0,48,31,193500,25,1,0,0,0
wall_follower,290,4,33,23,136500,24,1,0,0,0
dfs_nesw,290,4,48,36,202000,25,1,0,0,0
dfs_straight_first,290,4,48,30,193000,25,1,0,0,0
wall_follower,290,8,25,15,98500,22,1,0,0,0
dfs_nesw,290,8,48,34,199000,25,1,0,0,0
dfs_straight_first,290,8,48,26,187000,25,1,0,0,0
wall_follower,290,12,19,8,69000,18,1,0,0,0
dfs_nesw,290,12,48,25,184500,25,1,0,0,0
dfs_straight_first,290,12,48,24,182000,25,1,0,0,0
wall_follower,290,16,17,4,57000,16,1,0,0,0
dfs_nesw,290,16,48,17,170500,25,1,0,0,0
dfs_straight_first,290,16,48,17,170500,25,1,0,0,0
wall_follower,291,0,49,32,200000,25,1,0,0,0
dfs_nesw,291,0,48,31,194500,25,1,0,0,0
dfs_straight_first,291,0,48,31,194500,25,1,0,0,0
wall_follower,291,4,35,23,143500,25,1,0,0,0
dfs_nesw,291,4,48,32,197000,25,1,0,0,0
dfs_straight_first,291,4,48,32,197000,25,1,0,0,0
wall_follower,291,8,27,19,113500,21,1,0,0,0
dfs_nesw,291,8,48,30,194000,25,1,0,0,0
dfs_straight_first,291,8,48,27,188500,25,1,0,0,0
wall_follower,291,12,23,14,93000,19,1,0,0,0
dfs_nesw,291,12,48,25,185500,25,1,0,0,0
dfs_straight_first,291,12,48,19,176500,25,1,0,0,0
wall_follower,291,16,17,4,57000,16,1,0,0,0
dfs_nesw,291,16,48,17,170500,25,1,0,0,0
dfs_straight_first,291,16,48,17,170500,25,1,0,0,0
wall_follower,292,0,49,26,190000,25,1,0,0,0
dfs_nesw,292,0,48,25,184500,25,1,0,0,0
dfs_straight_first,292,0,48,25,184500,25,1,0,0,0
wall_follower,292,4,27,14,104000,21,1,0,0,0
dfs_nesw,292,4,48,30,193000,25,1,0,0,0
dfs_straight_first,292,4,48,21,178500,25,1,0,0,0
wall_follower,292,8,25,11,92500,21,1,0,0,0
dfs_nesw,292,8,48,30,193000,25,1,0,0,0
dfs_straight_first,292,8,48,18,173000,25,1,0,0,0
wall_follower,292,12,17,4,57000,16,1,0,0,0
dfs_nesw,292,12,48,26,185000,25,1,0,0,0
dfs_straight_first,292,12,48,18,173000,25,1,0,0,0
wall_follower,292,16,17,4,57000,16,1,0,0,0
dfs_nesw,292,16,48,17,170500,25,1,0,0,0
dfs_straight_first,292,16,48,17,170500,25,1,0,0,0
wall_follower,293,0,49,33,200500,25,1,0,0,0
dfs_nesw,293,0,48,32,195000,25,1,0,0,0
dfs_straight_first,293,0,48,32,195000,25,1,0,0,0
wall_follower,293,4,27,18,111000,21,1,0,0,0
dfs_nesw,293,4,48,30,194000,25,1,0,0,0
dfs_straight_first,293,4,48,30,194000,25,1,0,0,0
wall_follower,293,8,21,9,77500,18,1,0,0,0
dfs_nesw,293,8,48,28,190000,25,1,0,0,0
dfs_straight_first,293,8,48,25,184500,25,1,0,0,0
wall_follower,293,12,17,4,57000,16,1,0,0,0
dfs_nesw,293,12,48,20,176000,25,1,0,0,0
dfs_straight_first,293,12,48,18,173000,25,1,0,0,0
wall_follower,293,16,17,4,57000,16,1,0,0,0
dfs_nesw,293,16,48,17,170500,25,1,0,0,0
dfs_straight_first,293,16,48,17,170500,25,1,0,0,0
wall_follower,294,0,49,34,201000,25,1,0,0,0
dfs_nesw,294,0,48,33,195500,25,1,0,0,0
dfs_straight_first,294,0,48,33,195500,25,1,0,0,0
wall_follower,294,4,29,21,120500,25,1,0,0,0
dfs_nesw,294,4,48,31,194500,25,1,0,0,0
dfs_straight_first,294,4,48,30,192000,25,1,0,0,0
wall_follower,294,8,25,14,97000,23,1,0,0,0
dfs_nesw,294,8,48,27,188500,25,1,0,0,0
dfs_straight_first,294,8,48,26,186000,25,1,0,0,0
wall_follower,294,12,21,12,82000,19,1,0,0,0
dfs_nesw,294,12,48,30,192000,25,1,0,0,0
dfs_straight_first,294,12,48,22,180000,25,1,0,0,0
wall_follower,294,16,17,4,57000,16,1,0,0,0
dfs_nesw,294,16,48,17,170500,25,1,0,0,0
dfs_straight_first,294,16,48,17,170500,25,1,0,0,0
wall_follower,295,0,49,27,191500,25,1,0,0,0
dfs_nesw,295,0,48,26,186000,25,1,0,0,0
dfs_straight_first,295,0,48,26,186000,25,1,0,0,0
wall_follower,295,4,35,17,132500,24,1,0,0,0
dfs_nesw,295,4,48,26,186000,25,1,0,0,0
dfs_straight_first,295,4,48,24,183000,25,1,0,0,0
wall_follower,295,8,27,13,102500,22,1,0,0,0
dfs_nesw,295,8,48,26,186000,25,1,0,0,0
dfs_straight_first,295,8,48,24,183000,25,1,0,0,0
wall_follower,295,12,19,8,69000,18,1,0,0,0
dfs_nesw,295,12,48,21,178500,25,1,0,0,0
dfs_straight_first,295,12,48,19,175500,25,1,0,0,0
wall_follower,295,16,17,4,57000,16,1,0,0,0
dfs_nesw,295,16,48,17,170500,25,1,0,0,0
dfs_straight_first,295,16,48,17,170500,25,1,0,0,0
wall_follower,296,0,49,35,202500,25,1,0,0,0
dfs_nesw,296,0,48,34,197000,25,1,0,0,0
dfs_straight_first,296,0,48,34,197000,25,1,0,0,0
wall_follower,296,4,29,17,113500,23,1,0,0,0
dfs_nesw,296,4,48,33,196500,25,1,0,0,0
dfs_straight_first,296,4,48,30,193000,25,1,0,0,0
wall_follower,296,8,25,14,96000,22,1,0,0,0
dfs_nesw,296,8,48,34,199000,25,1,0,0,0
dfs_straight_first,296,8,48,27,185500,25,1,0,0,0
wall_follower,296,12,19,8,69000,18,1,0,0,0
dfs_nesw,296,12,48,26,185000,25,1,0,0,0
dfs_straight_first,296,12,48,23,181500,25,1,0,0,0
wall_follower,296,16,17,4,57000,16,1,0,0,0
dfs_nesw,296,16,48,17,170500,25,1,0,0,0
dfs_straight_first,296,16,48,17,170500,25,1,0,0,0
wall_follower,297,0,49,25,187500,25,1,0,0,0
dfs_nesw,297,0,48,24,182000,25,1,0,0,0
dfs_straight_first,297,0,48,24,182000,25,1,0,0,0
wall_follower,297,4,23,11,86500,20,1,0,0,0
dfs_nesw,297,4,48,24,182000,25,1,0,0,0
dfs_straight_first,297,4,48,24,182000,25,1,0,0,0
wall_follower,297,8,23,11,86500,20,1,0,0,0
dfs_nesw,297,8,48,22,179000,25,1,0,0,0
dfs_straight_first,297,8,48,20,176000,25,1,0,0,0
wall_follower,297,12,17,4,57000,16,1,0,0,0
dfs_nesw,297,12,48,17,170500,25,1,0,0,0
dfs_straight_first,297,12,48,17,170500,25,1,0,0,0
wall_follower,297,16,17,4,57000,16,1,0,0,0
dfs_nesw,297,16,48,17,170500,25,1,0,0,0
dfs_straight_first,297,16,48,17,170500,25,1,0,0,0
wall_follower,298,0,49,33,201500,25,1,0,0,0
dfs_nesw,298,0,48,32,196000,25,1,0,0,0
dfs_straight_first,298,0,48,32,196000,25,1,0,0,0
wall_follower,298,4,39,26,158000,25,1,0,0,0
dfs_nesw,298,4,48,32,196000,25,1,0,0,0
dfs_straight_first,298,4,48,30,193000,25,1,0,0,0
wall_follower,298,8,21,12,81000,19,1,0,0,0
dfs_nesw,298,8,48,35,199500,25,1,0,0,0
dfs_straight_first,298,8,48,31,193500,25,1,0,0,0
wall_follower,298,12,21,12,81000,19,1,0,0,0
dfs_nesw,298,12,48,35,199500,25,1,0,0,0
dfs_straight_first,298,12,48,28,190000,25,1,0,0,0
wall_follower,298,16,17,4,57000,16,1,0,0,0
dfs_nesw,298,16,48,17,170500,25,1,0,0,0
dfs_straight_first,298,16,48,17,170500,25,1,0,0,0
wall_follower,299,0,49,35,203500,25,1,0,0,0
dfs_nesw,299,0,48,34,198000,25,1,0,0,0
dfs_straight_first,299,0,48,34,198000,25,1,0,0,0
wall_follower,299,4,27,17,107500,22,1,0,0,0
dfs_nesw,299,4,48,32,196000,25,1,0,0,0
dfs_straight_first,299,4,48,30,193000,25,1,0,0,0
wall_follower,299,8,21,11,80500,19,1,0,0,0
dfs_nesw,299,8,48,32,196000,25,1,0,0,0
dfs_straight_first,299,8,48,27,189500,25,1,0,0,0
wall_follower,299,12,17,4,57000,16,1,0,0,0
dfs_nesw,299,12,48,28,188000,25,1,0,0,0
dfs_straight_first,299,12,48,21,178500,25,1,0,0,0
wall_follower,299,16,17,4,57000,16,1,0,0,0
dfs_nesw,299,16,48,17,170500,25,1,0,0,0
dfs_straight_first,299,16,48,17,170500,25,1,0,0,0
wall_follower,300,0,49,36,204000,25,1,0,0,0
dfs_nesw,300,0,48,35,198500,25,1,0,0,0
dfs_straight_first,300,0,48,35,198500,25,1,0,0,0
wall_follower,300,4,31,22,129000,24,1,0,0,0
dfs_nesw,300,4,48,36,201000,25,1,0,0,0
dfs_straight_first,300,4,48,33,197500,25,1,0,0,0
wall_follower,300,8,29,22,123000,23,1,0,0,0
dfs_nesw,300,8,48,35,200500,25,1,0,0,0
dfs_straight_first,300,8,48,30,194000,25,1,0,0,0
wall_follower,300,12,21,11,80500,19,1,0,0,0
dfs_nesw,300,12,48,27,189500,25,1,0,0,0
dfs_straight_first,300,12,48,22,181000,25,1,0,0,0
wall_follower,300,16,17,4,57000,16,1,0,0,0
dfs_nesw,300,16,48,17,170500,25,1,0,0,0
dfs_straight_first,300,16,48,17,170500,25,1,0,0,0
wall_follower,301,0,49,31,198500,25,1,0,0,0
dfs_nesw,301,0,48,30,193000,25,1,0,0,0
dfs_straight_first,301,0,48,30,193000,25,1,0,0,0
wall_follower,301,4,27,15,106500,21,1,0,0,0
dfs_nesw,301,4,48,33,198500,25,1,0,0,0
dfs_straight_first,301,4,48,23,183500,25,1,0,0,0
wall_follower,301,8,25,12,95000,20,1,0,0,0
dfs_nesw,301,8,48,27,189500,25,1,0,0,0
dfs_straight_first,301,8,48,22,181000,25,1,0,0,0
wall_follower,301,12,17,4,57000,16,1,0,0,0
dfs_nesw,301,12,48,24,184000,25,1,0,0,0
dfs_straight_first,301,12,48,21,180500,25,1,0,0,0
wall_follower,301,16,17,4,57000,16,1,0,0,0
dfs_nesw,301,16,48,17,170500,25,1,0,0,0
dfs_straight_first,301,16,48,17,170500,25,1,0,0,0
wall_follower,302,0,49,33,199500,25,1,0,0,0
dfs_nesw,302,0,48,32,194000,25,1,0,0,0
dfs_straight_first,302,0,48,32,194000,25,1,0,0,0
wall_follower,302,4,33,23,136500,25,1,0,0,0
dfs_nesw,302,4,48,32,194000,25,1,0,0,0
dfs_straight_first,302,4,48,29,190500,25,1,0,0,0
wall_follower,302,8,27,20,113000,23,1,0,0,0
dfs_nesw,302,8,48,35,199500,25,1,0,0,0
dfs_straight_first,302,8,48,30,191000,25,1,0,0,0
wall_follower,302,12,21,11,80500,19,1,0,0,0
dfs_nesw,302,12,48,29,190500,25,1,0,0,0
dfs_straight_first,302,12,48,18,173000,25,1,0,0,0
wall_follower,302,16,17,4,57000,16,1,0,0,0
dfs_nesw,302,16,48,17,170500,25,1,0,0,0
dfs_straight_first,302,16,48,17,170500,25,1,0,0,0
wall_follower,303,0,49,37,206500,25,1,0,0,0
dfs_nesw,303,0,48,36,201000,25,1,0,0,0
dfs_straight_first,303,0,48,36,201000,25,1,0,0,0
wall_follower,303,4,39,29,162500,24,1,0,0,0
dfs_nesw,303,4,48,37,201500,25,1,0,0,0
dfs_straight_first,303,4,48,35,198500,25,1,0,0,0
wall_follower,303,8,25,20,106000,22,1,0,0,0
dfs_nesw,303,8,48,34,198000,25,1,0,0,0
dfs_straight_first,303,8,48,32,195000,25,1,0,0,0
wall_follower,303,12,21,12,82000,19,1,0,0,0
dfs_nesw,303,12,48,30,194000,25,1,0,0,0
dfs_straight_first,303,12,48,24,183000,25,1,0,0,0
wall_follower,303,16,17,4,57000,16,1,0,0,0
dfs_nesw,303,16,48,17,170500,25,1,0,0,0
dfs_straight_first,303,16,48,17,170500,25,1,0,0,0
wall_follower,304,0,49,31,198500,25,1,0,0,0
dfs_nesw,304,0,48,30,193000,25,1,0,0,0
dfs_straight_first,304,0,48,30,193000,25,1,0,0,0
wall_follower,304,4,29,15,112500,23,1,0,0,0
dfs_nesw,304,4,48,28,190000,25,1,0,0,0
dfs_straight_first,304,4,48,21,178500,25,1,0,0,0
wall_follower,304,8,21,8,77000,18,1,0,0,0
dfs_nesw,304,8,48,17,172500,25,1,0,0,0
dfs_straight_first,304,8,48,17,172500,25,1,0,0,0
wall_follower,304,12,21,8,77000,18,1,0,0,0
dfs_nesw,304,12,48,20,176000,25,1,0,0,0
dfs_straight_first,304,12,48,17,172500,25,1,0,0,0
wall_follower,304,16,17,4,57000,16,1,0,0,0
dfs_nesw,304,16,48,17,170500,25,1,0,0,0
dfs_straight_first,304,16,48,17,170500,25,1,0,0,0
wall_follower,305,0,49,29,194500,25,1,0,0,0
dfs_nesw,305,0,48,28,189000,25,1,0,0,0
dfs_straight_first,305,0,48,28,189000,25,1,0,0,0
wall_follower,305,4,31,15,116500,25,1,0,0,0
dfs_nesw,305,4,48,24,182000,25,1,0,0,0
dfs_straight_first,305,4,48,25,184500,25,1,0,0,0
wall_follower,305,8,19,8,69000,18,1,0,0,0
dfs_nesw,305,8,48,29,190500,25,1,0,0,0
dfs_straight_first,305,8,48,22,181000,25,1,0,0,0
wall_follower,305,12,17,4,57000,16,1,0,0,0
dfs_nesw,305,12,48,17,170500,25,1,0,0,0
dfs_straight_first,305,12,48,17,170500,25,1,0,0,0
wall_follower,305,16,17,4,57000,16,1,0,0,0
dfs_nesw,305,16,48,17,170500,25,1,0,0,0
dfs_straight_first,305,16,48,17,170500,25,1,0,0,0
wall_follower,306,0,49,40,212000,25,1,0,0,0
dfs_nesw,306,0,48,39,206500,25,1,0,0,0
dfs_straight_first,306,0,48,39,206500,25,1,0,0,0
wall_follower,306,4,25,16,101000,21,1,0,0,0
dfs_nesw,306,4,48,31,195500,25,1,0,0,0
dfs_straight_first,306,4,48,31,195500,25,1,0,0,0
wall_follower,306,8,21,11,80500,19,1,0,0,0
dfs_nesw,306,8,48,29,190500,25,1,0,0,0
dfs_straight_first,306,8,48,24,184000,25,1,0,0,0
wall_follower,306,12,21,11,80500,19,1,0,0,0
dfs_nesw,306,12,48,29,190500,25,1,0,0,0
dfs_straight_first,306,12,48,17,172500,25,1,0,0,0
wall_follower,306,16,17,4,57000,16,1,0,0,0
dfs_nesw,306,16,48,17,170500,25,1,0,0,0
dfs_straight_first,306,16,48,17,170500,25,1,0,0,0
wall_follower,307,0,49,34,202000,25,1,0,0,0
dfs_nesw,307,0,48,33,196500,25,1,0,0,0
dfs_straight_first,307,0,48,33,196500,25,1,0,0,0
wall_follower,307,4,27,16,107000,21,1,0,0,0
dfs_nesw,307,4,48,34,199000,25,1,0,0,0
dfs_straight_first,307,4,48,28,190000,25,1,0,0,0
wall_follower,307,8,25,13,95500,20,1,0,0,0
dfs_nesw,307,8,48,30,193000,25,1,0,0,0
dfs_straight_first,307,8,48,26,187000,25,1,0,0,0
wall_follower,307,12,17,4,57000,16,1,0,0,0
dfs_nesw,307,12,48,23,181500,25,1,0,0,0
dfs_straight_first,307,12,48,22,181000,25,1,0,0,0
wall_follower,307,16,17,4,57000,16,1,0,0,0
dfs_nesw,307,16,48,17,170500,25,1,0,0,0
dfs_straight_first,307,16,48,17,170500,25,1,0,0,0
wall_follower,308,0,49,40,211000,25,1,0,0,0
dfs_nesw,308,0,48,39,205500,25,1,0,0,0
dfs_straight_first,308,0,48,39,205500,25,1,0,0,0
wall_follower,308,4,29,21,121500,23,1,0,0,0
dfs_nesw,308,4,48,37,204500,25,1,0,0,0
dfs_straight_first,308,4,48,36,202000,25,1,0,0,0
wall_follower,308,8,23,14,92000,19,1,0,0,0
dfs_nesw,308,8,48,34,199000,25,1,0,0,0
dfs_straight_first,308,8,48,28,190000,25,1,0,0,0
wall_follower,308,12,21,11,80500,19,1,0,0,0
dfs_nesw,308,12,48,26,187000,25,1,0,0,0
dfs_straight_first,308,12,48,21,178500,25,1,0,0,0
wall_follower,308,16,17,4,57000,16,1,0,0,0
dfs_nesw,308,16,48,17,170500,25,1,0,0,0
dfs_straight_first,308,16,48,17,170500,25,1,0,0,0
wall_follower,309,0,49,23,184500,25,1,0,0,0
dfs_nesw,309,0,48,22,179000,25,1,0,0,0
dfs_straight_first,309,0,48,22,179000,25,1,0,0,0
wall_follower,309,4,27,10,98000,23,1,0,0,0
dfs_nesw,309,4,48,21,178500,25,1,0,0,0
dfs_straight_first,309,4,48,20,176000,25,1,0,0,0
wall_follower,309,8,17,4,57000,16,1,0,0,0
dfs_nesw,309,8,48,22,179000,25,1,0,0,0
dfs_straight_first,309,8,48,20,176000,25,1,0,0,0
wall_follower,309,12,17,4,57000,16,1,0,0,0
dfs_nesw,309,12,48,17,170500,25,1,0,0,0
dfs_straight_first,309,12,48,18,173000,25,1,0,0,0
wall_follower,309,16,17,4,57000,16,1,0,0,0
dfs_nesw,309,16,48,17,170500,25,1,0,0,0
dfs_straight_first,309,16,48,17,170500,25,1,0,0,0
wall_follower,310,0,49,32,199000,25,1,0,0,0
dfs_nesw,310,0,48,31,193500,25,1,0,0,0
dfs_straight_first,310,0,48,31,193500,25,1,0,0,0
wall_follower,310,4,31,16,119000,25,1,0,0,0
dfs_nesw,310,4,48,25,184500,25,1,0,0,0
dfs_straight_first,310,4,48,24,184000,25,1,0,0,0
wall_follower,310,8,19,8,69000,18,1,0,0,0
dfs_nesw,310,8,48,28,188000,25,1,0,0,0
dfs_straight_first,310,8,48,22,179000,25,1,0,0,0
wall_follower,310,12,17,4,57000,16,1,0,0,0
dfs_nesw,310,12,48,23,181500,25,1,0,0,0
dfs_straight_first,310,12,48,21,176500,25,1,0,0,0
wall_follower,310,16,17,4,57000,16,1,0,0,0
dfs_nesw,310,16,48,17,170500,25,1,0,0,0
dfs_straight_first,310,16,48,17,170500,25,1,0,0,0
wall_follower,311,0,49,35,203500,25,1,0,0,0
dfs_nesw,311,0,48,34,198000,25,1,0,0,0
dfs_straight_first,311,0,48,34,198000,25,1,0,0,0
wall_follower,311,4,33,20,131000,25,1,0,0,0
dfs_nesw,311,4,48,28,190000,25,1,0,0,0
dfs_straight_first,311,4,48,31,195500,25,1,0,0,0
wall_follower,311,8,27,15,104500,22,1,0,0,0
dfs_nesw,311,8,48,28,190000,25,1,0,0,0
dfs_straight_first,311,8,48,26,187000,25,1,0,0,0
wall_follower,311,12,21,12,81000,20,1,0,0,0
dfs_nesw,311,12,48,32,196000,25,1,0,0,0
dfs_straight_first,311,12,48,21,178500,25,1,0,0,0
wall_follower,311,16,17,4,57000,16,1,0,0,0
dfs_nesw,311,16,48,17,170500,25,1,0,0,0
dfs_straight_first,311,16,48,17,170500,25,1,0,0,0
wall_follower,312,0,49,29,194500,25,1,0,0,0
dfs_nesw,312,0,48,28,189000,25,1,0,0,0
dfs_straight_first,312,0,48,28,189000,25,1,0,0,0
wall_follower,312,4,29,20,120000,23,1,0,0,0
dfs_nesw,312,4,48,33,197500,25,1,0,0,0
dfs_straight_first,312,4,48,28,189000,25,1,0,0,0
wall_follower,312,8,27,17,108500,22,1,0,0,0
dfs_nesw,312,8,48,25,183500,25,1,0,0,0
dfs_straight_first,312,8,48,25,183500,25,1,0,0,0
wall_follower,312,12,23,12,87000,22,1,0,0,0
dfs_nesw,312,12,48,25,184500,25,1,0,0,0
dfs_straight_first,312,12,48,21,178500,25,1,0,0,0
wall_follower,312,16,17,4,57000,16,1,0,0,0
dfs_nesw,312,16,48,17,170500,25,1,0,0,0
dfs_straight_first,312,16,48,17,170500,25,1,0,0,0
wall_follower,313,0,49,26,189000,25,1,0,0,0
dfs_nesw,313,0,48,25,183500,25,1,0,0,0
dfs_straight_first,313,0,48,25,183500,25,1,0,0,0
wall_follower,313,4,35,20,136000,25,1,0,0,0
dfs_nesw,313,4,48,25,183500,25,1,0,0,0
dfs_straight_first,313,4,48,26,184000,25,1,0,0,0
wall_follower,313,8,21,12,82000,19,1,0,0,0
dfs_nesw,313,8,48,29,191500,25,1,0,0,0
dfs_straight_first,313,8,48,22,178000,25,1,0,0,0
wall_follower,313,12,17,4,57000,16,1,0,0,0
dfs_nesw,313,12,48,20,176000,25,1,0,0,0
dfs_straight_first,313,12,48,17,170500,25,1,0,0,0
wall_follower,313,16,17,4,57000,16,1,0,0,0
dfs_nesw,313,16,48,17,170500,25,1,0,0,0
dfs_straight_first,313,16,48,17,170500,25,1,0,0,0
wall_follower,314,0,49,38,209000,25,1,0,0,0
dfs_nesw,314,0,48,37,203500,25,1,0,0,0
dfs_straight_first,314,0,48,37,203500,25,1,0,0,0
wall_follower,314,4,27,19,111500,23,1,0,0,0
dfs_nesw,314,4,48,37,203500,25,1,0,0,0
dfs_straight_first,314,4,48,31,194500,25,1,0,0,0
wall_follower,314,8,25,16,100000,22,1,0,0,0
dfs_nesw,314,8,48,33,197500,25,1,0,0,0
dfs_straight_first,314,8,48,24,183000,25,1,0,0,0
wall_follower,314,12,21,12,81000,20,1,0,0,0
dfs_nesw,314,12,48,27,187500,25,1,0,0,0
dfs_straight_first,314,12,48,25,184500,25,1,0,0,0
wall_follower,314,16,17,4,57000,16,1,0,0,0
dfs_nesw,314,16,48,17,170500,25,1,0,0,0
dfs_straight_first,314,16,48,17,170500,25,1,0,0,0
wall_follower,315,0,49,34,203000,25,1,0,0,0
dfs_nesw,315,0,48,33,197500,25,1,0,0,0
dfs_straight_first,315,0,48,33,197500,25,1,0,0,0
wall_follower,315,4,27,15,104500,21,1,0,0,0
dfs_nesw,315,4,48,29,192500,25,1,0,0,0
dfs_straight_first,315,4,48,29,192500,25,1,0,0,0
wall_follower,315,8,19,8,69000,18,1,0,0,0
dfs_nesw,315,8,48,22,181000,25,1,0,0,0
dfs_straight_first,315,8,48,22,181000,25,1,0,0,0
wall_follower,315,12,17,4,57000,16,1,0,0,0
dfs_nesw,315,12,48,17,170500,25,1,0,0,0
dfs_straight_first,315,12,48,17,170500,25,1,0,0,0
wall_follower,315,16,17,4,57000,16,1,0,0,0
dfs_nesw,315,16,48,17,170500,25,1,0,0,0
dfs_straight_first,315,16,48,17,170500,25,1,0,0,0
wall_follower,316,0,49,29,193500,25,1,0,0,0
dfs_nesw,316,0,48,28,188000,25,1,0,0,0
dfs_straight_first,316,0,48,28,188000,25,1,0,0,0
wall_follower,316,4,25,16,101000,21,1,0,0,0
dfs_nesw,316,4,48,31,193500,25,1,0,0,0
dfs_straight_first,316,4,48,24,184000,25,1,0,0,0
wall_follower,316,8,25,16,101000,21,1,0,0,0
dfs_nesw,316,8,48,29,190500,25,1,0,0,0
dfs_straight_first,316,8,48,25,184500,25,1,0,0,0
wall_follower,316,12,21,11,80500,18,1,0,0,0
dfs_nesw,316,12,48,26,185000,25,1,0,0,0
dfs_straight_first,316,12,48,18,173000,25,1,0,0,0
wall_follower,316,16,17,4,57000,16,1,0,0,0
dfs_nesw,316,16,48,17,170500,25,1,0,0,0
dfs_straight_first,316,16,48,17,170500,25,1,0,0,0
wall_follower,317,0,49,28,194000,25,1,0,0,0
dfs_nesw,317,0,48,27,188500,25,1,0,0,0
dfs_straight_first,317,0,48,27,188500,25,1,0,0,0
wall_follower,317,4,25,12,96000,20,1,0,0,0
dfs_nesw,317,4,48,25,185500,25,1,0,0,0
dfs_straight_first,317,4,48,24,185000,25,1,0,0,0
wall_follower,317,8,23,12,90000,19,1,0,0,0
dfs_nesw,317,8,48,26,188000,25,1,0,0,0
dfs_straight_first,317,8,48,21,179500,25,1,0,0,0
wall_follower,317,12,21,11,81500,18,1,0,0,0
dfs_nesw,317,12,48,26,188000,25,1,0,0,0
dfs_straight_first,317,12,48,20,177000,25,1,0,0,0
wall_follower,317,16,17,4,57000,16,1,0,0,0
dfs_nesw,317,16,48,17,170500,25,1,0,0,0
dfs_straight_first,317,16,48,17,170500,25,1,0,0,0
wall_follower,318,0,49,32,198000,25,1,0,0,0
dfs_nesw,318,0,48,31,192500,25,1,0,0,0
dfs_straight_first,318,0,48,31,192500,25,1,0,0,0
wall_follower,318,4,31,17,120500,22,1,0,0,0
dfs_nesw,318,4,48,31,192500,25,1,0,0,0
dfs_straight_first,318,4,48,26,186000,25,1,0,0,0
wall_follower,318,8,21,12,82000,19,1,0,0,0
dfs_nesw,318,8,48,35,200500,25,1,0,0,0
dfs_straight_first,318,8,48,17,171500,25,1,0,0,0
wall_follower,318,12,17,4,57000,16,1,0,0,0
dfs_nesw,318,12,48,25,184500,25,1,0,0,0
dfs_straight_first,318,12,48,20,176000,25,1,0,0,0
wall_follower,318,16,17,4,57000,16,1,0,0,0
dfs_nesw,318,16,48,17,170500,25,1,0,0,0
dfs_straight_first,318,16,48,17,170500,25,1,0,0,0
wall_follower,319,0,49,29,194500,25,1,0,0,0
dfs_nesw,319,0,48,28,189000,25,1,0,0,0
dfs_straight_first,319,0,48,28,189000,25,1,0,0,0
wall_follower,319,4,39,25,158500,25,1,0,0,0
dfs_nesw,319,4,48,30,194000,25,1,0,0,0
dfs_straight_first,319,4,48,30,194000,25,1,0,0,0
wall_follower,319,8,29,14,109000,24,1,0,0,0
dfs_nesw,319,8,48,27,188500,25,1,0,0,0
dfs_straight_first,319,8,48,23,180500,25,1,0,0,0
wall_follower,319,12,19,8,70000,17,1,0,0,0
dfs_nesw,319,12,48,22,180000,25,1,0,0,0
dfs_straight_first,319,12,48,18,172000,25,1,0,0,0
wall_follower,319,16,17,4,57000,16,1,0,0,0
dfs_nesw,319,16,48,17,170500,25,1,0,0,0
dfs_straight_first,319,16,48,17,170500,25,1,0,0,0
wall_follower,320,0,49,29,192500,25,1,0,0,0
dfs_nesw,320,0,48,28,187000,25,1,0,0,0
dfs_straight_first,320,0,48,28,187000,25,1,0,0,0
wall_follower,320,4,21,8,76000,18,1,0,0,0
dfs_nesw,320,4,48,25,183500,25,1,0,0,0
dfs_straight_first,320,4,48,24,183000,25,1,0,0,0
wall_follower,320,8,19,8,70000,17,1,0,0,0
dfs_nesw,320,8,48,29,191500,25,1,0,0,0
dfs_straight_first,320,8,48,22,180000,25,1,0,0,0
wall_follower,320,12,19,8,70000,17,1,0,0,0
dfs_nesw,320,12,48,25,185500,25,1,0,0,0
dfs_straight_first,320,12,48,22,180000,25,1,0,0,0
wall_follower,320,16,17,4,57000,16,1,0,0,0
dfs_nesw,320,16,48,17,170500,25,1,0,0,0
dfs_straight_first,320,16,48,17,170500,25,1,0,0,0
wall_follower,321,0,49,31,198500,25,1,0,0,0
dfs_nesw,321,0,48,30,193000,25,1,0,0,0
dfs_straight_first,321,0,48,30,193000,25,1,0,0,0
wall_follower,321,4,33,20,133000,25,1,0,0,0
dfs_nesw,321,4,48,26,187000,25,1,0,0,0
dfs_straight_first,321,4,48,26,187000,25,1,0,0,0
wall_follower,321,8,21,9,77500,19,1,0,0,0
dfs_nesw,321,8,48,22,179000,25,1,0,0,0
dfs_straight_first,321,8,48,21,178500,25,1,0,0,0
wall_follower,321,12,19,8,69000,18,1,0,0,0
dfs_nesw,321,12,48,22,179000,25,1,0,0,0
dfs_straight_first,321,12,48,21,178500,25,1,0,0,0
wall_follower,321,16,17,4,57000,16,1,0,0,0
dfs_nesw,321,16,48,17,170500,25,1,0,0,0
dfs_straight_first,321,16,48,17,170500,25,1,0,0,0
wall_follower,322,0,49,36,204000,25,1,0,0,0
dfs_nesw,322,0,48,35,198500,25,1,0,0,0
dfs_straight_first,322,0,48,35,198500,25,1,0,0,0
wall_follower,322,4,23,16,94000,20,1,0,0,0
dfs_nesw,322,4,48,28,189000,25,1,0,0,0
dfs_straight_first,322,4,48,31,192500,25,1,0,0,0
wall_follower,322,8,21,12,82000,19,1,0,0,0
dfs_nesw,322,8,48,31,192500,25,1,0,0,0
dfs_straight_first,322,8,48,22,180000,25,1,0,0,0
wall_follower,322,12,19,8,70000,17,1,0,0,0
dfs_nesw,322,12,48,31,192500,25,1,0,0,0
dfs_straight_first,322,12,48,18,174000,25,1,0,0,0
wall_follower,322,16,17,4,57000,16,1,0,0,0
dfs_nesw,322,16,48,17,170500,25,1,0,0,0
dfs_straight_first,322,16,48,17,170500,25,1,0,0,0
wall_follower,323,0,49,24,185000,25,1,0,0,0
dfs_nesw,323,0,48,23,179500,25,1,0,0,0
dfs_straight_first,323,0,48,23,179500,25,1,0,0,0
wall_follower,323,4,25,12,93000,24,1,0,0,0
dfs_nesw,323,4,48,26,185000,25,1,0,0,0
dfs_straight_first,323,4,48,23,179500,25,1,0,0,0
wall_follower,323,8,25,12,93000,24,1,0,0,0
dfs_nesw,323,8,48,26,185000,25,1,0,0,0
dfs_straight_first,323,8,48,21,176500,25,1,0,0,0
wall_follower,323,12,23,10,84000,22,1,0,0,0
dfs_nesw,323,12,48,29,188500,25,1,0,0,0
dfs_straight_first,323,12,48,21,176500,25,1,0,0,0
wall_follower,323,16,17,4,57000,16,1,0,0,0
dfs_nesw,323,16,48,17,170500,25,1,0,0,0
dfs_straight_first,323,16,48,17,170500,25,1,0,0,0
wall_follower,324,0,49,29,194500,25,1,0,0,0
dfs_nesw,324,0,48,28,189000,25,1,0,0,0
dfs_straight_first,324,0,48,28,189000,25,1,0,0,0
wall_follower,324,4,27,14,105000,21,1,0,0,0
dfs_nesw,324,4,48,26,186000,25,1,0,0,0
dfs_straight_first,324,4,48,25,187500,25,1,0,0,0
wall_follower,324,8,21,12,82000,19,1,0,0,0
dfs_nesw,324,8,48,27,186500,25,1,0,0,0
dfs_straight_first,324,8,48,26,186000,25,1,0,0,0
wall_follower,324,12,19,8,70000,17,1,0,0,0
dfs_nesw,324,12,48,24,183000,25,1,0,0,0
dfs_straight_first,324,12,48,20,175000,25,1,0,0,0
wall_follower,324,16,17,4,57000,16,1,0,0,0
dfs_nesw,324,16,48,17,170500,25,1,0,0,0
dfs_straight_first,324,16,48,17,170500,25,1,0,0,0
wall_follower,325,0,49,31,197500,25,1,0,0,0
dfs_nesw,325,0,48,30,192000,25,1,0,0,0
dfs_straight_first,325,0,48,30,192000,25,1,0,0,0
wall_follower,325,4,31,18,123000,23,1,0,0,0
dfs_nesw,325,4,48,30,192000,25,1,0,0,0
dfs_straight_first,325,4,48,28,189000,25,1,0,0,0
wall_follower,325,8,19,7,68500,17,1,0,0,0
dfs_nesw,325,8,48,29,192500,25,1,0,0,0
dfs_straight_first,325,8,48,23,183500,25,1,0,0,0
wall_follower,325,12,19,7,68500,17,1,0,0,0
dfs_nesw,325,12,48,26,187000,25,1,0,0,0
dfs_straight_first,325,12,48,21,180500,25,1,0,0,0
wall_follower,325,16,17,4,57000,16,1,0,0,0
dfs_nesw,325,16,48,17,170500,25,1,0,0,0
dfs_straight_first,325,16,48,17,170500,25,1,0,0,0
wall_follower,326,0,49,35,203500,25,1,0,0,0
dfs_nesw,326,0,48,34,198000,25,1,0,0,0
dfs_straight_first,326,0,48,34,198000,25,1,0,0,0
wall_follower,326,4,33,25,140500,24,1,0,0,0
dfs_nesw,326,4,48,38,206000,25,1,0,0,0
dfs_straight_first,326,4,48,34,198000,25,1,0,0,0
wall_follower,326,8,25,17,102500,21,1,0,0,0
dfs_nesw,326,8,48,28,191000,25,1,0,0,0
dfs_straight_first,326,8,48,28,191000,25,1,0,0,0
wall_follower,326,12,19,8,70000,17,1,0,0,0
dfs_nesw,326,12,48,20,177000,25,1,0,0,0
dfs_straight_first,326,12,48,18,172000,25,1,0,0,0
wall_follower,326,16,17,4,57000,16,1,0,0,0
dfs_nesw,326,16,48,17,170500,25,1,0,0,0
dfs_straight_first,326,16,48,17,170500,25,1,0,0,0
wall_follower,327,0,49,32,199000,25,1,0,0,0
dfs_nesw,327,0,48,31,193500,25,1,0,0,0
dfs_straight_first,327,0,48,31,193500,25,1,0,0,0
wall_follower,327,4,23,16,93000,22,1,0,0,0
dfs_nesw,327,4,48,35,199500,25,1,0,0,0
dfs_straight_first,327,4,48,30,193000,25,1,0,0,0
wall_follower,327,8,21,12,81000,20,1,0,0,0
dfs_nesw,327,8,48,35,199500,25,1,0,0,0
dfs_straight_first,327,8,48,27,187500,25,1,0,0,0
wall_follower,327,12,19,8,69000,18,1,0,0,0
dfs_nesw,327,12,48,28,188000,25,1,0,0,0
dfs_straight_first,327,12,48,23,181500,25,1,0,0,0
wall_follower,327,16,17,4,57000,16,1,0,0,0
dfs_nesw,327,16,48,17,170500,25,1,0,0,0
dfs_straight_first,327,16,48,17,170500,25,1,0,0,0
wall_follower,328,0,49,25,188500,25,1,0,0,0
dfs_nesw,328,0,48,24,183000,25,1,0,0,0
dfs_straight_first,328,0,48,24,183000,25,1,0,0,0
wall_follower,328,4,23,13,90500,19,1,0,0,0
dfs_nesw,328,4,48,30,194000,25,1,0,0,0
dfs_straight_first,328,4,48,26,188000,25,1,0,0,0
wall_follower,328,8,19,8,70000,17,1,0,0,0
dfs_nesw,328,8,48,28,191000,25,1,0,0,0
dfs_straight_first,328,8,48,21,177500,25,1,0,0,0
wall_follower,328,12,17,4,57000,16,1,0,0,0
dfs_nesw,328,12,48,21,178500,25,1,0,0,0
dfs_straight_first,328,12,48,19,173500,25,1,0,0,0
wall_follower,328,16,17,4,57000,16,1,0,0,0
dfs_nesw,328,16,48,17,170500,25,1,0,0,0
dfs_straight_first,328,16,48,17,170500,25,1,0,0,0
wall_follower,329,0,49,35,203500,25,1,0,0,0
dfs_nesw,329,0,48,34,198000,25,1,0,0,0
dfs_straight_first,329,0,48,34,198000,25,1,0,0,0
wall_follower,329,4,37,26,153000,25,1,0,0,0
dfs_nesw,329,4,48,37,203500,25,1,0,0,0
dfs_straight_first,329,4,48,33,197500,25,1,0,0,0
wall_follower,329,8,29,21,120500,23,1,0,0,0
dfs_nesw,329,8,48,37,203500,25,1,0,0,0
dfs_straight_first,329,8,48,31,194500,25,1,0,0,0
wall_follower,329,12,23,15,93500,19,1,0,0,0
dfs_nesw,329,12,48,24,185000,25,1,0,0,0
dfs_straight_first,329,12,48,24,185000,25,1,0,0,0
wall_follower,329,16,17,4,57000,16,1,0,0,0
dfs_nesw,329,16,48,17,170500,25,1,0,0,0
dfs_straight_first,329,16,48,17,170500,25,1,0,0,0
wall_follower,330,0,49,40,210000,25,1,0,0,0
dfs_nesw,330,0,48,39,204500,25,1,0,0,0
dfs_straight_first,330,0,48,39,204500,25,1,0,0,0
wall_follower,330,4,33,27,141500,25,1,0,0,0
dfs_nesw,330,4,48,39,204500,25,1,0,0,0
dfs_straight_first,330,4,48,36,201000,25,1,0,0,0
wall_follower,330,8,29,21,119500,25,1,0,0,0
dfs_nesw,330,8,48,37,202500,25,1,0,0,0
dfs_straight_first,330,8,48,34,199000,25,1,0,0,0
wall_follower,330,12,21,11,80500,19,1,0,0,0
dfs_nesw,330,12,48,25,184500,25,1,0,0,0
dfs_straight_first,330,12,48,22,181000,25,1,0,0,0
wall_follower,330,16,17,4,57000,16,1,0,0,0
dfs_nesw,330,16,48,17,170500,25,1,0,0,0
dfs_straight_first,330,16,48,17,170500,25,1,0,0,0
wall_follower,331,0,49,31,198500,25,1,0,0,0
dfs_nesw,331,0,48,30,193000,25,1,0,0,0
dfs_straight_first,331,0,48,30,193000,25,1,0,0,0
wall_follower,331,4,23,14,92000,20,1,0,0,0
dfs_nesw,331,4,48,32,196000,25,1,0,0,0
dfs_straight_first,331,4,48,25,184500,25,1,0,0,0
wall_follower,331,8,19,8,69000,18,1,0,0,0
dfs_nesw,331,8,48,25,184500,25,1,0,0,0
dfs_straight_first,331,8,48,18,173000,25,1,0,0,0
wall_follower,331,12,19,8,69000,18,1,0,0,0
dfs_nesw,331,12,48,22,179000,25,1,0,0,0
dfs_straight_first,331,12,48,18,173000,25,1,0,0,0
wall_follower,331,16,17,4,57000,16,1,0,0,0
dfs_nesw,331,16,48,17,170500,25,1,0,0,0
dfs_straight_first,331,16,48,17,170500,25,1,0,0,0
wall_follower,332,0,49,34,203000,25,1,0,0,0
dfs_nesw,332,0,48,33,197500,25,1,0,0,0
dfs_straight_first,332,0,48,33,197500,25,1,0,0,0
wall_follower,332,4,29,18,117000,23,1,0,0,0
dfs_nesw,332,4,48,36,203000,25,1,0,0,0
dfs_straight_first,332,4,48,28,189000,25,1,0,0,0
wall_follower,332,8,21,11,81500,18,1,0,0,0
dfs_nesw,332,8,48,39,206500,25,1,0,0,0
dfs_straight_first,332,8,48,22,180000,25,1,0,0,0
wall_follower,332,12,17,4,57000,16,1,0,0,0
dfs_nesw,332,12,48,25,184500,25,1,0,0,0
dfs_straight_first,332,12,48,21,178500,25,1,0,0,0
wall_follower,332,16,17,4,57000,16,1,0,0,0
dfs_nesw,332,16,48,17,170500,25,1,0,0,0
dfs_straight_first,332,16,48,17,170500,25,1,0,0,0
wall_follower,333,0,49,35,203500,25,1,0,0,0
dfs_nesw,333,0,48,34,198000,25,1,0,0,0
dfs_straight_first,333,0,48,34,198000,25,1,0,0,0
wall_follower,333,4,29,16,114000,22,1,0,0,0
dfs_nesw,333,4,48,35,200500,25,1,0,0,0
dfs_straight_first,333,4,48,25,185500,25,1,0,0,0
wall_follower,333,8,27,16,108000,22,1,0,0,0
dfs_nesw,333,8,48,30,194000,25,1,0,0,0
dfs_straight_first,333,8,48,25,185500,25,1,0,0,0
wall_follower,333,12,19,7,68500,17,1,0,0,0
dfs_nesw,333,12,48,29,190500,25,1,0,0,0
dfs_straight_first,333,12,48,20,178000,25,1,0,0,0
wall_follower,333,16,17,4,57000,16,1,0,0,0
dfs_nesw,333,16,48,17,170500,25,1,0,0,0
dfs_straight_first,333,16,48,17,170500,25,1,0,0,0
wall_follower,334,0,49,35,204500,25,1,0,0,0
dfs_nesw,334,0,48,34,199000,25,1,0,0,0
dfs_straight_first,334,0,48,34,199000,25,1,0,0,0
wall_follower,334,4,25,14,98000,21,1,0,0,0
dfs_nesw,334,4,48,28,190000,25,1,0,0,0
dfs_straight_first,334,4,48,27,189500,25,1,0,0,0
wall_follower,334,8,17,4,57000,16,1,0,0,0
dfs_nesw,334,8,48,23,183500,25,1,0,0,0
dfs_straight_first,334,8,48,23,183500,25,1,0,0,0
wall_follower,334,12,17,4,57000,16,1,0,0,0
dfs_nesw,334,12,48,17,172500,25,1,0,0,0
dfs_straight_first,334,12,48,17,172500,25,1,0,0,0
wall_follower,334,16,17,4,57000,16,1,0,0,0
dfs_nesw,334,16,48,17,170500,25,1,0,0,0
dfs_straight_first,334,16,48,17,170500,25,1,0,0,0
wall_follower,335,0,49,32,198000,25,1,0,0,0
dfs_nesw,335,0,48,31,192500,25,1,0,0,0
dfs_straight_first,335,0,48,31,192500,25,1,0,0,0
wall_follower,335,4,37,24,150000,25,1,0,0,0
dfs_nesw,335,4,48,31,192500,25,1,0,0,0
dfs_straight_first,335,4,48,31,192500,25,1,0,0,0
wall_follower,335,8,27,16,106000,23,1,0,0,0
dfs_nesw,335,8,48,30,192000,25,1,0,0,0
dfs_straight_first,335,8,48,27,186500,25,1,0,0,0
wall_follower,335,12,19,8,69000,18,1,0,0,0
dfs_nesw,335,12,48,20,176000,25,1,0,0,0
dfs_straight_first,335,12,48,23,181500,25,1,0,0,0
wall_follower,335,16,17,4,57000,16,1,0,0,0
dfs_nesw,335,16,48,17,170500,25,1,0,0,0
dfs_straight_first,335,16,48,17,170500,25,1,0,0,0
wall_follower,336,0,49,39,210500,25,1,0,0,0
dfs_nesw,336,0,48,38,205000,25,1,0,0,0
dfs_straight_first,336,0,48,38,205000,25,1,0,0,0
wall_follower,336,4,25,17,103500,21,1,0,0,0
dfs_nesw,336,4,48,33,196500,25,1,0,0,0
dfs_straight_first,336,4,48,29,190500,25,1,0,0,0
wall_follower,336,8,23,15,92500,21,1,0,0,0
dfs_nesw,336,8,48,31,193500,25,1,0,0,0
dfs_straight_first,336,8,48,27,187500,25,1,0,0,0
wall_follower,336,12,17,4,57000,16,1,0,0,0
dfs_nesw,336,12,48,24,184000,25,1,0,0,0
dfs_straight_first,336,12,48,20,176000,25,1,0,0,0
wall_follower,336,16,17,4,57000,16,1,0,0,0
dfs_nesw,336,16,48,17,170500,25,1,0,0,0
dfs_straight_first,336,16,48,17,170500,25,1,0,0,0
wall_follower,337,0,49,31,199500,25,1,0,0,0
dfs_nesw,337,0,48,30,194000,25,1,0,0,0
dfs_straight_first,337,0,48,30,194000,25,1,0,0,0
wall_follower,337,4,33,18,129000,24,1,0,0,0
dfs_nesw,337,4,48,26,186000,25,1,0,0,0
dfs_straight_first,337,4,48,23,182500,25,1,0,0,0
wall_follower,337,8,23,13,90500,20,1,0,0,0
dfs_nesw,337,8,48,29,191500,25,1,0,0,0
dfs_straight_first,337,8,48,26,186000,25,1,0,0,0
wall_follower,337,12,19,8,70000,17,1,0,0,0
dfs_nesw,337,12,48,28,191000,25,1,0,0,0
dfs_straight_first,337,12,48,19,174500,25,1,0,0,0
wall_follower,337,16,17,4,57000,16,1,0,0,0
dfs_nesw,337,16,48,17,170500,25,1,0,0,0
dfs_straight_first,337,16,48,17,170500,25,1,0,0,0
wall_follower,338,0,49,28,193000,25,1,0,0,0
dfs_nesw,338,0,48,27,187500,25,1,0,0,0
dfs_straight_first,338,0,48,27,187500,25,1,0,0,0
wall_follower,338,4,27,18,110000,22,1,0,0,0
dfs_nesw,338,4,48,30,193000,25,1,0,0,0
dfs_straight_first,338,4,48,24,182000,25,1,0,0,0
wall_follower,338,8,19,7,68500,17,1,0,0,0
dfs_nesw,338,8,48,20,176000,25,1,0,0,0
dfs_straight_first,338,8,48,18,173000,25,1,0,0,0
wall_follower,338,12,17,4,57000,16,1,0,0,0
dfs_nesw,338,12,48,17,170500,25,1,0,0,0
dfs_straight_first,338,12,48,17,170500,25,1,0,0,0
wall_follower,338,16,17,4,57000,16,1,0,0,0
dfs_nesw,338,16,48,17,170500,25,1,0,0,0
dfs_straight_first,338,16,48,17,170500,25,1,0,0,0
wall_follower,339,0,49,28,193000,25,1,0,0,0
dfs_nesw,339,0,48,27,187500,25,1,0,0,0
dfs_straight_first,339,0,48,27,187500,25,1,0,0,0
wall_follower,339,4,29,14,110000,21,1,0,0,0
dfs_nesw,339,4,48,26,187000,25,1,0,0,0
dfs_straight_first,339,4,48,26,187000,25,1,0,0,0
wall_follower,339,8,19,7,68500,17,1,0,0,0
dfs_nesw,339,8,48,26,187000,25,1,0,0,0
dfs_straight_first,339,8,48,26,187000,25,1,0,0,0
wall_follower,339,12,19,7,68500,17,1,0,0,0
dfs_nesw,339,12,48,23,181500,25,1,0,0,0
dfs_straight_first,339,12,48,23,181500,25,1,0,0,0
wall_follower,339,16,17,4,57000,16,1,0,0,0
dfs_nesw,339,16,48,17,170500,25,1,0,0,0
dfs_straight_first,339,16,48,17,170500,25,1,0,0,0
wall_follower,340,0,49,36,205000,25,1,0,0,0
dfs_nesw,340,0,48,35,199500,25,1,0,0,0
dfs_straight_first,340,0,48,35,199500,25,1,0,0,0
wall_follower,340,4,25,14,98000,21,1,0,0,0
dfs_nesw,340,4,48,27,189500,25,1,0,0,0
dfs_straight_first,340,4,48,27,189500,25,1,0,0,0
wall_follower,340,8,19,7,68500,17,1,0,0,0
dfs_nesw,340,8,48,23,181500,25,1,0,0,0
dfs_straight_first,340,8,48,22,181000,25,1,0,0,0
wall_follower,340,12,17,4,57000,16,1,0,0,0
dfs_nesw,340,12,48,23,181500,25,1,0,0,0
dfs_straight_first,340,12,48,23,181500,25,1,0,0,0
wall_follower,340,16,17,4,57000,16,1,0,0,0
dfs_nesw,340,16,48,17,170500,25,1,0,0,0
dfs_straight_first,340,16,48,17,170500,25,1,0,0,0
wall_follower,341,0,49,35,203500,25,1,0,0,0
dfs_nesw,341,0,48,34,198000,25,1,0,0,0
dfs_straight_first,341,0,48,34,198000,25,1,0,0,0
wall_follower,341,4,25,17,102500,21,1,0,0,0
dfs_nesw,341,4,48,33,197500,25,1,0,0,0
dfs_straight_first,341,4,48,33,197500,25,1,0,0,0
wall_follower,341,8,21,12,82000,19,1,0,0,0
dfs_nesw,341,8,48,27,188500,25,1,0,0,0
dfs_straight_first,341,8,48,25,183500,25,1,0,0,0
wall_follower,341,12,19,8,70000,17,1,0,0,0
dfs_nesw,341,12,48,24,183000,25,1,0,0,0
dfs_straight_first,341,12,48,18,172000,25,1,0,0,0
wall_follower,341,16,17,4,57000,16,1,0,0,0
dfs_nesw,341,16,48,17,170500,25,1,0,0,0
dfs_straight_first,341,16,48,17,170500,25,1,0,0,0
wall_follower,342,0,49,31,198500,25,1,0,0,0
dfs_nesw,342,0,48,30,193000,25,1,0,0,0
dfs_straight_first,342,0,48,30,193000,25,1,0,0,0
wall_follower,342,4,35,20,137000,23,1,0,0,0
dfs_nesw,342,4,48,29,190500,25,1,0,0,0
dfs_straight_first,342,4,48,25,184500,25,1,0,0,0
wall_follower,342,8,29,18,116000,23,1,0,0,0
dfs_nesw,342,8,48,32,196000,25,1,0,0,0
dfs_straight_first,342,8,48,26,187000,25,1,0,0,0
wall_follower,342,12,21,11,80500,19,1,0,0,0
dfs_nesw,342,12,48,24,182000,25,1,0,0,0
dfs_straight_first,342,12,48,23,181500,25,1,0,0,0
wall_follower,342,16,17,4,57000,16,1,0,0,0
dfs_nesw,342,16,48,17,170500,25,1,0,0,0
dfs_straight_first,342,16,48,17,170500,25,1,0,0,0
wall_follower,343,0,49,23,184500,25,1,0,0,0
dfs_nesw,343,0,48,22,179000,25,1,0,0,0
dfs_straight_first,343,0,48,22,179000,25,1,0,0,0
wall_follower,343,4,35,16,131000,24,1,0,0,0
dfs_nesw,343,4,48,22,179000,25,1,0,0,0
dfs_straight_first,343,4,48,21,178500,25,1,0,0,0
wall_follower,343,8,27,10,96000,23,1,0,0,0
dfs_nesw,343,8,48,26,185000,25,1,0,0,0
dfs_straight_first,343,8,48,20,176000,25,1,0,0,0
wall_follower,343,12,17,4,57000,16,1,0,0,0
dfs_nesw,343,12,48,25,184500,25,1,0,0,0
dfs_straight_first,343,12,48,21,178500,25,1,0,0,0
wall_follower,343,16,17,4,57000,16,1,0,0,0
dfs_nesw,343,16,48,17,170500,25,1,0,0,0
dfs_straight_first,343,16,48,17,170500,25,1,0,0,0
wall_follower,344,0,49,31,198500,25,1,0,0,0
dfs_nesw,344,0,48,30,193000,25,1,0,0,0
dfs_straight_first,344,0,48,30,193000,25,1,0,0,0
wall_follower,344,4,27,16,107000,22,1,0,0,0
dfs_nesw,344,4,48,30,193000,25,1,0,0,0
dfs_straight_first,344,4,48,30,193000,25,1,0,0,0
wall_follower,344,8,19,7,68500,17,1,0,0,0
dfs_nesw,344,8,48,26,187000,25,1,0,0,0
dfs_straight_first,344,8,48,20,178000,25,1,0,0,0
wall_follower,344,12,17,4,57000,16,1,0,0,0
dfs_nesw,344,12,48,22,179000,25,1,0,0,0
dfs_straight_first,344,12,48,18,173000,25,1,0,0,0
wall_follower,344,16,17,4,57000,16,1,0,0,0
dfs_nesw,344,16,48,17,170500,25,1,0,0,0
dfs_straight_first,344,16,48,17,170500,25,1,0,0,0
wall_follower,345,0,49,25,188500,25,1,0,0,0
dfs_nesw,345,0,48,24,183000,25,1,0,0,0
dfs_straight_first,345,0,48,24,183000,25,1,0,0,0
wall_follower,345,4,31,16,120000,23,1,0,0,0
dfs_nesw,345,4,48,26,186000,25,1,0,0,0
dfs_straight_first,345,4,48,22,180000,25,1,0,0,0
wall_follower,345,8,21,12,82000,19,1,0,0,0
dfs_nesw,345,8,48,24,183000,25,1,0,0,0
dfs_straight_first,345,8,48,22,180000,25,1,0,0,0
wall_follower,345,12,19,8,69000,18,1,0,0,0
dfs_nesw,345,12,48,22,179000,25,1,0,0,0
dfs_straight_first,345,12,48,24,184000,25,1,0,0,0
wall_follower,345,16,17,4,57000,16,1,0,0,0
dfs_nesw,345,16,48,17,170500,25,1,0,0,0
dfs_straight_first,345,16,48,17,170500,25,1,0,0,0
wall_follower,346,0,49,34,205000,25,1,0,0,0
dfs_nesw,346,0,48,33,199500,25,1,0,0,0
dfs_straight_first,346,0,48,33,199500,25,1,0,0,0
wall_follower,346,4,27,19,113500,21,1,0,0,0
dfs_nesw,346,4,48,32,197000,25,1,0,0,0
dfs_straight_first,346,4,48,30,194000,25,1,0,0,0
wall_follower,346,8,21,10,80000,18,1,0,0,0
dfs_nesw,346,8,48,27,189500,25,1,0,0,0
dfs_straight_first,346,8,48,24,184000,25,1,0,0,0
wall_follower,346,12,19,7,68500,17,1,0,0,0
dfs_nesw,346,12,48,25,184500,25,1,0,0,0
dfs_straight_first,346,12,48,19,175500,25,1,0,0,0
wall_follower,346,16,17,4,57000,16,1,0,0,0
dfs_nesw,346,16,48,17,170500,25,1,0,0,0
dfs_straight_first,346,16,48,17,170500,25,1,0,0,0
wall_follower,347,0,49,34,203000,25,1,0,0,0
dfs_nesw,347,0,48,33,197500,25,1,0,0,0
dfs_straight_first,347,0,48,33,197500,25,1,0,0,0
wall_follower,347,4,31,19,122500,24,1,0,0,0
dfs_nesw,347,4,48,32,196000,25,1,0,0,0
dfs_straight_first,347,4,48,29,192500,25,1,0,0,0
wall_follower,347,8,23,11,86500,19,1,0,0,0
dfs_nesw,347,8,48,24,184000,25,1,0,0,0
dfs_straight_first,347,8,48,22,181000,25,1,0,0,0
wall_follower,347,12,17,4,57000,16,1,0,0,0
dfs_nesw,347,12,48,24,182000,25,1,0,0,0
dfs_straight_first,347,12,48,20,178000,25,1,0,0,0
wall_follower,347,16,17,4,57000,16,1,0,0,0
dfs_nesw,347,16,48,17,170500,25,1,0,0,0
dfs_straight_first,347,16,48,17,170500,25,1,0,0,0
wall_follower,348,0,49,22,184000,25,1,0,0,0
dfs_nesw,348,0,48,21,178500,25,1,0,0,0
dfs_straight_first,348,0,48,21,178500,25,1,0,0,0
wall_follower,348,4,29,12,107000,21,1,0,0,0
dfs_nesw,348,4,48,24,184000,25,1,0,0,0
dfs_straight_first,348,4,48,21,178500,25,1,0,0,0
wall_follower,348,8,27,10,98000,20,1,0,0,0
dfs_nesw,348,8,48,24,184000,25,1,0,0,0
dfs_straight_first,348,8,48,21,178500,25,1,0,0,0
wall_follower,348,12,23,7,80500,19,1,0,0,0
dfs_nesw,348,12,48,22,179000,25,1,0,0,0
dfs_straight_first,348,12,48,19,173500,25,1,0,0,0
wall_follower,348,16,17,4,57000,16,1,0,0,0
dfs_nesw,348,16,48,17,170500,25,1,0,0,0
dfs_straight_first,348,16,48,17,170500,25,1,0,0,0
wall_follower,349,0,49,33,201500,25,1,0,0,0
dfs_nesw,349,0,48,32,196000,25,1,0,0,0
dfs_straight_first,349,0,48,32,196000,25,1,0,0,0
wall_follower,349,4,25,15,100500,21,1,0,0,0
dfs_nesw,349,4,48,32,196000,25,1,0,0,0
dfs_straight_first,349,4,48,27,187500,25,1,0,0,0
wall_follower,349,8,25,15,100500,21,1,0,0,0
dfs_nesw,349,8,48,31,195500,25,1,0,0,0
dfs_straight_first,349,8,48,26,189000,25,1,0,0,0
wall_follower,349,12,17,4,57000,16,1,0,0,0
dfs_nesw,349,12,48,20,178000,25,1,0,0,0
dfs_straight_first,349,12,48,20,178000,25,1,0,0,0
wall_follower,349,16,17,4,57000,16,1,0,0,0
dfs_nesw,349,16,48,17,170500,25,1,0,0,0
dfs_straight_first,349,16,48,17,170500,25,1,0,0,0
wall_follower,350,0,49,30,195000,25,1,0,0,0
dfs_nesw,350,0,48,29,189500,25,1,0,0,0
dfs_straight_first,350,0,48,29,189500,25,1,0,0,0
wall_follower,350,4,21,7,74500,18,1,0,0,0
dfs_nesw,350,4,48,26,187000,25,1,0,0,0
dfs_straight_first,350,4,48,26,187000,25,1,0,0,0
wall_follower,350,8,19,7,68500,17,1,0,0,0
dfs_nesw,350,8,48,30,193000,25,1,0,0,0
dfs_straight_first,350,8,48,26,187000,25,1,0,0,0
wall_follower,350,12,19,7,68500,17,1,0,0,0
dfs_nesw,350,12,48,30,193000,25,1,0,0,0
dfs_straight_first,350,12,48,23,183500,25,1,0,0,0
wall_follower,350,16,17,4,57000,16,1,0,0,0
dfs_nesw,350,16,48,17,170500,25,1,0,0,0
dfs_straight_first,350,16,48,17,170500,25,1,0,0,0
wall_follower,351,0,49,38,208000,25,1,0,0,0
dfs_nesw,351,0,48,37,202500,25,1,0,0,0
dfs_straight_first,351,0,48,37,202500,25,1,0,0,0
wall_follower,351,4,35,25,145500,24,1,0,0,0
dfs_nesw,351,4,48,37,202500,25,1,0,0,0
dfs_straight_first,351,4,48,30,191000,25,1,0,0,0
wall_follower,351,8,25,16,101000,20,1,0,0,0
dfs_nesw,351,8,48,36,202000,25,1,0,0,0
dfs_straight_first,351,8,48,28,190000,25,1,0,0,0
wall_follower,351,12,21,12,81000,20,1,0,0,0
dfs_nesw,351,12,48,35,201500,25,1,0,0,0
dfs_straight_first,351,12,48,25,186500,25,1,0,0,0
wall_follower,351,16,17,4,57000,16,1,0,0,0
dfs_nesw,351,16,48,17,170500,25,1,0,0,0
dfs_straight_first,351,16,48,17,170500,25,1,0,0,0
wall_follower,352,0,49,39,210500,25,1,0,0,0
dfs_nesw,352,0,48,38,205000,25,1,0,0,0
dfs_straight_first,352,0,48,38,205000,25,1,0,0,0
wall_follower,352,4,27,17,109500,22,1,0,0,0
dfs_nesw,352,4,48,32,196000,25,1,0,0,0
dfs_straight_first,352,4,48,31,195500,25,1,0,0,0
wall_follower,352,8,21,8,77000,18,1,0,0,0
dfs_nesw,352,8,48,22,181000,25,1,0,0,0
dfs_straight_first,352,8,48,22,181000,25,1,0,0,0
wall_follower,352,12,17,4,57000,16,1,0,0,0
dfs_nesw,352,12,48,18,173000,25,1,0,0,0
dfs_straight_first,352,12,48,19,175500,25,1,0,0,0
wall_follower,352,16,17,4,57000,16,1,0,0,0
dfs_nesw,352,16,48,17,170500,25,1,0,0,0
dfs_straight_first,352,16,48,17,170500,25,1,0,0,0
wall_follower,353,0,49,24,187000,25,1,0,0,0
dfs_nesw,353,0,48,23,181500,25,1,0,0,0
dfs_straight_first,353,0,48,23,181500,25,1,0,0,0
wall_follower,353,4,35,17,133500,25,1,0,0,0
dfs_nesw,353,4,48,21,178500,25,1,0,0,0
dfs_straight_first,353,4,48,24,184000,25,1,0,0,0
wall_follower,353,8,19,8,69000,18,1,0,0,0
dfs_nesw,353,8,48,26,187000,25,1,0,0,0
dfs_straight_first,353,8,48,21,178500,25,1,0,0,0
wall_follower,353,12,17,4,57000,16,1,0,0,0
dfs_nesw,353,12,48,19,175500,25,1,0,0,0
dfs_straight_first,353,12,48,19,173500,25,1,0,0,0
wall_follower,353,16,17,4,57000,16,1,0,0,0
dfs_nesw,353,16,48,17,170500,25,1,0,0,0
dfs_straight_first,353,16,48,17,170500,25,1,0,0,0
wall_follower,354,0,49,35,203500,25,1,0,0,0
dfs_nesw,354,0,48,34,198000,25,1,0,0,0
dfs_straight_first,354,0,48,34,198000,25,1,0,0,0
wall_follower,354,4,29,21,120500,23,1,0,0,0
dfs_nesw,354,4,48,36,203000,25,1,0,0,0
dfs_straight_first,354,4,48,31,194500,25,1,0,0,0
wall_follower,354,8,23,15,93500,19,1,0,0,0
dfs_nesw,354,8,48,32,197000,25,1,0,0,0
dfs_straight_first,354,8,48,25,185500,25,1,0,0,0
wall_follower,354,12,19,8,69000,18,1,0,0,0
dfs_nesw,354,12,48,24,182000,25,1,0,0,0
dfs_straight_first,354,12,48,24,184000,25,1,0,0,0
wall_follower,354,16,17,4,57000,16,1,0,0,0
dfs_nesw,354,16,48,17,170500,25,1,0,0,0
dfs_straight_first,354,16,48,17,170500,25,1,0,0,0
wall_follower,355,0,49,31,198500,25,1,0,0,0
dfs_nesw,355,0,48,30,193000,25,1,0,0,0
dfs_straight_first,355,0,48,30,193000,25,1,0,0,0
wall_follower,355,4,29,17,115500,22,1,0,0,0
dfs_nesw,355,4,48,27,187500,25,1,0,0,0
dfs_straight_first,355,4,48,25,184500,25,1,0,0,0
wall_follower,355,8,19,7,68500,17,1,0,0,0
dfs_nesw,355,8,48,24,184000,25,1,0,0,0
dfs_straight_first,355,8,48,20,176000,25,1,0,0,0
wall_follower,355,12,19,7,68500,17,1,0,0,0
dfs_nesw,355,12,48,17,170500,25,1,0,0,0
dfs_straight_first,355,12,48,17,170500,25,1,0,0,0
wall_follower,355,16,17,4,57000,16,1,0,0,0
dfs_nesw,355,16,48,17,170500,25,1,0,0,0
dfs_straight_first,355,16,48,17,170500,25,1,0,0,0
wall_follower,356,0,49,26,191000,25,1,0,0,0
dfs_nesw,356,0,48,25,185500,25,1,0,0,0
dfs_straight_first,356,0,48,25,185500,25,1,0,0,0
wall_follower,356,4,39,21,152500,25,1,0,0,0
dfs_nesw,356,4,48,31,194500,25,1,0,0,0
dfs_straight_first,356,4,48,23,182500,25,1,0,0,0
wall_follower,356,8,25,12,95000,21,1,0,0,0
dfs_nesw,356,8,48,24,184000,25,1,0,0,0
dfs_straight_first,356,8,48,25,186500,25,1,0,0,0
wall_follower,356,12,21,11,80500,19,1,0,0,0
dfs_nesw,356,12,48,30,193000,25,1,0,0,0
dfs_straight_first,356,12,48,24,184000,25,1,0,0,0
wall_follower,356,16,17,4,57000,16,1,0,0,0
dfs_nesw,356,16,48,17,170500,25,1,0,0,0
dfs_straight_first,356,16,48,17,170500,25,1,0,0,0
wall_follower,357,0,49,31,197500,25,1,0,0,0
dfs_nesw,357,0,48,30,192000,25,1,0,0,0
dfs_straight_first,357,0,48,30,192000,25,1,0,0,0
wall_follower,357,4,33,21,132500,24,1,0,0,0
dfs_nesw,357,4,48,29,191500,25,1,0,0,0
dfs_straight_first,357,4,48,29,191500,25,1,0,0,0
wall_follower,357,8,29,17,114500,22,1,0,0,0
dfs_nesw,357,8,48,27,188500,25,1,0,0,0
dfs_straight_first,357,8,48,27,188500,25,1,0,0,0
wall_follower,357,12,23,10,84000,22,1,0,0,0
dfs_nesw,357,12,48,23,181500,25,1,0,0,0
dfs_straight_first,357,12,48,20,176000,25,1,0,0,0
wall_follower,357,16,17,4,57000,16,1,0,0,0
dfs_nesw,357,16,48,17,170500,25,1,0,0,0
dfs_straight_first,357,16,48,17,170500,25,1,0,0,0
wall_follower,358,0,49,20,180000,25,1,0,0,0
dfs_nesw,358,0,48,19,174500,25,1,0,0,0
dfs_straight_first,358,0,48,19,174500,25,1,0,0,0
wall_follower,358,4,31,16,120000,23,1,0,0,0
dfs_nesw,358,4,48,24,183000,25,1,0,0,0
dfs_straight_first,358,4,48,21,179500,25,1,0,0,0
wall_follower,358,8,27,16,108000,22,1,0,0,0
dfs_nesw,358,8,48,24,183000,25,1,0,0,0
dfs_straight_first,358,8,48,22,180000,25,1,0,0,0
wall_follower,358,12,21,10,80000,18,1,0,0,0
dfs_nesw,358,12,48,28,190000,25,1,0,0,0
dfs_straight_first,358,12,48,22,181000,25,1,0,0,0
wall_follower,358,16,17,4,57000,16,1,0,0,0
dfs_nesw,358,16,48,17,170500,25,1,0,0,0
dfs_straight_first,358,16,48,17,170500,25,1,0,0,0
wall_follower,359,0,49,25,188500,25,1,0,0,0
dfs_nesw,359,0,48,24,183000,25,1,0,0,0
dfs_straight_first,359,0,48,24,183000,25,1,0,0,0
wall_follower,359,4,27,12,101000,22,1,0,0,0
dfs_nesw,359,4,48,23,183500,25,1,0,0,0
dfs_straight_first,359,4,48,24,184000,25,1,0,0,0
wall_follower,359,8,17,4,57000,16,1,0,0,0
dfs_nesw,359,8,48,18,175000,25,1,0,0,0
dfs_straight_first,359,8,48,18,175000,25,1,0,0,0
wall_follower,359,12,17,4,57000,16,1,0,0,0
dfs_nesw,359,12,48,17,170500,25,1,0,0,0
dfs_straight_first,359,12,48,18,173000,25,1,0,0,0
wall_follower,359,16,17,4,57000,16,1,0,0,0
dfs_nesw,359,16,48,17,170500,25,1,0,0,0
dfs_straight_first,359,16,48,17,170500,25,1,0,0,0
wall_follower,360,0,49,31,198500,25,1,0,0,0
dfs_nesw,360,0,48,30,193000,25,1,0,0,0
dfs_straight_first,360,0,48,30,193000,25,1,0,0,0
wall_follower,360,4,39,22,154000,25,1,0,0,0
dfs_nesw,360,4,48,29,192500,25,1,0,0,0
dfs_straight_first,360,4,48,22,181000,25,1,0,0,0
wall_follower,360,8,23,10,86000,19,1,0,0,0
dfs_nesw,360,8,48,27,189500,25,1,0,0,0
dfs_straight_first,360,8,48,22,181000,25,1,0,0,0
wall_follower,360,12,17,4,57000,16,1,0,0,0
dfs_nesw,360,12,48,23,181500,25,1,0,0,0
dfs_straight_first,360,12,48,20,176000,25,1,0,0,0
wall_follower,360,16,17,4,57000,16,1,0,0,0
dfs_nesw,360,16,48,17,170500,25,1,0,0,0
dfs_straight_first,360,16,48,17,170500,25,1,0,0,0
wall_follower,361,0,49,30,196000,25,1,0,0,0
dfs_nesw,361,0,48,29,190500,25,1,0,0,0
dfs_straight_first,361,0,48,29,190500,25,1,0,0,0
wall_follower,361,4,29,16,113000,21,1,0,0,0
dfs_nesw,361,4,48,25,184500,25,1,0,0,0
dfs_straight_first,361,4,48,25,184500,25,1,0,0,0
wall_follower,361,8,23,11,86500,19,1,0,0,0
dfs_nesw,361,8,48,26,187000,25,1,0,0,0
dfs_straight_first,361,8,48,24,184000,25,1,0,0,0
wall_follower,361,12,17,4,57000,16,1,0,0,0
dfs_nesw,361,12,48,17,170500,25,1,0,0,0
dfs_straight_first,361,12,48,17,170500,25,1,0,0,0
wall_follower,361,16,17,4,57000,16,1,0,0,0
dfs_nesw,361,16,48,17,170500,25,1,0,0,0
dfs_straight_first,361,16,48,17,170500,25,1,0,0,0
wall_follower,362,0,49,35,201500,25,1,0,0,0
dfs_nesw,362,0,48,34,196000,25,1,0,0,0
dfs_straight_first,362,0,48,34,196000,25,1,0,0,0
wall_follower,362,4,29,22,121000,25,1,0,0,0
dfs_nesw,362,4,48,33,195500,25,1,0,0,0
dfs_straight_first,362,4,48,32,193000,25,1,0,0,0
wall_follower,362,8,27,20,112000,24,1,0,0,0
dfs_nesw,362,8,48,35,200500,25,1,0,0,0
dfs_straight_first,362,8,48,29,189500,25,1,0,0,0
wall_follower,362,12,17,4,57000,16,1,0,0,0
dfs_nesw,362,12,48,24,182000,25,1,0,0,0
dfs_straight_first,362,12,48,18,173000,25,1,0,0,0
wall_follower,362,16,17,4,57000,16,1,0,0,0
dfs_nesw,362,16,48,17,170500,25,1,0,0,0
dfs_straight_first,362,16,48,17,170500,25,1,0,0,0
wall_follower,363,0,49,30,195000,25,1,0,0,0
dfs_nesw,363,0,48,29,189500,25,1,0,0,0
dfs_straight_first,363,0,48,29,189500,25,1,0,0,0
wall_follower,363,4,31,20,124000,23,1,0,0,0
dfs_nesw,363,4,48,31,194500,25,1,0,0,0
dfs_straight_first,363,4,48,29,189500,25,1,0,0,0
wall_follower,363,8,23,16,94000,20,1,0,0,0
dfs_nesw,363,8,48,28,189000,25,1,0,0,0
dfs_straight_first,363,8,48,27,188500,25,1,0,0,0
wall_follower,363,12,19,8,69000,18,1,0,0,0
dfs_nesw,363,12,48,24,182000,25,1,0,0,0
dfs_straight_first,363,12,48,21,178500,25,1,0,0,0
wall_follower,363,16,17,4,57000,16,1,0,0,0
dfs_nesw,363,16,48,17,170500,25,1,0,0,0
dfs_straight_first,363,16,48,17,170500,25,1,0,0,0
wall_follower,364,0,49,35,202500,25,1,0,0,0
dfs_nesw,364,0,48,34,197000,25,1,0,0,0
dfs_straight_first,364,0,48,34,197000,25,1,0,0,0
wall_follower,364,4,25,19,104500,22,1,0,0,0
dfs_nesw,364,4,48,33,196500,25,1,0,0,0
dfs_straight_first,364,4,48,35,199500,25,1,0,0,0
wall_follower,364,8,21,12,81000,20,1,0,0,0
dfs_nesw,364,8,48,29,190500,25,1,0,0,0
dfs_straight_first,364,8,48,27,187500,25,1,0,0,0
wall_follower,364,12,21,12,81000,20,1,0,0,0
dfs_nesw,364,12,48,25,182500,25,1,0,0,0
dfs_straight_first,364,12,48,25,184500,25,1,0,0,0
wall_follower,364,16,17,4,57000,16,1,0,0,0
dfs_nesw,364,16,48,17,170500,25,1,0,0,0
dfs_straight_first,364,16,48,17,170500,25,1,0,0,0
wall_follower,365,0,49,31,197500,25,1,0,0,0
dfs_nesw,365,0,48,30,192000,25,1,0,0,0
dfs_straight_first,365,0,48,30,192000,25,1,0,0,0
wall_follower,365,4,33,18,129000,23,1,0,0,0
dfs_nesw,365,4,48,26,188000,25,1,0,0,0
dfs_straight_first,365,4,48,23,182500,25,1,0,0,0
wall_follower,365,8,25,15,99500,20,1,0,0,0
dfs_nesw,365,8,48,27,188500,25,1,0,0,0
dfs_straight_first,365,8,48,22,180000,25,1,0,0,0
wall_follower,365,12,21,9,78500,18,1,0,0,0
dfs_nesw,365,12,48,29,191500,25,1,0,0,0
dfs_straight_first,365,12,48,18,174000,25,1,0,0,0
wall_follower,365,16,17,4,57000,16,1,0,0,0
dfs_nesw,365,16,48,17,170500,25,1,0,0,0
dfs_straight_first,365,16,48,17,170500,25,1,0,0,0
wall_follower,366,0,49,25,189500,25,1,0,0,0
dfs_nesw,366,0,48,24,184000,25,1,0,0,0
dfs_straight_first,366,0,48,24,184000,25,1,0,0,0
wall_follower,366,4,25,8,89000,19,1,0,0,0
dfs_nesw,366,4,48,21,180500,25,1,0,0,0
dfs_straight_first,366,4,48,21,180500,25,1,0,0,0
wall_follower,366,8,17,4,57000,16,1,0,0,0
dfs_nesw,366,8,48,25,186500,25,1,0,0,0
dfs_straight_first,366,8,48,22,183000,25,1,0,0,0
wall_follower,366,12,17,4,57000,16,1,0,0,0
dfs_nesw,366,12,48,26,185000,25,1,0,0,0
dfs_straight_first,366,12,48,18,173000,25,1,0,0,0
wall_follower,366,16,17,4,57000,16,1,0,0,0
dfs_nesw,366,16,48,17,170500,25,1,0,0,0
dfs_straight_first,366,16,48,17,170500,25,1,0,0,0
wall_follower,367,0,49,38,206000,25,1,0,0,0
dfs_nesw,367,0,48,37,200500,25,1,0,0,0
dfs_straight_first,367,0,48,37,200500,25,1,0,0,0
wall_follower,367,4,33,23,134500,25,1,0,0,0
dfs_nesw,367,4,48,35,199500,25,1,0,0,0
dfs_straight_first,367,4,48,30,191000,25,1,0,0,0
wall_follower,367,8,21,11,80500,18,1,0,0,0
dfs_nesw,367,8,48,30,193000,25,1,0,0,0
dfs_straight_first,367,8,48,27,189500,25,1,0,0,0
wall_follower,367,12,19,8,69000,18,1,0,0,0
dfs_nesw,367,12,48,24,184000,25,1,0,0,0
dfs_straight_first,367,12,48,23,183500,25,1,0,0,0
wall_follower,367,16,17,4,57000,16,1,0,0,0
dfs_nesw,367,16,48,17,170500,25,1,0,0,0
dfs_straight_first,367,16,48,17,170500,25,1,0,0,0
wall_follower,368,0,49,33,201500,25,1,0,0,0
dfs_nesw,368,0,48,32,196000,25,1,0,0,0
dfs_straight_first,368,0,48,32,196000,25,1,0,0,0
wall_follower,368,4,33,18,128000,25,1,0,0,0
dfs_nesw,368,4,48,35,199500,25,1,0,0,0
dfs_straight_first,368,4,48,28,190000,25,1,0,0,0
wall_follower,368,8,27,14,104000,22,1,0,0,0
dfs_nesw,368,8,48,29,192500,25,1,0,0,0
dfs_straight_first,368,8,48,25,186500,25,1,0,0,0
wall_follower,368,12,21,8,75000,20,1,0,0,0
dfs_nesw,368,12,48,23,181500,25,1,0,0,0
dfs_straight_first,368,12,48,18,173000,25,1,0,0,0
wall_follower,368,16,17,4,57000,16,1,0,0,0
dfs_nesw,368,16,48,17,170500,25,1,0,0,0
dfs_straight_first,368,16,48,17,170500,25,1,0,0,0
wall_follower,369,0,49,28,193000,25,1,0,0,0
dfs_nesw,369,0,48,27,187500,25,1,0,0,0
dfs_straight_first,369,0,48,27,187500,25,1,0,0,0
wall_follower,369,4,23,11,86500,20,1,0,0,0
dfs_nesw,369,4,48,25,184500,25,1,0,0,0
dfs_straight_first,369,4,48,23,181500,25,1,0,0,0
wall_follower,369,8,21,11,80500,18,1,0,0,0
dfs_nesw,369,8,48,26,187000,25,1,0,0,0
dfs_straight_first,369,8,48,20,176000,25,1,0,0,0
wall_follower,369,12,19,8,69000,18,1,0,0,0
dfs_nesw,369,12,48,26,187000,25,1,0,0,0
dfs_straight_first,369,12,48,20,176000,25,1,0,0,0
wall_follower,369,16,17,4,57000,16,1,0,0,0
dfs_nesw,369,16,48,17,170500,25,1,0,0,0
dfs_straight_first,369,16,48,17,170500,25,1,0,0,0
wall_follower,370,0,49,26,189000,25,1,0,0,0
dfs_nesw,370,0,48,25,183500,25,1,0,0,0
dfs_straight_first,370,0,48,25,183500,25,1,0,0,0
wall_follower,370,4,35,18,135000,25,1,0,0,0
dfs_nesw,370,4,48,27,188500,25,1,0,0,0
dfs_straight_first,370,4,48,23,182500,25,1,0,0,0
wall_follower,370,8,23,11,87500,19,1,0,0,0
dfs_nesw,370,8,48,33,197500,25,1,0,0,0
dfs_straight_first,370,8,48,20,177000,25,1,0,0,0
wall_follower,370,12,19,8,70000,17,1,0,0,0
dfs_nesw,370,12,48,26,186000,25,1,0,0,0
dfs_straight_first,370,12,48,18,172000,25,1,0,0,0
wall_follower,370,16,17,4,57000,16,1,0,0,0
dfs_nesw,370,16,48,17,170500,25,1,0,0,0
dfs_straight_first,370,16,48,17,170500,25,1,0,0,0
wall_follower,371,0,49,25,187500,25,1,0,0,0
dfs_nesw,371,0,48,24,182000,25,1,0,0,0
dfs_straight_first,371,0,48,24,182000,25,1,0,0,0
wall_follower,371,4,39,19,148500,25,1,0,0,0
dfs_nesw,371,4,48,27,187500,25,1,0,0,0
dfs_straight_first,371,4,48,27,187500,25,1,0,0,0
wall_follower,371,8,21,11,80500,19,1,0,0,0
dfs_nesw,371,8,48,30,191000,25,1,0,0,0
dfs_straight_first,371,8,48,20,176000,25,1,0,0,0
wall_follower,371,12,21,11,80500,19,1,0,0,0
dfs_nesw,371,12,48,30,191000,25,1,0,0,0
dfs_straight_first,371,12,48,20,176000,25,1,0,0,0
wall_follower,371,16,17,4,57000,16,1,0,0,0
dfs_nesw,371,16,48,17,170500,25,1,0,0,0
dfs_straight_first,371,16,48,17,170500,25,1,0,0,0
wall_follower,372,0,49,35,203500,25,1,0,0,0
dfs_nesw,372,0,48,34,198000,25,1,0,0,0
dfs_straight_first,372,0,48,34,198000,25,1,0,0,0
wall_follower,372,4,39,24,155000,25,1,0,0,0
dfs_nesw,372,4,48,29,192500,25,1,0,0,0
dfs_straight_first,372,4,48,30,193000,25,1,0,0,0
wall_follower,372,8,31,17,119500,24,1,0,0,0
dfs_nesw,372,8,48,28,190000,25,1,0,0,0
dfs_straight_first,372,8,48,24,184000,25,1,0,0,0
wall_follower,372,12,17,4,57000,16,1,0,0,0
dfs_nesw,372,12,48,23,179500,25,1,0,0,0
dfs_straight_first,372,12,48,20,176000,25,1,0,0,0
wall_follower,372,16,17,4,57000,16,1,0,0,0
dfs_nesw,372,16,48,17,170500,25,1,0,0,0
dfs_straight_first,372,16,48,17,170500,25,1,0,0,0
wall_follower,373,0,49,22,184000,25,1,0,0,0
dfs_nesw,373,0,48,21,178500,25,1,0,0,0
dfs_straight_first,373,0,48,21,178500,25,1,0,0,0
wall_follower,373,4,33,20,133000,24,1,0,0,0
dfs_nesw,373,4,48,31,195500,25,1,0,0,0
dfs_straight_first,373,4,48,21,178500,25,1,0,0,0
wall_follower,373,8,29,17,115500,23,1,0,0,0
dfs_nesw,373,8,48,35,201500,25,1,0,0,0
dfs_straight_first,373,8,48,18,173000,25,1,0,0,0
wall_follower,373,12,23,10,86000,19,1,0,0,0
dfs_nesw,373,12,48,18,173000,25,1,0,0,0
dfs_straight_first,373,12,48,18,173000,25,1,0,0,0
wall_follower,373,16,17,4,57000,16,1,0,0,0
dfs_nesw,373,16,48,17,170500,25,1,0,0,0
dfs_straight_first,373,16,48,17,170500,25,1,0,0,0
wall_follower,374,0,49,37,206500,25,1,0,0,0
dfs_nesw,374,0,48,36,201000,25,1,0,0,0
dfs_straight_first,374,0,48,36,201000,25,1,0,0,0
wall_follower,374,4,35,24,144000,25,1,0,0,0
dfs_nesw,374,4,48,33,197500,25,1,0,0,0
dfs_straight_first,374,4,48,30,192000,25,1,0,0,0
wall_follower,374,8,21,12,82000,19,1,0,0,0
dfs_nesw,374,8,48,26,186000,25,1,0,0,0
dfs_straight_first,374,8,48,21,177500,25,1,0,0,0
wall_follower,374,12,21,12,82000,19,1,0,0,0
dfs_nesw,374,12,48,29,191500,25,1,0,0,0
dfs_straight_first,374,12,48,21,177500,25,1,0,0,0
wall_follower,374,16,17,4,57000,16,1,0,0,0
dfs_nesw,374,16,48,17,170500,25,1,0,0,0
dfs_straight_first,374,16,48,17,170500,25,1,0,0,0
wall_follower,375,0,49,31,197500,25,1,0,0,0
dfs_nesw,375,0,48,30,192000,25,1,0,0,0
dfs_straight_first,375,0,48,30,192000,25,1,0,0,0
wall_follower,375,4,37,21,144500,24,1,0,0,0
dfs_nesw,375,4,48,27,186500,25,1,0,0,0
dfs_straight_first,375,4,48,29,191500,25,1,0,0,0
wall_follower,375,8,31,15,117500,23,1,0,0,0
dfs_nesw,375,8,48,22,180000,25,1,0,0,0
dfs_straight_first,375,8,48,21,179500,25,1,0,0,0
wall_follower,375,12,25,12,94000,21,1,0,0,0
dfs_nesw,375,12,48,22,180000,25,1,0,0,0
dfs_straight_first,375,12,48,20,175000,25,1,0,0,0
wall_follower,375,16,17,4,57000,16,1,0,0,0
dfs_nesw,375,16,48,17,170500,25,1,0,0,0
dfs_straight_first,375,16,48,17,170500,25,1,0,0,0
wall_follower,376,0,49,31,196500,25,1,0,0,0
dfs_nesw,376,0,48,30,191000,25,1,0,0,0
dfs_straight_first,376,0,48,30,191000,25,1,0,0,0
wall_follower,376,4,35,21,137500,25,1,0,0,0
dfs_nesw,376,4,48,27,187500,25,1,0,0,0
dfs_straight_first,376,4,48,25,184500,25,1,0,0,0
wall_follower,376,8,21,11,80500,18,1,0,0,0
dfs_nesw,376,8,48,22,181000,25,1,0,0,0
dfs_straight_first,376,8,48,23,181500,25,1,0,0,0
wall_follower,376,12,19,8,69000,18,1,0,0,0
dfs_nesw,376,12,48,21,178500,25,1,0,0,0
dfs_straight_first,376,12,48,21,178500,25,1,0,0,0
wall_follower,376,16,17,4,57000,16,1,0,0,0
dfs_nesw,376,16,48,17,170500,25,1,0,0,0
dfs_straight_first,376,16,48,17,170500,25,1,0,0,0
wall_follower,377,0,49,28,193000,25,1,0,0,0
dfs_nesw,377,0,48,27,187500,25,1,0,0,0
dfs_straight_first,377,0,48,27,187500,25,1,0,0,0
wall_follower,377,4,33,19,130500,25,1,0,0,0
dfs_nesw,377,4,48,29,190500,25,1,0,0,0
dfs_straight_first,377,4,48,26,187000,25,1,0,0,0
wall_follower,377,8,27,15,104500,22,1,0,0,0
dfs_nesw,377,8,48,34,197000,25,1,0,0,0
dfs_straight_first,377,8,48,27,187500,25,1,0,0,0
wall_follower,377,12,19,8,69000,18,1,0,0,0
dfs_nesw,377,12,48,25,182500,25,1,0,0,0
dfs_straight_first,377,12,48,23,181500,25,1,0,0,0
wall_follower,377,16,17,4,57000,16,1,0,0,0
dfs_nesw,377,16,48,17,170500,25,1,0,0,0
dfs_straight_first,377,16,48,17,170500,25,1,0,0,0
wall_follower,378,0,49,32,199000,25,1,0,0,0
dfs_nesw,378,0,48,31,193500,25,1,0,0,0
dfs_straight_first,378,0,48,31,193500,25,1,0,0,0
wall_follower,378,4,37,23,148500,25,1,0,0,0
dfs_nesw,378,4,48,32,196000,25,1,0,0,0
dfs_straight_first,378,4,48,27,187500,25,1,0,0,0
wall_follower,378,8,25,14,98000,21,1,0,0,0
dfs_nesw,378,8,48,27,187500,25,1,0,0,0
dfs_straight_first,378,8,48,27,189500,25,1,0,0,0
wall_follower,378,12,21,11,80500,18,1,0,0,0
dfs_nesw,378,12,48,25,184500,25,1,0,0,0
dfs_straight_first,378,12,48,24,184000,25,1,0,0,0
wall_follower,378,16,17,4,57000,16,1,0,0,0
dfs_nesw,378,16,48,17,170500,25,1,0,0,0
dfs_straight_first,378,16,48,17,170500,25,1,0,0,0
wall_follower,379,0,49,39,211500,25,1,0,0,0
dfs_nesw,379,0,48,38,206000,25,1,0,0,0
dfs_straight_first,379,0,48,38,206000,25,1,0,0,0
wall_follower,379,4,31,23,131500,24,1,0,0,0
dfs_nesw,379,4,48,32,197000,25,1,0,0,0
dfs_straight_first,379,4,48,32,197000,25,1,0,0,0
wall_follower,379,8,25,18,105000,20,1,0,0,0
dfs_nesw,379,8,48,30,194000,25,1,0,0,0
dfs_straight_first,379,8,48,27,190500,25,1,0,0,0
wall_follower,379,12,21,11,80500,19,1,0,0,0
dfs_nesw,379,12,48,27,187500,25,1,0,0,0
dfs_straight_first,379,12,48,17,172500,25,1,0,0,0
wall_follower,379,16,17,4,57000,16,1,0,0,0
dfs_nesw,379,16,48,17,170500,25,1,0,0,0
dfs_straight_first,379,16,48,17,170500,25,1,0,0,0
wall_follower,380,0,49,32,201000,25,1,0,0,0
dfs_nesw,380,0,48,31,195500,25,1,0,0,0
dfs_straight_first,380,0,48,31,195500,25,1,0,0,0
wall_follower,380,4,23,10,86000,20,1,0,0,0
dfs_nesw,380,4,48,20,178000,25,1,0,0,0
dfs_straight_first,380,4,48,20,178000,25,1,0,0,0
wall_follower,380,8,17,4,57000,16,1,0,0,0
dfs_nesw,380,8,48,22,181000,25,1,0,0,0
dfs_straight_first,380,8,48,21,180500,25,1,0,0,0
wall_follower,380,12,17,4,57000,16,1,0,0,0
dfs_nesw,380,12,48,21,178500,25,1,0,0,0
dfs_straight_first,380,12,48,21,178500,25,1,0,0,0
wall_follower,380,16,17,4,57000,16,1,0,0,0
dfs_nesw,380,16,48,17,170500,25,1,0,0,0
dfs_straight_first,380,16,48,17,170500,25,1,0,0,0
wall_follower,381,0,49,24,186000,25,1,0,0,0
dfs_nesw,381,0,48,23,180500,25,1,0,0,0
dfs_straight_first,381,0,48,23,180500,25,1,0,0,0
wall_follower,381,4,37,19,141500,25,1,0,0,0
dfs_nesw,381,4,48,28,189000,25,1,0,0,0
dfs_straight_first,381,4,48,21,177500,25,1,0,0,0
wall_follower,381,8,23,10,85000,20,1,0,0,0
dfs_nesw,381,8,48,25,183500,25,1,0,0,0
dfs_straight_first,381,8,48,22,180000,25,1,0,0,0
wall_follower,381,12,23,10,85000,20,1,0,0,0
dfs_nesw,381,12,48,19,174500,25,1,0,0,0
dfs_straight_first,381,12,48,20,175000,25,1,0,0,0
wall_follower,381,16,17,4,57000,16,1,0,0,0
dfs_nesw,381,16,48,17,170500,25,1,0,0,0
dfs_straight_first,381,16,48,17,170500,25,1,0,0,0
wall_follower,382,0,49,31,197500,25,1,0,0,0
dfs_nesw,382,0,48,30,192000,25,1,0,0,0
dfs_straight_first,382,0,48,30,192000,25,1,0,0,0
wall_follower,382,4,37,20,144000,25,1,0,0,0
dfs_nesw,382,4,48,33,197500,25,1,0,0,0
dfs_straight_first,382,4,48,22,180000,25,1,0,0,0
wall_follower,382,8,23,15,93500,19,1,0,0,0
dfs_nesw,382,8,48,28,189000,25,1,0,0,0
dfs_straight_first,382,8,48,26,186000,25,1,0,0,0
wall_follower,382,12,23,15,93500,19,1,0,0,0
dfs_nesw,382,12,48,26,186000,25,1,0,0,0
dfs_straight_first,382,12,48,24,183000,25,1,0,0,0
wall_follower,382,16,17,4,57000,16,1,0,0,0
dfs_nesw,382,16,48,17,170500,25,1,0,0,0
dfs_straight_first,382,16,48,17,170500,25,1,0,0,0
wall_follower,383,0,49,27,191500,25,1,0,0,0
dfs_nesw,383,0,48,26,186000,25,1,0,0,0
dfs_straight_first,383,0,48,26,186000,25,1,0,0,0
wall_follower,383,4,35,17,131500,23,1,0,0,0
dfs_nesw,383,4,48,26,187000,25,1,0,0,0
dfs_straight_first,383,4,48,26,187000,25,1,0,0,0
wall_follower,383,8,25,13,95500,20,1,0,0,0
dfs_nesw,383,8,48,27,187500,25,1,0,0,0
dfs_straight_first,383,8,48,26,187000,25,1,0,0,0
wall_follower,383,12,21,8,75000,20,1,0,0,0
dfs_nesw,383,12,48,20,176000,25,1,0,0,0
dfs_straight_first,383,12,48,20,176000,25,1,0,0,0
wall_follower,383,16,17,4,57000,16,1,0,0,0
dfs_nesw,383,16,48,17,170500,25,1,0,0,0
dfs_straight_first,383,16,48,17,170500,25,1,0,0,0
wall_follower,384,0,49,30,197000,25,1,0,0,0
dfs_nesw,384,0,48,29,191500,25,1,0,0,0
dfs_straight_first,384,0,48,29,191500,25,1,0,0,0
wall_follower,384,4,35,21,139500,25,1,0,0,0
dfs_nesw,384,4,48,29,192500,25,1,0,0,0
dfs_straight_first,384,4,48,26,187000,25,1,0,0,0
wall_follower,384,8,19,7,68500,17,1,0,0,0
dfs_nesw,384,8,48,25,186500,25,1,0,0,0
dfs_straight_first,384,8,48,20,178000,25,1,0,0,0
wall_follower,384,12,19,7,68500,17,1,0,0,0
dfs_nesw,384,12,48,23,181500,25,1,0,0,0
dfs_straight_first,384,12,48,18,175000,25,1,0,0,0
wall_follower,384,16,17,4,57000,16,1,0,0,0
dfs_nesw,384,16,48,17,170500,25,1,0,0,0
dfs_straight_first,384,16,48,17,170500,25,1,0,0,0
wall_follower,385,0,49,39,209500,25,1,0,0,0
dfs_nesw,385,0,48,38,204000,25,1,0,0,0
dfs_straight_first,385,0,48,38,204000,25,1,0,0,0
wall_follower,385,4,39,27,159500,25,1,0,0,0
dfs_nesw,385,4,48,36,201000,25,1,0,0,0
dfs_straight_first,385,4,48,33,195500,25,1,0,0,0
wall_follower,385,8,33,21,131500,25,1,0,0,0
dfs_nesw,385,8,48,30,193000,25,1,0,0,0
dfs_straight_first,385,8,48,29,192500,25,1,0,0,0
wall_follower,385,12,21,11,80500,19,1,0,0,0
dfs_nesw,385,12,48,23,181500,25,1,0,0,0
dfs_straight_first,385,12,48,22,181000,25,1,0,0,0
wall_follower,385,16,17,4,57000,16,1,0,0,0
dfs_nesw,385,16,48,17,170500,25,1,0,0,0
dfs_straight_first,385,16,48,17,170500,25,1,0,0,0
wall_follower,386,0,49,24,187000,25,1,0,0,0
dfs_nesw,386,0,48,23,181500,25,1,0,0,0
dfs_straight_first,386,0,48,23,181500,25,1,0,0,0
wall_follower,386,4,19,7,68500,17,1,0,0,0
dfs_nesw,386,4,48,23,181500,25,1,0,0,0
dfs_straight_first,386,4,48,23,181500,25,1,0,0,0
wall_follower,386,8,19,7,68500,17,1,0,0,0
dfs_nesw,386,8,48,22,179000,25,1,0,0,0
dfs_straight_first,386,8,48,21,178500,25,1,0,0,0
wall_follower,386,12,17,4,57000,16,1,0,0,0
dfs_nesw,386,12,48,17,170500,25,1,0,0,0
dfs_straight_first,386,12,48,16,170000,25,1,0,0,0
wall_follower,386,16,17,4,57000,16,1,0,0,0
dfs_nesw,386,16,48,17,170500,25,1,0,0,0
dfs_straight_first,386,16,48,17,170500,25,1,0,0,0
wall_follower,387,0,49,31,198500,25,1,0,0,0
dfs_nesw,387,0,48,30,193000,25,1,0,0,0
dfs_straight_first,387,0,48,30,193000,25,1,0,0,0
wall_follower,387,4,27,16,107000,22,1,0,0,0
dfs_nesw,387,4,48,30,193000,25,1,0,0,0
dfs_straight_first,387,4,48,28,190000,25,1,0,0,0
wall_follower,387,8,23,12,87000,22,1,0,0,0
dfs_nesw,387,8,48,29,190500,25,1,0,0,0
dfs_straight_first,387,8,48,26,187000,25,1,0,0,0
wall_follower,387,12,21,12,81000,20,1,0,0,0
dfs_nesw,387,12,48,31,193500,25,1,0,0,0
dfs_straight_first,387,12,48,25,184500,25,1,0,0,0
wall_follower,387,16,17,4,57000,16,1,0,0,0
dfs_nesw,387,16,48,17,170500,25,1,0,0,0
dfs_straight_first,387,16,48,17,170500,25,1,0,0,0
wall_follower,388,0,49,26,190000,25,1,0,0,0
dfs_nesw,388,0,48,25,184500,25,1,0,0,0
dfs_straight_first,388,0,48,25,184500,25,1,0,0,0
wall_follower,388,4,33,19,130500,24,1,0,0,0
dfs_nesw,388,4,48,34,199000,25,1,0,0,0
dfs_straight_first,388,4,48,23,181500,25,1,0,0,0
wall_follower,388,8,19,8,69000,18,1,0,0,0
dfs_nesw,388,8,48,33,198500,25,1,0,0,0
dfs_straight_first,388,8,48,21,178500,25,1,0,0,0
wall_follower,388,12,19,8,69000,18,1,0,0,0
dfs_nesw,388,12,48,32,196000,25,1,0,0,0
dfs_straight_first,388,12,48,21,178500,25,1,0,0,0
wall_follower,388,16,17,4,57000,16,1,0,0,0
dfs_nesw,388,16,48,17,170500,25,1,0,0,0
dfs_straight_first,388,16,48,17,170500,25,1,0,0,0
wall_follower,389,0,49,33,200500,25,1,0,0,0
dfs_nesw,389,0,48,32,195000,25,1,0,0,0
dfs_straight_first,389,0,48,32,195000,25,1,0,0,0
wall_follower,389,4,25,15,99500,20,1,0,0,0
dfs_nesw,389,4,48,35,200500,25,1,0,0,0
dfs_straight_first,389,4,48,30,194000,25,1,0,0,0
wall_follower,389,8,23,11,87500,19,1,0,0,0
dfs_nesw,389,8,48,31,194500,25,1,0,0,0
dfs_straight_first,389,8,48,25,185500,25,1,0,0,0
wall_follower,389,12,19,8,70000,17,1,0,0,0
dfs_nesw,389,12,48,22,180000,25,1,0,0,0
dfs_straight_first,389,12,48,21,177500,25,1,0,0,0
wall_follower,389,16,17,4,57000,16,1,0,0,0
dfs_nesw,389,16,48,17,170500,25,1,0,0,0
dfs_straight_first,389,16,48,17,170500,25,1,0,0,0
wall_follower,390,0,49,30,197000,25,1,0,0,0
dfs_nesw,390,0,48,29,191500,25,1,0,0,0
dfs_straight_first,390,0,48,29,191500,25,1,0,0,0
wall_follower,390,4,39,24,156000,24,1,0,0,0
dfs_nesw,390,4,48,31,194500,25,1,0,0,0
dfs_straight_first,390,4,48,24,183000,25,1,0,0,0
wall_follower,390,8,29,17,114500,22,1,0,0,0
dfs_nesw,390,8,48,32,197000,25,1,0,0,0
dfs_straight_first,390,8,48,25,185500,25,1,0,0,0
wall_follower,390,12,23,12,88000,20,1,0,0,0
dfs_nesw,390,12,48,22,180000,25,1,0,0,0
dfs_straight_first,390,12,48,22,180000,25,1,0,0,0
wall_follower,390,16,17,4,57000,16,1,0,0,0
dfs_nesw,390,16,48,17,170500,25,1,0,0,0
dfs_straight_first,390,16,48,17,170500,25,1,0,0,0
wall_follower,391,0,49,25,187500,25,1,0,0,0
dfs_nesw,391,0,48,24,182000,25,1,0,0,0
dfs_straight_first,391,0,48,24,182000,25,1,0,0,0
wall_follower,391,4,29,15,110500,22,1,0,0,0
dfs_nesw,391,4,48,26,187000,25,1,0,0,0
dfs_straight_first,391,4,48,23,181500,25,1,0,0,0
wall_follower,391,8,19,8,69000,18,1,0,0,0
dfs_nesw,391,8,48,26,187000,25,1,0,0,0
dfs_straight_first,391,8,48,23,181500,25,1,0,0,0
wall_follower,391,12,17,4,57000,16,1,0,0,0
dfs_nesw,391,12,48,24,182000,25,1,0,0,0
dfs_straight_first,391,12,48,17,170500,25,1,0,0,0
wall_follower,391,16,17,4,57000,16,1,0,0,0
dfs_nesw,391,16,48,17,170500,25,1,0,0,0
dfs_straight_first,391,16,48,17,170500,25,1,0,0,0
wall_follower,392,0,49,31,197500,25,1,0,0,0
dfs_nesw,392,0,48,30,192000,25,1,0,0,0
dfs_straight_first,392,0,48,30,192000,25,1,0,0,0
wall_follower,392,4,23,13,89500,20,1,0,0,0
dfs_nesw,392,4,48,26,187000,25,1,0,0,0
dfs_straight_first,392,4,48,26,187000,25,1,0,0,0
wall_follower,392,8,21,12,81000,20,1,0,0,0
dfs_nesw,392,8,48,27,187500,25,1,0,0,0
dfs_straight_first,392,8,48,19,175500,25,1,0,0,0
wall_follower,392,12,21,12,81000,20,1,0,0,0
dfs_nesw,392,12,48,27,187500,25,1,0,0,0
dfs_straight_first,392,12,48,19,175500,25,1,0,0,0
wall_follower,392,16,17,4,57000,16,1,0,0,0
dfs_nesw,392,16,48,17,170500,25,1,0,0,0
dfs_straight_first,392,16,48,17,170500,25,1,0,0,0
wall_follower,393,0,49,33,201500,25,1,0,0,0
dfs_nesw,393,0,48,32,196000,25,1,0,0,0
dfs_straight_first,393,0,48,32,196000,25,1,0,0,0
wall_follower,393,4,23,12,89000,19,1,0,0,0
dfs_nesw,393,4,48,22,181000,25,1,0,0,0
dfs_straight_first,393,4,48,24,184000,25,1,0,0,0
wall_follower,393,8,21,9,77500,18,1,0,0,0
dfs_nesw,393,8,48,21,178500,25,1,0,0,0
dfs_straight_first,393,8,48,24,184000,25,1,0,0,0
wall_follower,393,12,19,8,69000,18,1,0,0,0
dfs_nesw,393,12,48,22,179000,25,1,0,0,0
dfs_straight_first,393,12,48,23,181500,25,1,0,0,0
wall_follower,393,16,17,4,57000,16,1,0,0,0
dfs_nesw,393,16,48,17,170500,25,1,0,0,0
dfs_straight_first,393,16,48,17,170500,25,1,0,0,0
wall_follower,394,0,49,33,200500,25,1,0,0,0
dfs_nesw,394,0,48,32,195000,25,1,0,0,0
dfs_straight_first,394,0,48,32,195000,25,1,0,0,0
wall_follower,394,4,31,20,126000,22,1,0,0,0
dfs_nesw,394,4,48,27,188500,25,1,0,0,0
dfs_straight_first,394,4,48,27,188500,25,1,0,0,0
wall_follower,394,8,19,8,69000,18,1,0,0,0
dfs_nesw,394,8,48,25,186500,25,1,0,0,0
dfs_straight_first,394,8,48,25,186500,25,1,0,0,0
wall_follower,394,12,19,8,69000,18,1,0,0,0
dfs_nesw,394,12,48,24,184000,25,1,0,0,0
dfs_straight_first,394,12,48,22,181000,25,1,0,0,0
wall_follower,394,16,17,4,57000,16,1,0,0,0
dfs_nesw,394,16,48,17,170500,25,1,0,0,0
dfs_straight_first,394,16,48,17,170500,25,1,0,0,0
wall_follower,395,0,49,25,187500,25,1,0,0,0
dfs_nesw,395,0,48,24,182000,25,1,0,0,0
dfs_straight_first,395,0,48,24,182000,25,1,0,0,0
wall_follower,395,4,31,15,116500,23,1,0,0,0
dfs_nesw,395,4,48,25,184500,25,1,0,0,0
dfs_straight_first,395,4,48,25,184500,25,1,0,0,0
wall_follower,395,8,25,12,93000,23,1,0,0,0
dfs_nesw,395,8,48,26,187000,25,1,0,0,0
dfs_straight_first,395,8,48,26,187000,25,1,0,0,0
wall_follower,395,12,19,8,69000,18,1,0,0,0
dfs_nesw,395,12,48,25,184500,25,1,0,0,0
dfs_straight_first,395,12,48,24,184000,25,1,0,0,0
wall_follower,395,16,17,4,57000,16,1,0,0,0
dfs_nesw,395,16,48,17,170500,25,1,0,0,0
dfs_straight_first,395,16,48,17,170500,25,1,0,0,0
wall_follower,396,0,49,29,194500,25,1,0,0,0
dfs_nesw,396,0,48,28,189000,25,1,0,0,0
dfs_straight_first,396,0,48,28,189000,25,1,0,0,0
wall_follower,396,4,23,13,89500,20,1,0,0,0
dfs_nesw,396,4,48,35,201500,25,1,0,0,0
dfs_straight_first,396,4,48,30,193000,25,1,0,0,0
wall_follower,396,8,19,8,69000,18,1,0,0,0
dfs_nesw,396,8,48,22,179000,25,1,0,0,0
dfs_straight_first,396,8,48,21,178500,25,1,0,0,0
wall_follower,396,12,17,4,57000,16,1,0,0,0
dfs_nesw,396,12,48,17,170500,25,1,0,0,0
dfs_straight_first,396,12,48,17,170500,25,1,0,0,0
wall_follower,396,16,17,4,57000,16,1,0,0,0
dfs_nesw,396,16,48,17,170500,25,1,0,0,0
dfs_straight_first,396,16,48,17,170500,25,1,0,0,0
wall_follower,397,0,49,26,189000,25,1,0,0,0
dfs_nesw,397,0,48,25,183500,25,1,0,0,0
dfs_straight_first,397,0,48,25,183500,25,1,0,0,0
wall_follower,397,4,29,13,107500,22,1,0,0,0
dfs_nesw,397,4,48,28,190000,25,1,0,0,0
dfs_straight_first,397,4,48,26,187000,25,1,0,0,0
wall_follower,397,8,23,11,86500,20,1,0,0,0
dfs_nesw,397,8,48,28,190000,25,1,0,0,0
dfs_straight_first,397,8,48,26,187000,25,1,0,0,0
wall_follower,397,12,21,11,80500,19,1,0,0,0
dfs_nesw,397,12,48,30,193000,25,1,0,0,0
dfs_straight_first,397,12,48,25,186500,25,1,0,0,0
wall_follower,397,16,17,4,57000,16,1,0,0,0
dfs_nesw,397,16,48,17,170500,25,1,0,0,0
dfs_straight_first,397,16,48,17,170500,25,1,0,0,0
wall_follower,398,0,49,36,205000,25,1,0,0,0
dfs_nesw,398,0,48,35,199500,25,1,0,0,0
dfs_straight_first,398,0,48,35,199500,25,1,0,0,0
wall_follower,398,4,27,19,112500,21,1,0,0,0
dfs_nesw,398,4,48,33,198500,25,1,0,0,0
dfs_straight_first,398,4,48,33,198500,25,1,0,0,0
wall_follower,398,8,21,10,80000,18,1,0,0,0
dfs_nesw,398,8,48,29,192500,25,1,0,0,0
dfs_straight_first,398,8,48,26,187000,25,1,0,0,0
wall_follower,398,12,17,4,57000,16,1,0,0,0
dfs_nesw,398,12,48,24,184000,25,1,0,0,0
dfs_straight_first,398,12,48,21,178500,25,1,0,0,0
wall_follower,398,16,17,4,57000,16,1,0,0,0
dfs_nesw,398,16,48,17,170500,25,1,0,0,0
dfs_straight_first,398,16,48,17,170500,25,1,0,0,0
wall_follower,399,0,49,35,204500,25,1,0,0,0
dfs_nesw,399,0,48,34,199000,25,1,0,0,0
dfs_straight_first,399,0,48,34,199000,25,1,0,0,0
wall_follower,399,4,23,14,92000,20,1,0,0,0
dfs_nesw,399,4,48,30,193000,25,1,0,0,0
dfs_straight_first,399,4,48,30,193000,25,1,0,0,0
wall_follower,399,8,21,11,80500,19,1,0,0,0
dfs_nesw,399,8,48,29,190500,25,1,0,0,0
dfs_straight_first,399,8,48,23,181500,25,1,0,0,0
wall_follower,399,12,19,7,68500,17,1,0,0,0
dfs_nesw,399,12,48,25,184500,25,1,0,0,0
dfs_straight_first,399,12,48,21,178500,25,1,0,0,0
wall_follower,399,16,17,4,57000,16,1,0,0,0
dfs_nesw,399,16,48,17,170500,25,1,0,0,0
dfs_straight_first,399,16,48,17,170500,25,1,0,0,0
wall_follower,400,0,49,34,204000,25,1,0,0,0
dfs_nesw,400,0,48,33,198500,25,1,0,0,0
dfs_straight_first,400,0,48,33,198500,25,1,0,0,0
wall_follower,400,4,41,27,168500,25,1,0,0,0
dfs_nesw,400,4,48,27,189500,25,1,0,0,0
dfs_straight_first,400,4,48,27,189500,25,1,0,0,0
wall_follower,400,8,27,16,109000,21,1,0,0,0
dfs_nesw,400,8,48,31,195500,25,1,0,0,0
dfs_straight_first,400,8,48,26,187000,25,1,0,0,0
wall_follower,400,12,23,12,89000,20,1,0,0,0
dfs_nesw,400,12,48,24,184000,25,1,0,0,0
dfs_straight_first,400,12,48,26,187000,25,1,0,0,0
wall_follower,400,16,17,4,57000,16,1,0,0,0
dfs_nesw,400,16,48,17,170500,25,1,0,0,0
dfs_straight_first,400,16,48,17,170500,25,1,0,0,0
wall_follower,401,0,49,28,192000,25,1,0,0,0
dfs_nesw,401,0,48,27,186500,25,1,0,0,0
dfs_straight_first,401,0,48,27,186500,25,1,0,0,0
wall_follower,401,4,21,11,81500,18,1,0,0,0
dfs_nesw,401,4,48,29,191500,25,1,0,0,0
dfs_straight_first,401,4,48,21,177500,25,1,0,0,0
wall_follower,401,8,19,7,68500,17,1,0,0,0
dfs_nesw,401,8,48,21,178500,25,1,0,0,0
dfs_straight_first,401,8,48,19,175500,25,1,0,0,0
wall_follower,401,12,19,7,68500,17,1,0,0,0
dfs_nesw,401,12,48,21,178500,25,1,0,0,0
dfs_straight_first,401,12,48,19,175500,25,1,0,0,0
wall_follower,401,16,17,4,57000,16,1,0,0,0
dfs_nesw,401,16,48,17,170500,25,1,0,0,0
dfs_straight_first,401,16,48,17,170500,25,1,0,0,0
wall_follower,402,0,49,29,194500,25,1,0,0,0
dfs_nesw,402,0,48,28,189000,25,1,0,0,0
dfs_straight_first,402,0,48,28,189000,25,1,0,0,0
wall_follower,402,4,33,18,128000,24,1,0,0,0
dfs_nesw,402,4,48,28,190000,25,1,0,0,0
dfs_straight_first,402,4,48,24,184000,25,1,0,0,0
wall_follower,402,8,23,11,86500,21,1,0,0,0
dfs_nesw,402,8,48,26,187000,25,1,0,0,0
dfs_straight_first,402,8,48,25,186500,25,1,0,0,0
wall_follower,402,12,21,11,80500,19,1,0,0,0
dfs_nesw,402,12,48,29,190500,25,1,0,0,0
dfs_straight_first,402,12,48,21,178500,25,1,0,0,0
wall_follower,402,16,17,4,57000,16,1,0,0,0
dfs_nesw,402,16,48,17,170500,25,1,0,0,0
dfs_straight_first,402,16,48,17,170500,25,1,0,0,0
wall_follower,403,0,49,27,190500,25,1,0,0,0
dfs_nesw,403,0,48,26,185000,25,1,0,0,0
dfs_straight_first,403,0,48,26,185000,25,1,0,0,0
wall_follower,403,4,29,13,107500,23,1,0,0,0
dfs_nesw,403,4,48,27,187500,25,1,0,0,0
dfs_straight_first,403,4,48,24,182000,25,1,0,0,0
wall_follower,403,8,23,11,86500,20,1,0,0,0
dfs_nesw,403,8,48,27,187500,25,1,0,0,0
dfs_straight_first,403,8,48,18,173000,25,1,0,0,0
wall_follower,403,12,19,8,69000,18,1,0,0,0
dfs_nesw,403,12,48,26,185000,25,1,0,0,0
dfs_straight_first,403,12,48,19,175500,25,1,0,0,0
wall_follower,403,16,17,4,57000,16,1,0,0,0
dfs_nesw,403,16,48,17,170500,25,1,0,0,0
dfs_straight_first,403,16,48,17,170500,25,1,0,0,0
wall_follower,404,0,49,34,203000,25,1,0,0,0
dfs_nesw,404,0,48,33,197500,25,1,0,0,0
dfs_straight_first,404,0,48,33,197500,25,1,0,0,0
wall_follower,404,4,33,23,137500,25,1,0,0,0
dfs_nesw,404,4,48,32,197000,25,1,0,0,0
dfs_straight_first,404,4,48,29,191500,25,1,0,0,0
wall_follower,404,8,27,13,102500,21,1,0,0,0
dfs_nesw,404,8,48,21,179500,25,1,0,0,0
dfs_straight_first,404,8,48,21,179500,25,1,0,0,0
wall_follower,404,12,17,4,57000,16,1,0,0,0
dfs_nesw,404,12,48,23,181500,25,1,0,0,0
dfs_straight_first,404,12,48,20,178000,25,1,0,0,0
wall_follower,404,16,17,4,57000,16,1,0,0,0
dfs_nesw,404,16,48,17,170500,25,1,0,0,0
dfs_straight_first,404,16,48,17,170500,25,1,0,0,0
wall_follower,405,0,49,40,212000,25,1,0,0,0
dfs_nesw,405,0,48,39,206500,25,1,0,0,0
dfs_straight_first,405,0,48,39,206500,25,1,0,0,0
wall_follower,405,4,31,21,126500,25,1,0,0,0
dfs_nesw,405,4,48,34,198000,25,1,0,0,0
dfs_straight_first,405,4,48,27,186500,25,1,0,0,0
wall_follower,405,8,23,12,88000,20,1,0,0,0
dfs_nesw,405,8,48,31,192500,25,1,0,0,0
dfs_straight_first,405,8,48,24,183000,25,1,0,0,0
wall_follower,405,12,23,12,88000,20,1,0,0,0
dfs_nesw,405,12,48,27,186500,25,1,0,0,0
dfs_straight_first,405,12,48,19,174500,25,1,0,0,0
wall_follower,405,16,17,4,57000,16,1,0,0,0
dfs_nesw,405,16,48,17,170500,25,1,0,0,0
dfs_straight_first,405,16,48,17,170500,25,1,0,0,0
wall_follower,406,0,49,27,192500,25,1,0,0,0
dfs_nesw,406,0,48,26,187000,25,1,0,0,0
dfs_straight_first,406,0,48,26,187000,25,1,0,0,0
wall_follower,406,4,23,9,83500,20,1,0,0,0
dfs_nesw,406,4,48,24,184000,25,1,0,0,0
dfs_straight_first,406,4,48,24,184000,25,1,0,0,0
wall_follower,406,8,21,7,74500,18,1,0,0,0
dfs_nesw,406,8,48,25,186500,25,1,0,0,0
dfs_straight_first,406,8,48,22,181000,25,1,0,0,0
wall_follower,406,12,21,7,74500,18,1,0,0,0
dfs_nesw,406,12,48,23,181500,25,1,0,0,0
dfs_straight_first,406,12,48,17,170500,25,1,0,0,0
wall_follower,406,16,17,4,57000,16,1,0,0,0
dfs_nesw,406,16,48,17,170500,25,1,0,0,0
dfs_straight_first,406,16,48,17,170500,25,1,0,0,0
wall_follower,407,0,49,34,202000,25,1,0,0,0
dfs_nesw,407,0,48,33,196500,25,1,0,0,0
dfs_straight_first,407,0,48,33,196500,25,1,0,0,0
wall_follower,407,4,29,20,119000,24,1,0,0,0
dfs_nesw,407,4,48,37,202500,25,1,0,0,0
dfs_straight_first,407,4,48,32,196000,25,1,0,0,0
wall_follower,407,8,19,7,68500,17,1,0,0,0
dfs_nesw,407,8,48,26,187000,25,1,0,0,0
dfs_straight_first,407,8,48,22,181000,25,1,0,0,0
wall_follower,407,12,19,7,68500,17,1,0,0,0
dfs_nesw,407,12,48,23,181500,25,1,0,0,0
dfs_straight_first,407,12,48,19,175500,25,1,0,0,0
wall_follower,407,16,17,4,57000,16,1,0,0,0
dfs_nesw,407,16,48,17,170500,25,1,0,0,0
dfs_straight_first,407,16,48,17,170500,25,1,0,0,0
wall_follower,408,0,49,26,190000,25,1,0,0,0
dfs_nesw,408,0,48,25,184500,25,1,0,0,0
dfs_straight_first,408,0,48,25,184500,25,1,0,0,0
wall_follower,408,4,31,11,110500,23,1,0,0,0
dfs_nesw,408,4,48,23,181500,25,1,0,0,0
dfs_straight_first,408,4,48,23,181500,25,1,0,0,0
wall_follower,408,8,21,7,74500,18,1,0,0,0
dfs_nesw,408,8,48,21,178500,25,1,0,0,0
dfs_straight_first,408,8,48,19,175500,25,1,0,0,0
wall_follower,408,12,19,7,68500,17,1,0,0,0
dfs_nesw,408,12,48,19,175500,25,1,0,0,0
dfs_straight_first,408,12,48,22,181000,25,1,0,0,0
wall_follower,408,16,17,4,57000,16,1,0,0,0
dfs_nesw,408,16,48,17,170500,25,1,0,0,0
dfs_straight_first,408,16,48,17,170500,25,1,0,0,0
wall_follower,409,0,49,34,202000,25,1,0,0,0
dfs_nesw,409,0,48,33,196500,25,1,0,0,0
dfs_straight_first,409,0,48,33,196500,25,1,0,0,0
wall_follower,409,4,23,13,89500,21,1,0,0,0
dfs_nesw,409,4,48,30,191000,25,1,0,0,0
dfs_straight_first,409,4,48,30,191000,25,1,0,0,0
wall_follower,409,8,21,12,81000,20,1,0,0,0
dfs_nesw,409,8,48,33,196500,25,1,0,0,0
dfs_straight_first,409,8,48,23,181500,25,1,0,0,0
wall_follower,409,12,17,4,57000,16,1,0,0,0
dfs_nesw,409,12,48,23,181500,25,1,0,0,0
dfs_straight_first,409,12,48,20,176000,25,1,0,0,0
wall_follower,409,16,17,4,57000,16,1,0,0,0
dfs_nesw,409,16,48,17,170500,25,1,0,0,0
dfs_straight_first,409,16,48,17,170500,25,1,0,0,0
wall_follower,410,0,49,33,201500,25,1,0,0,0
dfs_nesw,410,0,48,32,196000,25,1,0,0,0
dfs_straight_first,410,0,48,32,196000,25,1,0,0,0
wall_follower,410,4,31,20,125000,23,1,0,0,0
dfs_nesw,410,4,48,32,196000,25,1,0,0,0
dfs_straight_first,410,4,48,31,193500,25,1,0,0,0
wall_follower,410,8,23,12,87000,22,1,0,0,0
dfs_nesw,410,8,48,31,195500,25,1,0,0,0
dfs_straight_first,410,8,48,18,173000,25,1,0,0,0
wall_follower,410,12,19,8,69000,18,1,0,0,0
dfs_nesw,410,12,48,30,191000,25,1,0,0,0
dfs_straight_first,410,12,48,19,173500,25,1,0,0,0
wall_follower,410,16,17,4,57000,16,1,0,0,0
dfs_nesw,410,16,48,17,170500,25,1,0,0,0
dfs_straight_first,410,16,48,17,170500,25,1,0,0,0
wall_follower,411,0,49,25,188500,25,1,0,0,0
dfs_nesw,411,0,48,24,183000,25,1,0,0,0
dfs_straight_first,411,0,48,24,183000,25,1,0,0,0
wall_follower,411,4,25,11,92500,22,1,0,0,0
dfs_nesw,411,4,48,19,175500,25,1,0,0,0
dfs_straight_first,411,4,48,19,175500,25,1,0,0,0
wall_follower,411,8,21,11,80500,19,1,0,0,0
dfs_nesw,411,8,48,26,187000,25,1,0,0,0
dfs_straight_first,411,8,48,24,184000,25,1,0,0,0
wall_follower,411,12,17,4,57000,16,1,0,0,0
dfs_nesw,411,12,48,24,182000,25,1,0,0,0
dfs_straight_first,411,12,48,17,170500,25,1,0,0,0
wall_follower,411,16,17,4,57000,16,1,0,0,0
dfs_nesw,411,16,48,17,170500,25,1,0,0,0
dfs_straight_first,411,16,48,17,170500,25,1,0,0,0
wall_follower,412,0,49,34,203000,25,1,0,0,0
dfs_nesw,412,0,48,33,197500,25,1,0,0,0
dfs_straight_first,412,0,48,33,197500,25,1,0,0,0
wall_follower,412,4,33,22,135000,24,1,0,0,0
dfs_nesw,412,4,48,32,195000,25,1,0,0,0
dfs_straight_first,412,4,48,30,194000,25,1,0,0,0
wall_follower,412,8,23,13,89500,21,1,0,0,0
dfs_nesw,412,8,48,28,190000,25,1,0,0,0
dfs_straight_first,412,8,48,27,189500,25,1,0,0,0
wall_follower,412,12,17,4,57000,16,1,0,0,0
dfs_nesw,412,12,48,21,176500,25,1,0,0,0
dfs_straight_first,412,12,48,19,173500,25,1,0,0,0
wall_follower,412,16,17,4,57000,16,1,0,0,0
dfs_nesw,412,16,48,17,170500,25,1,0,0,0
dfs_straight_first,412,16,48,17,170500,25,1,0,0,0
wall_follower,413,0,49,34,203000,25,1,0,0,0
dfs_nesw,413,0,48,33,197500,25,1,0,0,0
dfs_straight_first,413,0,48,33,197500,25,1,0,0,0
wall_follower,413,4,27,16,108000,21,1,0,0,0
dfs_nesw,413,4,48,30,194000,25,1,0,0,0
dfs_straight_first,413,4,48,29,191500,25,1,0,0,0
wall_follower,413,8,21,8,76000,18,1,0,0,0
dfs_nesw,413,8,48,27,186500,25,1,0,0,0
dfs_straight_first,413,8,48,21,177500,25,1,0,0,0
wall_follower,413,12,17,4,57000,16,1,0,0,0
dfs_nesw,413,12,48,23,181500,25,1,0,0,0
dfs_straight_first,413,12,48,20,178000,25,1,0,0,0
wall_follower,413,16,17,4,57000,16,1,0,0,0
dfs_nesw,413,16,48,17,170500,25,1,0,0,0
dfs_straight_first,413,16,48,17,170500,25,1,0,0,0
wall_follower,414,0,49,29,192500,25,1,0,0,0
dfs_nesw,414,0,48,28,187000,25,1,0,0,0
dfs_straight_first,414,0,48,28,187000,25,1,0,0,0
wall_follower,414,4,23,15,93500,19,1,0,0,0
dfs_nesw,414,4,48,27,188500,25,1,0,0,0
dfs_straight_first,414,4,48,31,192500,25,1,0,0,0
wall_follower,414,8,23,15,93500,19,1,0,0,0
dfs_nesw,414,8,48,28,189000,25,1,0,0,0
dfs_straight_first,414,8,48,28,189000,25,1,0,0,0
wall_follower,414,12,19,8,69000,18,1,0,0,0
dfs_nesw,414,12,48,19,175500,25,1,0,0,0
dfs_straight_first,414,12,48,19,175500,25,1,0,0,0
wall_follower,414,16,17,4,57000,16,1,0,0,0
dfs_nesw,414,16,48,17,170500,25,1,0,0,0
dfs_straight_first,414,16,48,17,170500,25,1,0,0,0
wall_follower,415,0,49,34,203000,25,1,0,0,0
dfs_nesw,415,0,48,33,197500,25,1,0,0,0
dfs_straight_first,415,0,48,33,197500,25,1,0,0,0
wall_follower,415,4,37,26,153000,25,1,0,0,0
dfs_nesw,415,4,48,33,197500,25,1,0,0,0
dfs_straight_first,415,4,48,34,200000,25,1,0,0,0
wall_follower,415,8,21,11,81500,18,1,0,0,0
dfs_nesw,415,8,48,34,200000,25,1,0,0,0
dfs_straight_first,415,8,48,24,183000,25,1,0,0,0
wall_follower,415,12,17,4,57000,16,1,0,0,0
dfs_nesw,415,12,48,25,184500,25,1,0,0,0
dfs_straight_first,415,12,48,20,176000,25,1,0,0,0
wall_follower,415,16,17,4,57000,16,1,0,0,0
dfs_nesw,415,16,48,17,170500,25,1,0,0,0
dfs_straight_first,415,16,48,17,170500,25,1,0,0,0
wall_follower,416,0,49,32,199000,25,1,0,0,0
dfs_nesw,416,0,48,31,193500,25,1,0,0,0
dfs_straight_first,416,0,48,31,193500,25,1,0,0,0
wall_follower,416,4,35,21,139500,25,1,0,0,0
dfs_nesw,416,4,48,26,185000,25,1,0,0,0
dfs_straight_first,416,4,48,25,184500,25,1,0,0,0
wall_follower,416,8,19,8,69000,18,1,0,0,0
dfs_nesw,416,8,48,28,190000,25,1,0,0,0
dfs_straight_first,416,8,48,25,184500,25,1,0,0,0
wall_follower,416,12,19,8,69000,18,1,0,0,0
dfs_nesw,416,12,48,25,184500,25,1,0,0,0
dfs_straight_first,416,12,48,24,184000,25,1,0,0,0
wall_follower,416,16,17,4,57000,16,1,0,0,0
dfs_nesw,416,16,48,17,170500,25,1,0,0,0
dfs_straight_first,416,16,48,17,170500,25,1,0,0,0
wall_follower,417,0,49,37,206500,25,1,0,0,0
dfs_nesw,417,0,48,36,201000,25,1,0,0,0
dfs_straight_first,417,0,48,36,201000,25,1,0,0,0
wall_follower,417,4,37,23,147500,25,1,0,0,0
dfs_nesw,417,4,48,36,201000,25,1,0,0,0
dfs_straight_first,417,4,48,28,189000,25,1,0,0,0
wall_follower,417,8,25,11,93500,20,1,0,0,0
dfs_nesw,417,8,48,34,198000,25,1,0,0,0
dfs_straight_first,417,8,48,22,180000,25,1,0,0,0
wall_follower,417,12,23,11,87500,19,1,0,0,0
dfs_nesw,417,12,48,27,188500,25,1,0,0,0
dfs_straight_first,417,12,48,19,174500,25,1,0,0,0
wall_follower,417,16,17,4,57000,16,1,0,0,0
dfs_nesw,417,16,48,17,170500,25,1,0,0,0
dfs_straight_first,417,16,48,17,170500,25,1,0,0,0
wall_follower,418,0,49,27,192500,25,1,0,0,0
dfs_nesw,418,0,48,26,187000,25,1,0,0,0
dfs_straight_first,418,0,48,26,187000,25,1,0,0,0
wall_follower,418,4,29,15,112500,23,1,0,0,0
dfs_nesw,418,4,48,29,192500,25,1,0,0,0
dfs_straight_first,418,4,48,23,181500,25,1,0,0,0
wall_follower,418,8,19,7,68500,17,1,0,0,0
dfs_nesw,418,8,48,26,187000,25,1,0,0,0
dfs_straight_first,418,8,48,25,184500,25,1,0,0,0
wall_follower,418,12,17,4,57000,16,1,0,0,0
dfs_nesw,418,12,48,24,182000,25,1,0,0,0
dfs_straight_first,418,12,48,20,176000,25,1,0,0,0
wall_follower,418,16,17,4,57000,16,1,0,0,0
dfs_nesw,418,16,48,17,170500,25,1,0,0,0
dfs_straight_first,418,16,48,17,170500,25,1,0,0,0
wall_follower,419,0,49,31,198500,25,1,0,0,0
dfs_nesw,419,0,48,30,193000,25,1,0,0,0
dfs_straight_first,419,0,48,30,193000,25,1,0,0,0
wall_follower,419,4,21,11,80500,19,1,0,0,0
dfs_nesw,419,4,48,27,189500,25,1,0,0,0
dfs_straight_first,419,4,48,30,193000,25,1,0,0,0
wall_follower,419,8,21,11,80500,19,1,0,0,0
dfs_nesw,419,8,48,27,189500,25,1,0,0,0
dfs_straight_first,419,8,48,27,189500,25,1,0,0,0
wall_follower,419,12,21,11,80500,19,1,0,0,0
dfs_nesw,419,12,48,26,187000,25,1,0,0,0
dfs_straight_first,419,12,48,23,183500,25,1,0,0,0
wall_follower,419,16,17,4,57000,16,1,0,0,0
dfs_nesw,419,16,48,17,170500,25,1,0,0,0
dfs_straight_first,419,16,48,17,170500,25,1,0,0,0
wall_follower,420,0,49,36,204000,25,1,0,0,0
dfs_nesw,420,0,48,35,198500,25,1,0,0,0
dfs_straight_first,420,0,48,35,198500,25,1,0,0,0
wall_follower,420,4,29,20,118000,24,1,0,0,0
dfs_nesw,420,4,48,30,192000,25,1,0,0,0
dfs_straight_first,420,4,48,29,189500,25,1,0,0,0
wall_follower,420,8,19,8,70000,17,1,0,0,0
dfs_nesw,420,8,48,30,192000,25,1,0,0,0
dfs_straight_first,420,8,48,23,182500,25,1,0,0,0
wall_follower,420,12,17,4,57000,16,1,0,0,0
dfs_nesw,420,12,48,22,179000,25,1,0,0,0
dfs_straight_first,420,12,48,19,175500,25,1,0,0,0
wall_follower,420,16,17,4,57000,16,1,0,0,0
dfs_nesw,420,16,48,17,170500,25,1,0,0,0
dfs_straight_first,420,16,48,17,170500,25,1,0,0,0
wall_follower,421,0,49,34,205000,25,1,0,0,0
dfs_nesw,421,0,48,33,199500,25,1,0,0,0
dfs_straight_first,421,0,48,33,199500,25,1,0,0,0
wall_follower,421,4,25,14,98000,22,1,0,0,0
dfs_nesw,421,4,48,30,195000,25,1,0,0,0
dfs_straight_first,421,4,48,30,195000,25,1,0,0,0
wall_follower,421,8,19,7,68500,17,1,0,0,0
dfs_nesw,421,8,48,28,190000,25,1,0,0,0
dfs_straight_first,421,8,48,26,187000,25,1,0,0,0
wall_follower,421,12,19,7,68500,17,1,0,0,0
dfs_nesw,421,12,48,29,190500,25,1,0,0,0
dfs_straight_first,421,12,48,24,182000,25,1,0,0,0
wall_follower,421,16,17,4,57000,16,1,0,0,0
dfs_nesw,421,16,48,17,170500,25,1,0,0,0
dfs_straight_first,421,16,48,17,170500,25,1,0,0,0
wall_follower,422,0,49,25,187500,25,1,0,0,0
dfs_nesw,422,0,48,24,182000,25,1,0,0,0
dfs_straight_first,422,0,48,24,182000,25,1,0,0,0
wall_follower,422,4,25,14,98000,20,1,0,0,0
dfs_nesw,422,4,48,26,187000,25,1,0,0,0
dfs_straight_first,422,4,48,26,187000,25,1,0,0,0
wall_follower,422,8,23,10,86000,19,1,0,0,0
dfs_nesw,422,8,48,24,184000,25,1,0,0,0
dfs_straight_first,422,8,48,20,178000,25,1,0,0,0
wall_follower,422,12,17,4,57000,16,1,0,0,0
dfs_nesw,422,12,48,21,178500,25,1,0,0,0
dfs_straight_first,422,12,48,17,170500,25,1,0,0,0
wall_follower,422,16,17,4,57000,16,1,0,0,0
dfs_nesw,422,16,48,17,170500,25,1,0,0,0
dfs_straight_first,422,16,48,17,170500,25,1,0,0,0
wall_follower,423,0,49,27,191500,25,1,0,0,0
dfs_nesw,423,0,48,26,186000,25,1,0,0,0
dfs_straight_first,423,0,48,26,186000,25,1,0,0,0
wall_follower,423,4,19,7,68500,17,1,0,0,0
dfs_nesw,423,4,48,21,178500,25,1,0,0,0
dfs_straight_first,423,4,48,21,178500,25,1,0,0,0
wall_follower,423,8,19,7,68500,17,1,0,0,0
dfs_nesw,423,8,48,21,178500,25,1,0,0,0
dfs_straight_first,423,8,48,22,179000,25,1,0,0,0
wall_follower,423,12,19,7,68500,17,1,0,0,0
dfs_nesw,423,12,48,18,173000,25,1,0,0,0
dfs_straight_first,423,12,48,22,179000,25,1,0,0,0
wall_follower,423,16,17,4,57000,16,1,0,0,0
dfs_nesw,423,16,48,17,170500,25,1,0,0,0
dfs_straight_first,423,16,48,17,170500,25,1,0,0,0
wall_follower,424,0,49,27,191500,25,1,0,0,0
dfs_nesw,424,0,48,26,186000,25,1,0,0,0
dfs_straight_first,424,0,48,26,186000,25,1,0,0,0
wall_follower,424,4,35,21,138500,24,1,0,0,0
dfs_nesw,424,4,48,28,189000,25,1,0,0,0
dfs_straight_first,424,4,48,26,186000,25,1,0,0,0
wall_follower,424,8,27,15,105500,22,1,0,0,0
dfs_nesw,424,8,48,31,194500,25,1,0,0,0
dfs_straight_first,424,8,48,24,183000,25,1,0,0,0
wall_follower,424,12,17,4,57000,16,1,0,0,0
dfs_nesw,424,12,48,26,187000,25,1,0,0,0
dfs_straight_first,424,12,48,23,183500,25,1,0,0,0
wall_follower,424,16,17,4,57000,16,1,0,0,0
dfs_nesw,424,16,48,17,170500,25,1,0,0,0
dfs_straight_first,424,16,48,17,170500,25,1,0,0,0
wall_follower,425,0,49,23,184500,25,1,0,0,0
dfs_nesw,425,0,48,22,179000,25,1,0,0,0
dfs_straight_first,425,0,48,22,179000,25,1,0,0,0
wall_follower,425,4,29,15,112500,23,1,0,0,0
dfs_nesw,425,4,48,22,179000,25,1,0,0,0
dfs_straight_first,425,4,48,22,179000,25,1,0,0,0
wall_follower,425,8,23,10,86000,19,1,0,0,0
dfs_nesw,425,8,48,19,175500,25,1,0,0,0
dfs_straight_first,425,8,48,19,175500,25,1,0,0,0
wall_follower,425,12,17,4,57000,16,1,0,0,0
dfs_nesw,425,12,48,19,175500,25,1,0,0,0
dfs_straight_first,425,12,48,17,170500,25,1,0,0,0
wall_follower,425,16,17,4,57000,16,1,0,0,0
dfs_nesw,425,16,48,17,170500,25,1,0,0,0
dfs_straight_first,425,16,48,17,170500,25,1,0,0,0
wall_follower,426,0,49,25,188500,25,1,0,0,0
dfs_nesw,426,0,48,24,183000,25,1,0,0,0
dfs_straight_first,426,0,48,24,183000,25,1,0,0,0
wall_follower,426,4,27,9,95500,20,1,0,0,0
dfs_nesw,426,4,48,24,182000,25,1,0,0,0
dfs_straight_first,426,4,48,24,182000,25,1,0,0,0
wall_follower,426,8,23,7,80500,19,1,0,0,0
dfs_nesw,426,8,48,24,184000,25,1,0,0,0
dfs_straight_first,426,8,48,22,181000,25,1,0,0,0
wall_follower,426,12,19,7,68500,17,1,0,0,0
dfs_nesw,426,12,48,19,175500,25,1,0,0,0
dfs_straight_first,426,12,48,24,184000,25,1,0,0,0
wall_follower,426,16,17,4,57000,16,1,0,0,0
dfs_nesw,426,16,48,17,170500,25,1,0,0,0
dfs_straight_first,426,16,48,17,170500,25,1,0,0,0
wall_follower,427,0,49,29,193500,25,1,0,0,0
dfs_nesw,427,0,48,28,188000,25,1,0,0,0
dfs_straight_first,427,0,48,28,188000,25,1,0,0,0
wall_follower,427,4,33,18,128000,23,1,0,0,0
dfs_nesw,427,4,48,28,188000,25,1,0,0,0
dfs_straight_first,427,4,48,24,182000,25,1,0,0,0
wall_follower,427,8,25,15,98500,20,1,0,0,0
dfs_nesw,427,8,48,35,199500,25,1,0,0,0
dfs_straight_first,427,8,48,23,181500,25,1,0,0,0
wall_follower,427,12,21,12,81000,19,1,0,0,0
dfs_nesw,427,12,48,33,196500,25,1,0,0,0
dfs_straight_first,427,12,48,23,181500,25,1,0,0,0
wall_follower,427,16,17,4,57000,16,1,0,0,0
dfs_nesw,427,16,48,17,170500,25,1,0,0,0
dfs_straight_first,427,16,48,17,170500,25,1,0,0,0
wall_follower,428,0,49,30,194000,25,1,0,0,0
dfs_nesw,428,0,48,29,188500,25,1,0,0,0
dfs_straight_first,428,0,48,29,188500,25,1,0,0,0
wall_follower,428,4,21,11,80500,19,1,0,0,0
dfs_nesw,428,4,48,33,196500,25,1,0,0,0
dfs_straight_first,428,4,48,30,191000,25,1,0,0,0
wall_follower,428,8,19,8,69000,18,1,0,0,0
dfs_nesw,428,8,48,29,190500,25,1,0,0,0
dfs_straight_first,428,8,48,27,185500,25,1,0,0,0
wall_follower,428,12,19,8,69000,18,1,0,0,0
dfs_nesw,428,12,48,31,193500,25,1,0,0,0
dfs_straight_first,428,12,48,18,173000,25,1,0,0,0
wall_follower,428,16,17,4,57000,16,1,0,0,0
dfs_nesw,428,16,48,17,170500,25,1,0,0,0
dfs_straight_first,428,16,48,17,170500,25,1,0,0,0
wall_follower,429,0,49,38,208000,25,1,0,0,0
dfs_nesw,429,0,48,37,202500,25,1,0,0,0
dfs_straight_first,429,0,48,37,202500,25,1,0,0,0
wall_follower,429,4,25,14,98000,21,1,0,0,0
dfs_nesw,429,4,48,28,188000,25,1,0,0,0
dfs_straight_first,429,4,48,29,190500,25,1,0,0,0
wall_follower,429,8,19,8,69000,18,1,0,0,0
dfs_nesw,429,8,48,32,194000,25,1,0,0,0
dfs_straight_first,429,8,48,23,181500,25,1,0,0,0
wall_follower,429,12,19,8,69000,18,1,0,0,0
dfs_nesw,429,12,48,28,188000,25,1,0,0,0
dfs_straight_first,429,12,48,17,170500,25,1,0,0,0
wall_follower,429,16,17,4,57000,16,1,0,0,0
dfs_nesw,429,16,48,17,170500,25,1,0,0,0
dfs_straight_first,429,16,48,17,170500,25,1,0,0,0
wall_follower,430,0,49,24,186000,25,1,0,0,0
dfs_nesw,430,0,48,23,180500,25,1,0,0,0
dfs_straight_first,430,0,48,23,180500,25,1,0,0,0
wall_follower,430,4,25,11,92500,21,1,0,0,0
dfs_nesw,430,4,48,28,190000,25,1,0,0,0
dfs_straight_first,430,4,48,24,184000,25,1,0,0,0
wall_follower,430,8,19,7,68500,17,1,0,0,0
dfs_nesw,430,8,48,24,184000,25,1,0,0,0
dfs_straight_first,430,8,48,22,181000,25,1,0,0,0
wall_follower,430,12,17,4,57000,16,1,0,0,0
dfs_nesw,430,12,48,19,175500,25,1,0,0,0
dfs_straight_first,430,12,48,17,170500,25,1,0,0,0
wall_follower,430,16,17,4,57000,16,1,0,0,0
dfs_nesw,430,16,48,17,170500,25,1,0,0,0
dfs_straight_first,430,16,48,17,170500,25,1,0,0,0
wall_follower,431,0,49,19,178500,25,1,0,0,0
dfs_nesw,431,0,48,18,173000,25,1,0,0,0
dfs_straight_first,431,0,48,18,173000,25,1,0,0,0
wall_follower,431,4,33,12,119000,22,1,0,0,0
dfs_nesw,431,4,48,18,173000,25,1,0,0,0
dfs_straight_first,431,4,48,18,173000,25,1,0,0,0
wall_follower,431,8,19,7,68500,17,1,0,0,0
dfs_nesw,431,8,48,21,178500,25,1,0,0,0
dfs_straight_first,431,8,48,18,173000,25,1,0,0,0
wall_follower,431,12,19,7,68500,17,1,0,0,0
dfs_nesw,431,12,48,20,176000,25,1,0,0,0
dfs_straight_first,431,12,48,17,170500,25,1,0,0,0
wall_follower,431,16,17,4,57000,16,1,0,0,0
dfs_nesw,431,16,48,17,170500,25,1,0,0,0
dfs_straight_first,431,16,48,17,170500,25,1,0,0,0
wall_follower,432,0,49,29,194500,25,1,0,0,0
dfs_nesw,432,0,48,28,189000,25,1,0,0,0
dfs_straight_first,432,0,48,28,189000,25,1,0,0,0
wall_follower,432,4,31,19,123500,23,1,0,0,0
dfs_nesw,432,4,48,26,188000,25,1,0,0,0
dfs_straight_first,432,4,48,24,185000,25,1,0,0,0
wall_follower,432,8,23,10,84000,22,1,0,0,0
dfs_nesw,432,8,48,23,181500,25,1,0,0,0
dfs_straight_first,432,8,48,20,176000,25,1,0,0,0
wall_follower,432,12,17,4,57000,16,1,0,0,0
dfs_nesw,432,12,48,17,170500,25,1,0,0,0
dfs_straight_first,432,12,48,17,170500,25,1,0,0,0
wall_follower,432,16,17,4,57000,16,1,0,0,0
dfs_nesw,432,16,48,17,170500,25,1,0,0,0
dfs_straight_first,432,16,48,17,170500,25,1,0,0,0
wall_follower,433,0,49,37,206500,25,1,0,0,0
dfs_nesw,433,0,48,36,201000,25,1,0,0,0
dfs_straight_first,433,0,48,36,201000,25,1,0,0,0
wall_follower,433,4,27,17,108500,23,1,0,0,0
dfs_nesw,433,4,48,36,201000,25,1,0,0,0
dfs_straight_first,433,4,48,28,189000,25,1,0,0,0
wall_follower,433,8,23,12,88000,21,1,0,0,0
dfs_nesw,433,8,48,29,191500,25,1,0,0,0
dfs_straight_first,433,8,48,22,180000,25,1,0,0,0
wall_follower,433,12,19,8,70000,17,1,0,0,0
dfs_nesw,433,12,48,23,182500,25,1,0,0,0
dfs_straight_first,433,12,48,18,172000,25,1,0,0,0
wall_follower,433,16,17,4,57000,16,1,0,0,0
dfs_nesw,433,16,48,17,170500,25,1,0,0,0
dfs_straight_first,433,16,48,17,170500,25,1,0,0,0
wall_follower,434,0,49,29,194500,25,1,0,0,0
dfs_nesw,434,0,48,28,189000,25,1,0,0,0
dfs_straight_first,434,0,48,28,189000,25,1,0,0,0
wall_follower,434,4,23,9,84500,19,1,0,0,0
dfs_nesw,434,4,48,24,183000,25,1,0,0,0
dfs_straight_first,434,4,48,24,185000,25,1,0,0,0
wall_follower,434,8,17,4,57000,16,1,0,0,0
dfs_nesw,434,8,48,17,170500,25,1,0,0,0
dfs_straight_first,434,8,48,20,178000,25,1,0,0,0
wall_follower,434,12,17,4,57000,16,1,0,0,0
dfs_nesw,434,12,48,17,170500,25,1,0,0,0
dfs_straight_first,434,12,48,18,173000,25,1,0,0,0
wall_follower,434,16,17,4,57000,16,1,0,0,0
dfs_nesw,434,16,48,17,170500,25,1,0,0,0
dfs_straight_first,434,16,48,17,170500,25,1,0,0,0
wall_follower,435,0,49,40,212000,25,1,0,0,0
dfs_nesw,435,0,48,39,206500,25,1,0,0,0
dfs_straight_first,435,0,48,39,206500,25,1,0,0,0
wall_follower,435,4,27,20,114000,21,1,0,0,0
dfs_nesw,435,4,48,38,206000,25,1,0,0,0
dfs_straight_first,435,4,48,36,203000,25,1,0,0,0
wall_follower,435,8,23,15,93500,20,1,0,0,0
dfs_nesw,435,8,48,36,203000,25,1,0,0,0
dfs_straight_first,435,8,48,29,191500,25,1,0,0,0
wall_follower,435,12,19,7,68500,17,1,0,0,0
dfs_nesw,435,12,48,29,190500,25,1,0,0,0
dfs_straight_first,435,12,48,19,175500,25,1,0,0,0
wall_follower,435,16,17,4,57000,16,1,0,0,0
dfs_nesw,435,16,48,17,170500,25,1,0,0,0
dfs_straight_first,435,16,48,17,170500,25,1,0,0,0
wall_follower,436,0,49,31,197500,25,1,0,0,0
dfs_nesw,436,0,48,30,192000,25,1,0,0,0
dfs_straight_first,436,0,48,30,192000,25,1,0,0,0
wall_follower,436,4,25,12,94000,21,1,0,0,0
dfs_nesw,436,4,48,30,192000,25,1,0,0,0
dfs_straight_first,436,4,48,23,180500,25,1,0,0,0
wall_follower,436,8,17,4,57000,16,1,0,0,0
dfs_nesw,436,8,48,23,181500,25,1,0,0,0
dfs_straight_first,436,8,48,20,176000,25,1,0,0,0
wall_follower,436,12,17,4,57000,16,1,0,0,0
dfs_nesw,436,12,48,20,176000,25,1,0,0,0
dfs_straight_first,436,12,48,17,170500,25,1,0,0,0
wall_follower,436,16,17,4,57000,16,1,0,0,0
dfs_nesw,436,16,48,17,170500,25,1,0,0,0
dfs_straight_first,436,16,48,17,170500,25,1,0,0,0
wall_follower,437,0,49,28,193000,25,1,0,0,0
dfs_nesw,437,0,48,27,187500,25,1,0,0,0
dfs_straight_first,437,0,48,27,187500,25,1,0,0,0
wall_follower,437,4,25,15,100500,20,1,0,0,0
dfs_nesw,437,4,48,30,193000,25,1,0,0,0
dfs_straight_first,437,4,48,30,193000,25,1,0,0,0
wall_follower,437,8,23,12,89000,19,1,0,0,0
dfs_nesw,437,8,48,28,190000,25,1,0,0,0
dfs_straight_first,437,8,48,25,186500,25,1,0,0,0
wall_follower,437,12,23,12,89000,19,1,0,0,0
dfs_nesw,437,12,48,24,182000,25,1,0,0,0
dfs_straight_first,437,12,48,24,184000,25,1,0,0,0
wall_follower,437,16,17,4,57000,16,1,0,0,0
dfs_nesw,437,16,48,17,170500,25,1,0,0,0
dfs_straight_first,437,16,48,17,170500,25,1,0,0,0
wall_follower,438,0,49,25,186500,25,1,0,0,0
dfs_nesw,438,0,48,24,181000,25,1,0,0,0
dfs_straight_first,438,0,48,24,181000,25,1,0,0,0
wall_follower,438,4,31,16,118000,22,1,0,0,0
dfs_nesw,438,4,48,23,180500,25,1,0,0,0
dfs_straight_first,438,4,48,24,181000,25,1,0,0,0
wall_follower,438,8,19,8,69000,18,1,0,0,0
dfs_nesw,438,8,48,22,179000,25,1,0,0,0
dfs_straight_first,438,8,48,18,173000,25,1,0,0,0
wall_follower,438,12,17,4,57000,16,1,0,0,0
dfs_nesw,438,12,48,16,170000,25,1,0,0,0
dfs_straight_first,438,12,48,17,170500,25,1,0,0,0
wall_follower,438,16,17,4,57000,16,1,0,0,0
dfs_nesw,438,16,48,17,170500,25,1,0,0,0
dfs_straight_first,438,16,48,17,170500,25,1,0,0,0
wall_follower,439,0,49,37,208500,25,1,0,0,0
dfs_nesw,439,0,48,36,203000,25,1,0,0,0
dfs_straight_first,439,0,48,36,203000,25,1,0,0,0
wall_follower,439,4,37,26,153000,25,1,0,0,0
dfs_nesw,439,4,48,32,195000,25,1,0,0,0
dfs_straight_first,439,4,48,31,194500,25,1,0,0,0
wall_follower,439,8,23,15,93500,19,1,0,0,0
dfs_nesw,439,8,48,30,194000,25,1,0,0,0
dfs_straight_first,439,8,48,28,189000,25,1,0,0,0
wall_follower,439,12,21,12,82000,19,1,0,0,0
dfs_nesw,439,12,48,26,186000,25,1,0,0,0
dfs_straight_first,439,12,48,26,186000,25,1,0,0,0
wall_follower,439,16,17,4,57000,16,1,0,0,0
dfs_nesw,439,16,48,17,170500,25,1,0,0,0
dfs_straight_first,439,16,48,17,170500,25,1,0,0,0
wall_follower,440,0,49,26,192000,25,1,0,0,0
dfs_nesw,440,0,48,25,186500,25,1,0,0,0
dfs_straight_first,440,0,48,25,186500,25,1,0,0,0
wall_follower,440,4,29,13,109500,22,1,0,0,0
dfs_nesw,440,4,48,24,184000,25,1,0,0,0
dfs_straight_first,440,4,48,21,180500,25,1,0,0,0
wall_follower,440,8,19,7,68500,17,1,0,0,0
dfs_nesw,440,8,48,22,181000,25,1,0,0,0
dfs_straight_first,440,8,48,23,183500,25,1,0,0,0
wall_follower,440,12,19,7,68500,17,1,0,0,0
dfs_nesw,440,12,48,19,175500,25,1,0,0,0
dfs_straight_first,440,12,48,24,184000,25,1,0,0,0
wall_follower,440,16,17,4,57000,16,1,0,0,0
dfs_nesw,440,16,48,17,170500,25,1,0,0,0
dfs_straight_first,440,16,48,17,170500,25,1,0,0,0
wall_follower,441,0,49,32,198000,25,1,0,0,0
dfs_nesw,441,0,48,31,192500,25,1,0,0,0
dfs_straight_first,441,0,48,31,192500,25,1,0,0,0
wall_follower,441,4,37,22,146000,24,1,0,0,0
dfs_nesw,441,4,48,29,190500,25,1,0,0,0
dfs_straight_first,441,4,48,29,190500,25,1,0,0,0
wall_follower,441,8,23,13,89500,20,1,0,0,0
dfs_nesw,441,8,48,27,187500,25,1,0,0,0
dfs_straight_first,441,8,48,27,187500,25,1,0,0,0
wall_follower,441,12,23,13,89500,20,1,0,0,0
dfs_nesw,441,12,48,27,187500,25,1,0,0,0
dfs_straight_first,441,12,48,25,184500,25,1,0,0,0
wall_follower,441,16,17,4,57000,16,1,0,0,0
dfs_nesw,441,16,48,17,170500,25,1,0,0,0
dfs_straight_first,441,16,48,17,170500,25,1,0,0,0
wall_follower,442,0,49,27,191500,25,1,0,0,0
dfs_nesw,442,0,48,26,186000,25,1,0,0,0
dfs_straight_first,442,0,48,26,186000,25,1,0,0,0
wall_follower,442,4,33,17,126500,23,1,0,0,0
dfs_nesw,442,4,48,29,191500,25,1,0,0,0
dfs_straight_first,442,4,48,25,185500,25,1,0,0,0
wall_follower,442,8,21,9,78500,18,1,0,0,0
dfs_nesw,442,8,48,26,186000,25,1,0,0,0
dfs_straight_first,442,8,48,18,174000,25,1,0,0,0
wall_follower,442,12,17,4,57000,16,1,0,0,0
dfs_nesw,442,12,48,18,173000,25,1,0,0,0
dfs_straight_first,442,12,48,18,173000,25,1,0,0,0
wall_follower,442,16,17,4,57000,16,1,0,0,0
dfs_nesw,442,16,48,17,170500,25,1,0,0,0
dfs_straight_first,442,16,48,17,170500,25,1,0,0,0
wall_follower,443,0,49,37,206500,25,1,0,0,0
dfs_nesw,443,0,48,36,201000,25,1,0,0,0
dfs_straight_first,443,0,48,36,201000,25,1,0,0,0
wall_follower,443,4,35,24,144000,24,1,0,0,0
dfs_nesw,443,4,48,30,194000,25,1,0,0,0
dfs_straight_first,443,4,48,30,194000,25,1,0,0,0
wall_follower,443,8,23,15,92500,20,1,0,0,0
dfs_nesw,443,8,48,28,190000,25,1,0,0,0
dfs_straight_first,443,8,48,26,187000,25,1,0,0,0
wall_follower,443,12,21,11,80500,19,1,0,0,0
dfs_nesw,443,12,48,26,185000,25,1,0,0,0
dfs_straight_first,443,12,48,21,178500,25,1,0,0,0
wall_follower,443,16,17,4,57000,16,1,0,0,0
dfs_nesw,443,16,48,17,170500,25,1,0,0,0
dfs_straight_first,443,16,48,17,170500,25,1,0,0,0
wall_follower,444,0,49,33,199500,25,1,0,0,0
dfs_nesw,444,0,48,32,194000,25,1,0,0,0
dfs_straight_first,444,0,48,32,194000,25,1,0,0,0
wall_follower,444,4,23,11,86500,20,1,0,0,0
dfs_nesw,444,4,48,31,193500,25,1,0,0,0
dfs_straight_first,444,4,48,27,189500,25,1,0,0,0
wall_follower,444,8,17,4,57000,16,1,0,0,0
dfs_nesw,444,8,48,21,178500,25,1,0,0,0
dfs_straight_first,444,8,48,19,175500,25,1,0,0,0
wall_follower,444,12,17,4,57000,16,1,0,0,0
dfs_nesw,444,12,48,19,175500,25,1,0,0,0
dfs_straight_first,444,12,48,18,173000,25,1,0,0,0
wall_follower,444,16,17,4,57000,16,1,0,0,0
dfs_nesw,444,16,48,17,170500,25,1,0,0,0
dfs_straight_first,444,16,48,17,170500,25,1,0,0,0
wall_follower,445,0,49,34,202000,25,1,0,0,0
dfs_nesw,445,0,48,33,196500,25,1,0,0,0
dfs_straight_first,445,0,48,33,196500,25,1,0,0,0
wall_follower,445,4,37,23,148500,25,1,0,0,0
dfs_nesw,445,4,48,29,190500,25,1,0,0,0
dfs_straight_first,445,4,48,27,187500,25,1,0,0,0
wall_follower,445,8,21,10,80000,18,1,0,0,0
dfs_nesw,445,8,48,28,190000,25,1,0,0,0
dfs_straight_first,445,8,48,22,181000,25,1,0,0,0
wall_follower,445,12,19,7,68500,17,1,0,0,0
dfs_nesw,445,12,48,18,173000,25,1,0,0,0
dfs_straight_first,445,12,48,19,175500,25,1,0,0,0
wall_follower,445,16,17,4,57000,16,1,0,0,0
dfs_nesw,445,16,48,17,170500,25,1,0,0,0
dfs_straight_first,445,16,48,17,170500,25,1,0,0,0
wall_follower,446,0,49,29,195500,25,1,0,0,0
dfs_nesw,446,0,48,28,190000,25,1,0,0,0
dfs_straight_first,446,0,48,28,190000,25,1,0,0,0
wall_follower,446,4,29,15,112500,22,1,0,0,0
dfs_nesw,446,4,48,29,192500,25,1,0,0,0
dfs_straight_first,446,4,48,27,189500,25,1,0,0,0
wall_follower,446,8,21,10,80000,18,1,0,0,0
dfs_nesw,446,8,48,31,195500,25,1,0,0,0
dfs_straight_first,446,8,48,23,183500,25,1,0,0,0
wall_follower,446,12,19,7,68500,17,1,0,0,0
dfs_nesw,446,12,48,27,187500,25,1,0,0,0
dfs_straight_first,446,12,48,19,175500,25,1,0,0,0
wall_follower,446,16,17,4,57000,16,1,0,0,0
dfs_nesw,446,16,48,17,170500,25,1,0,0,0
dfs_straight_first,446,16,48,17,170500,25,1,0,0,0
wall_follower,447,0,49,38,207000,25,1,0,0,0
dfs_nesw,447,0,48,37,201500,25,1,0,0,0
dfs_straight_first,447,0,48,37,201500,25,1,0,0,0
wall_follower,447,4,21,12,81000,20,1,0,0,0
dfs_nesw,447,4,48,32,194000,25,1,0,0,0
dfs_straight_first,447,4,48,32,194000,25,1,0,0,0
wall_follower,447,8,21,12,81000,20,1,0,0,0
dfs_nesw,447,8,48,29,188500,25,1,0,0,0
dfs_straight_first,447,8,48,29,188500,25,1,0,0,0
wall_follower,447,12,19,8,69000,18,1,0,0,0
dfs_nesw,447,12,48,22,179000,25,1,0,0,0
dfs_straight_first,447,12,48,22,179000,25,1,0,0,0
wall_follower,447,16,17,4,57000,16,1,0,0,0
dfs_nesw,447,16,48,17,170500,25,1,0,0,0
dfs_straight_first,447,16,48,17,170500,25,1,0,0,0
wall_follower,448,0,49,35,203500,25,1,0,0,0
dfs_nesw,448,0,48,34,198000,25,1,0,0,0
dfs_straight_first,448,0,48,34,198000,25,1,0,0,0
wall_follower,448,4,29,17,113500,22,1,0,0,0
dfs_nesw,448,4,48,29,192500,25,1,0,0,0
dfs_straight_first,448,4,48,29,192500,25,1,0,0,0
wall_follower,448,8,19,8,69000,18,1,0,0,0
dfs_nesw,448,8,48,28,190000,25,1,0,0,0
dfs_straight_first,448,8,48,27,189500,25,1,0,0,0
wall_follower,448,12,17,4,57000,16,1,0,0,0
dfs_nesw,448,12,48,22,179000,25,1,0,0,0
dfs_straight_first,448,12,48,19,175500,25,1,0,0,0
wall_follower,448,16,17,4,57000,16,1,0,0,0
dfs_nesw,448,16,48,17,170500,25,1,0,0,0
dfs_straight_first,448,16,48,17,170500,25,1,0,0,0
wall_follower,449,0,49,29,195500,25,1,0,0,0
dfs_nesw,449,0,48,28,190000,25,1,0,0,0
dfs_straight_first,449,0,48,28,190000,25,1,0,0,0
wall_follower,449,4,23,8,83000,19,1,0,0,0
dfs_nesw,449,4,48,22,181000,25,1,0,0,0
dfs_straight_first,449,4,48,22,181000,25,1,0,0,0
wall_follower,449,8,23,8,83000,19,1,0,0,0
dfs_nesw,449,8,48,20,176000,25,1,0,0,0
dfs_straight_first,449,8,48,18,173000,25,1,0,0,0
wall_follower,449,12,17,4,57000,16,1,0,0,0
dfs_nesw,449,12,48,23,179500,25,1,0,0,0
dfs_straight_first,449,12,48,17,170500,25,1,0,0,0
wall_follower,449,16,17,4,57000,16,1,0,0,0
dfs_nesw,449,16,48,17,170500,25,1,0,0,0
dfs_straight_first,449,16,48,17,170500,25,1,0,0,0
wall_follower,450,0,49,25,189500,25,1,0,0,0
dfs_nesw,450,0,48,24,184000,25,1,0,0,0
dfs_straight_first,450,0,48,24,184000,25,1,0,0,0
wall_follower,450,4,19,7,68500,17,1,0,0,0
dfs_nesw,450,4,48,28,190000,25,1,0,0,0
dfs_straight_first,450,4,48,23,183500,25,1,0,0,0
wall_follower,450,8,17,4,57000,16,1,0,0,0
dfs_nesw,450,8,48,21,178500,25,1,0,0,0
dfs_straight_first,450,8,48,19,175500,25,1,0,0,0
wall_follower,450,12,17,4,57000,16,1,0,0,0
dfs_nesw,450,12,48,24,182000,25,1,0,0,0
dfs_straight_first,450,12,48,17,170500,25,1,0,0,0
wall_follower,450,16,17,4,57000,16,1,0,0,0
dfs_nesw,450,16,48,17,170500,25,1,0,0,0
dfs_straight_first,450,16,48,17,170500,25,1,0,0,0
wall_follower,451,0,49,27,192500,25,1,0,0,0
dfs_nesw,451,0,48,26,187000,25,1,0,0,0
dfs_straight_first,451,0,48,26,187000,25,1,0,0,0
wall_follower,451,4,27,14,104000,21,1,0,0,0
dfs_nesw,451,4,48,31,195500,25,1,0,0,0
dfs_straight_first,451,4,48,26,187000,25,1,0,0,0
wall_follower,451,8,23,9,83500,19,1,0,0,0
dfs_nesw,451,8,48,21,178500,25,1,0,0,0
dfs_straight_first,451,8,48,21,178500,25,1,0,0,0
wall_follower,451,12,17,4,57000,16,1,0,0,0
dfs_nesw,451,12,48,16,170000,25,1,0,0,0
dfs_straight_first,451,12,48,17,170500,25,1,0,0,0
wall_follower,451,16,17,4,57000,16,1,0,0,0
dfs_nesw,451,16,48,17,170500,25,1,0,0,0
dfs_straight_first,451,16,48,17,170500,25,1,0,0,0
wall_follower,452,0,49,34,203000,25,1,0,0,0
dfs_nesw,452,0,48,33,197500,25,1,0,0,0
dfs_straight_first,452,0,48,33,197500,25,1,0,0,0
wall_follower,452,4,21,11,80500,19,1,0,0,0
dfs_nesw,452,4,48,32,196000,25,1,0,0,0
dfs_straight_first,452,4,48,29,190500,25,1,0,0,0
wall_follower,452,8,19,7,68500,17,1,0,0,0
dfs_nesw,452,8,48,29,192500,25,1,0,0,0
dfs_straight_first,452,8,48,22,181000,25,1,0,0,0
wall_follower,452,12,17,4,57000,16,1,0,0,0
dfs_nesw,452,12,48,21,178500,25,1,0,0,0
dfs_straight_first,452,12,48,19,175500,25,1,0,0,0
wall_follower,452,16,17,4,57000,16,1,0,0,0
dfs_nesw,452,16,48,17,170500,25,1,0,0,0
dfs_straight_first,452,16,48,17,170500,25,1,0,0,0
wall_follower,453,0,49,29,195500,25,1,0,0,0
dfs_nesw,453,0,48,28,190000,25,1,0,0,0
dfs_straight_first,453,0,48,28,190000,25,1,0,0,0
wall_follower,453,4,25,13,95500,22,1,0,0,0
dfs_nesw,453,4,48,24,184000,25,1,0,0,0
dfs_straight_first,453,4,48,24,184000,25,1,0,0,0
wall_follower,453,8,23,12,87000,22,1,0,0,0
dfs_nesw,453,8,48,25,184500,25,1,0,0,0
dfs_straight_first,453,8,48,24,184000,25,1,0,0,0
wall_follower,453,12,17,4,57000,16,1,0,0,0
dfs_nesw,453,12,48,21,176500,25,1,0,0,0
dfs_straight_first,453,12,48,18,173000,25,1,0,0,0
wall_follower,453,16,17,4,57000,16,1,0,0,0
dfs_nesw,453,16,48,17,170500,25,1,0,0,0
dfs_straight_first,453,16,48,17,170500,25,1,0,0,0
wall_follower,454,0,49,33,201500,25,1,0,0,0
dfs_nesw,454,0,48,32,196000,25,1,0,0,0
dfs_straight_first,454,0,48,32,196000,25,1,0,0,0
wall_follower,454,4,27,15,104500,24,1,0,0,0
dfs_nesw,454,4,48,31,193500,25,1,0,0,0
dfs_straight_first,454,4,48,31,193500,25,1,0,0,0
wall_follower,454,8,23,12,87000,22,1,0,0,0
dfs_nesw,454,8,48,27,187500,25,1,0,0,0
dfs_straight_first,454,8,48,27,187500,25,1,0,0,0
wall_follower,454,12,21,8,75000,20,1,0,0,0
dfs_nesw,454,12,48,21,178500,25,1,0,0,0
dfs_straight_first,454,12,48,21,178500,25,1,0,0,0
wall_follower,454,16,17,4,57000,16,1,0,0,0
dfs_nesw,454,16,48,17,170500,25,1,0,0,0
dfs_straight_first,454,16,48,17,170500,25,1,0,0,0
wall_follower,455,0,49,27,192500,25,1,0,0,0
dfs_nesw,455,0,48,26,187000,25,1,0,0,0
dfs_straight_first,455,0,48,26,187000,25,1,0,0,0
wall_follower,455,4,25,16,101000,20,1,0,0,0
dfs_nesw,455,4,48,28,192000,25,1,0,0,0
dfs_straight_first,455,4,48,26,187000,25,1,0,0,0
wall_follower,455,8,25,16,101000,20,1,0,0,0
dfs_nesw,455,8,48,26,189000,25,1,0,0,0
dfs_straight_first,455,8,48,26,187000,25,1,0,0,0
wall_follower,455,12,21,11,80500,18,1,0,0,0
dfs_nesw,455,12,48,22,179000,25,1,0,0,0
dfs_straight_first,455,12,48,18,173000,25,1,0,0,0
wall_follower,455,16,17,4,57000,16,1,0,0,0
dfs_nesw,455,16,48,17,170500,25,1,0,0,0
dfs_straight_first,455,16,48,17,170500,25,1,0,0,0
wall_follower,456,0,49,33,200500,25,1,0,0,0
dfs_nesw,456,0,48,32,195000,25,1,0,0,0
dfs_straight_first,456,0,48,32,195000,25,1,0,0,0
wall_follower,456,4,25,13,96500,19,1,0,0,0
dfs_nesw,456,4,48,32,195000,25,1,0,0,0
dfs_straight_first,456,4,48,25,183500,25,1,0,0,0
wall_follower,456,8,21,9,77500,18,1,0,0,0
dfs_nesw,456,8,48,25,184500,25,1,0,0,0
dfs_straight_first,456,8,48,24,184000,25,1,0,0,0
wall_follower,456,12,17,4,57000,16,1,0,0,0
dfs_nesw,456,12,48,21,176500,25,1,0,0,0
dfs_straight_first,456,12,48,17,170500,25,1,0,0,0
wall_follower,456,16,17,4,57000,16,1,0,0,0
dfs_nesw,456,16,48,17,170500,25,1,0,0,0
dfs_straight_first,456,16,48,17,170500,25,1,0,0,0
wall_follower,457,0,49,31,197500,25,1,0,0,0
dfs_nesw,457,0,48,30,192000,25,1,0,0,0
dfs_straight_first,457,0,48,30,192000,25,1,0,0,0
wall_follower,457,4,33,23,137500,23,1,0,0,0
dfs_nesw,457,4,48,30,192000,25,1,0,0,0
dfs_straight_first,457,4,48,28,191000,25,1,0,0,0
wall_follower,457,8,21,11,80500,19,1,0,0,0
dfs_nesw,457,8,48,27,187500,25,1,0,0,0
dfs_straight_first,457,8,48,27,187500,25,1,0,0,0
wall_follower,457,12,17,4,57000,16,1,0,0,0
dfs_nesw,457,12,48,24,182000,25,1,0,0,0
dfs_straight_first,457,12,48,20,176000,25,1,0,0,0
wall_follower,457,16,17,4,57000,16,1,0,0,0
dfs_nesw,457,16,48,17,170500,25,1,0,0,0
dfs_straight_first,457,16,48,17,170500,25,1,0,0,0
wall_follower,458,0,49,32,199000,25,1,0,0,0
dfs_nesw,458,0,48,31,193500,25,1,0,0,0
dfs_straight_first,458,0,48,31,193500,25,1,0,0,0
wall_follower,458,4,27,16,107000,23,1,0,0,0
dfs_nesw,458,4,48,31,193500,25,1,0,0,0
dfs_straight_first,458,4,48,31,193500,25,1,0,0,0
wall_follower,458,8,21,11,80500,19,1,0,0,0
dfs_nesw,458,8,48,27,187500,25,1,0,0,0
dfs_straight_first,458,8,48,26,185000,25,1,0,0,0
wall_follower,458,12,21,11,80500,19,1,0,0,0
dfs_nesw,458,12,48,30,191000,25,1,0,0,0
dfs_straight_first,458,12,48,21,178500,25,1,0,0,0
wall_follower,458,16,17,4,57000,16,1,0,0,0
dfs_nesw,458,16,48,17,170500,25,1,0,0,0
dfs_straight_first,458,16,48,17,170500,25,1,0,0,0
wall_follower,459,0,49,37,205500,25,1,0,0,0
dfs_nesw,459,0,48,36,200000,25,1,0,0,0
dfs_straight_first,459,0,48,36,200000,25,1,0,0,0
wall_follower,459,4,29,21,119500,23,1,0,0,0
dfs_nesw,459,4,48,33,196500,25,1,0,0,0
dfs_straight_first,459,4,48,33,196500,25,1,0,0,0
wall_follower,459,8,21,12,81000,20,1,0,0,0
dfs_nesw,459,8,48,30,191000,25,1,0,0,0
dfs_straight_first,459,8,48,31,191500,25,1,0,0,0
wall_follower,459,12,19,8,69000,18,1,0,0,0
dfs_nesw,459,12,48,24,182000,25,1,0,0,0
dfs_straight_first,459,12,48,21,178500,25,1,0,0,0
wall_follower,459,16,17,4,57000,16,1,0,0,0
dfs_nesw,459,16,48,17,170500,25,1,0,0,0
dfs_straight_first,459,16,48,17,170500,25,1,0,0,0
wall_follower,460,0,49,21,181500,25,1,0,0,0
dfs_nesw,460,0,48,20,176000,25,1,0,0,0
dfs_straight_first,460,0,48,20,176000,25,1,0,0,0
wall_follower,460,4,25,11,92500,23,1,0,0,0
dfs_nesw,460,4,48,22,179000,25,1,0,0,0
dfs_straight_first,460,4,48,20,178000,25,1,0,0,0
wall_follower,460,8,21,9,77500,19,1,0,0,0
dfs_nesw,460,8,48,26,187000,25,1,0,0,0
dfs_straight_first,460,8,48,19,175500,25,1,0,0,0
wall_follower,460,12,17,4,57000,16,1,0,0,0
dfs_nesw,460,12,48,17,172500,25,1,0,0,0
dfs_straight_first,460,12,48,17,172500,25,1,0,0,0
wall_follower,460,16,17,4,57000,16,1,0,0,0
dfs_nesw,460,16,48,17,170500,25,1,0,0,0
dfs_straight_first,460,16,48,17,170500,25,1,0,0,0
wall_follower,461,0,49,31,198500,25,1,0,0,0
dfs_nesw,461,0,48,30,193000,25,1,0,0,0
dfs_straight_first,461,0,48,30,193000,25,1,0,0,0
wall_follower,461,4,35,22,142000,24,1,0,0,0
dfs_nesw,461,4,48,32,198000,25,1,0,0,0
dfs_straight_first,461,4,48,27,189500,25,1,0,0,0
wall_follower,461,8,25,17,103500,20,1,0,0,0
dfs_nesw,461,8,48,32,198000,25,1,0,0,0
dfs_straight_first,461,8,48,28,190000,25,1,0,0,0
wall_follower,461,12,23,14,92000,20,1,0,0,0
dfs_nesw,461,12,48,28,192000,25,1,0,0,0
dfs_straight_first,461,12,48,22,181000,25,1,0,0,0
wall_follower,461,16,17,4,57000,16,1,0,0,0
dfs_nesw,461,16,48,17,170500,25,1,0,0,0
dfs_straight_first,461,16,48,17,170500,25,1,0,0,0
wall_follower,462,0,49,32,199000,25,1,0,0,0
dfs_nesw,462,0,48,31,193500,25,1,0,0,0
dfs_straight_first,462,0,48,31,193500,25,1,0,0,0
wall_follower,462,4,29,17,115500,23,1,0,0,0
dfs_nesw,462,4,48,29,190500,25,1,0,0,0
dfs_straight_first,462,4,48,25,184500,25,1,0,0,0
wall_follower,462,8,21,9,77500,18,1,0,0,0
dfs_nesw,462,8,48,21,178500,25,1,0,0,0
dfs_straight_first,462,8,48,21,178500,25,1,0,0,0
wall_follower,462,12,17,4,57000,16,1,0,0,0
dfs_nesw,462,12,48,17,170500,25,1,0,0,0
dfs_straight_first,462,12,48,16,170000,25,1,0,0,0
wall_follower,462,16,17,4,57000,16,1,0,0,0
dfs_nesw,462,16,48,17,170500,25,1,0,0,0
dfs_straight_first,462,16,48,17,170500,25,1,0,0,0
wall_follower,463,0,49,30,195000,25,1,0,0,0
dfs_nesw,463,0,48,29,189500,25,1,0,0,0
dfs_straight_first,463,0,48,29,189500,25,1,0,0,0
wall_follower,463,4,25,13,95500,22,1,0,0,0
dfs_nesw,463,4,48,28,190000,25,1,0,0,0
dfs_straight_first,463,4,48,27,189500,25,1,0,0,0
wall_follower,463,8,21,11,80500,18,1,0,0,0
dfs_nesw,463,8,48,29,192500,25,1,0,0,0
dfs_straight_first,463,8,48,27,189500,25,1,0,0,0
wall_follower,463,12,17,4,57000,16,1,0,0,0
dfs_nesw,463,12,48,20,178000,25,1,0,0,0
dfs_straight_first,463,12,48,20,178000,25,1,0,0,0
wall_follower,463,16,17,4,57000,16,1,0,0,0
dfs_nesw,463,16,48,17,170500,25,1,0,0,0
dfs_straight_first,463,16,48,17,170500,25,1,0,0,0
wall_follower,464,0,49,31,197500,25,1,0,0,0
dfs_nesw,464,0,48,30,192000,25,1,0,0,0
dfs_straight_first,464,0,48,30,192000,25,1,0,0,0
wall_follower,464,4,23,14,92000,20,1,0,0,0
dfs_nesw,464,4,48,30,193000,25,1,0,0,0
dfs_straight_first,464,4,48,29,192500,25,1,0,0,0
wall_follower,464,8,21,10,80000,18,1,0,0,0
dfs_nesw,464,8,48,27,189500,25,1,0,0,0
dfs_straight_first,464,8,48,27,189500,25,1,0,0,0
wall_follower,464,12,19,7,68500,17,1,0,0,0
dfs_nesw,464,12,48,19,175500,25,1,0,0,0
dfs_straight_first,464,12,48,22,181000,25,1,0,0,0
wall_follower,464,16,17,4,57000,16,1,0,0,0
dfs_nesw,464,16,48,17,170500,25,1,0,0,0
dfs_straight_first,464,16,48,17,170500,25,1,0,0,0
wall_follower,465,0,49,28,192000,25,1,0,0,0
dfs_nesw,465,0,48,27,186500,25,1,0,0,0
dfs_straight_first,465,0,48,27,186500,25,1,0,0,0
wall_follower,465,4,29,15,111500,23,1,0,0,0
dfs_nesw,465,4,48,29,191500,25,1,0,0,0
dfs_straight_first,465,4,48,26,184000,25,1,0,0,0
wall_follower,465,8,25,12,94000,21,1,0,0,0
dfs_nesw,465,8,48,27,188500,25,1,0,0,0
dfs_straight_first,465,8,48,23,180500,25,1,0,0,0
wall_follower,465,12,19,8,70000,17,1,0,0,0
dfs_nesw,465,12,48,24,183000,25,1,0,0,0
dfs_straight_first,465,12,48,20,175000,25,1,0,0,0
wall_follower,465,16,17,4,57000,16,1,0,0,0
dfs_nesw,465,16,48,17,170500,25,1,0,0,0
dfs_straight_first,465,16,48,17,170500,25,1,0,0,0
wall_follower,466,0,49,25,189500,25,1,0,0,0
dfs_nesw,466,0,48,24,184000,25,1,0,0,0
dfs_straight_first,466,0,48,24,184000,25,1,0,0,0
wall_follower,466,4,31,15,118500,22,1,0,0,0
dfs_nesw,466,4,48,22,181000,25,1,0,0,0
dfs_straight_first,466,4,48,22,181000,25,1,0,0,0
wall_follower,466,8,23,10,86000,20,1,0,0,0
dfs_nesw,466,8,48,21,178500,25,1,0,0,0
dfs_straight_first,466,8,48,22,181000,25,1,0,0,0
wall_follower,466,12,23,10,86000,20,1,0,0,0
dfs_nesw,466,12,48,23,181500,25,1,0,0,0
dfs_straight_first,466,12,48,20,178000,25,1,0,0,0
wall_follower,466,16,17,4,57000,16,1,0,0,0
dfs_nesw,466,16,48,17,170500,25,1,0,0,0
dfs_straight_first,466,16,48,17,170500,25,1,0,0,0
wall_follower,467,0,49,36,204000,25,1,0,0,0
dfs_nesw,467,0,48,35,198500,25,1,0,0,0
dfs_straight_first,467,0,48,35,198500,25,1,0,0,0
wall_follower,467,4,31,20,126000,24,1,0,0,0
dfs_nesw,467,4,48,34,198000,25,1,0,0,0
dfs_straight_first,467,4,48,30,194000,25,1,0,0,0
wall_follower,467,8,23,13,90500,19,1,0,0,0
dfs_nesw,467,8,48,29,191500,25,1,0,0,0
dfs_straight_first,467,8,48,29,191500,25,1,0,0,0
wall_follower,467,12,19,8,70000,17,1,0,0,0
dfs_nesw,467,12,48,21,179500,25,1,0,0,0
dfs_straight_first,467,12,48,19,174500,25,1,0,0,0
wall_follower,467,16,17,4,57000,16,1,0,0,0
dfs_nesw,467,16,48,17,170500,25,1,0,0,0
dfs_straight_first,467,16,48,17,170500,25,1,0,0,0
wall_follower,468,0,49,34,202000,25,1,0,0,0
dfs_nesw,468,0,48,33,196500,25,1,0,0,0
dfs_straight_first,468,0,48,33,196500,25,1,0,0,0
wall_follower,468,4,23,15,92500,21,1,0,0,0
dfs_nesw,468,4,48,37,202500,25,1,0,0,0
dfs_straight_first,468,4,48,32,196000,25,1,0,0,0
wall_follower,468,8,21,12,81000,20,1,0,0,0
dfs_nesw,468,8,48,33,196500,25,1,0,0,0
dfs_straight_first,468,8,48,22,179000,25,1,0,0,0
wall_follower,468,12,19,8,69000,18,1,0,0,0
dfs_nesw,468,12,48,21,176500,25,1,0,0,0
dfs_straight_first,468,12,48,18,173000,25,1,0,0,0
wall_follower,468,16,17,4,57000,16,1,0,0,0
dfs_nesw,468,16,48,17,170500,25,1,0,0,0
dfs_straight_first,468,16,48,17,170500,25,1,0,0,0
wall_follower,469,0,49,34,201000,25,1,0,0,0
dfs_nesw,469,0,48,33,195500,25,1,0,0,0
dfs_straight_first,469,0,48,33,195500,25,1,0,0,0
wall_follower,469,4,35,25,144500,25,1,0,0,0
dfs_nesw,469,4,48,34,198000,25,1,0,0,0
dfs_straight_first,469,4,48,32,195000,25,1,0,0,0
wall_follower,469,8,27,14,102000,23,1,0,0,0
dfs_nesw,469,8,48,28,190000,25,1,0,0,0
dfs_straight_first,469,8,48,25,184500,25,1,0,0,0
wall_follower,469,12,17,4,57000,16,1,0,0,0
dfs_nesw,469,12,48,27,187500,25,1,0,0,0
dfs_straight_first,469,12,48,20,176000,25,1,0,0,0
wall_follower,469,16,17,4,57000,16,1,0,0,0
dfs_nesw,469,16,48,17,170500,25,1,0,0,0
dfs_straight_first,469,16,48,17,170500,25,1,0,0,0
wall_follower,470,0,49,28,192000,25,1,0,0,0
dfs_nesw,470,0,48,27,186500,25,1,0,0,0
dfs_straight_first,470,0,48,27,186500,25,1,0,0,0
wall_follower,470,4,35,22,141000,25,1,0,0,0
dfs_nesw,470,4,48,33,197500,25,1,0,0,0
dfs_straight_first,470,4,48,26,186000,25,1,0,0,0
wall_follower,470,8,19,8,69000,18,1,0,0,0
dfs_nesw,470,8,48,24,182000,25,1,0,0,0
dfs_straight_first,470,8,48,24,182000,25,1,0,0,0
wall_follower,470,12,19,8,69000,18,1,0,0,0
dfs_nesw,470,12,48,24,182000,25,1,0,0,0
dfs_straight_first,470,12,48,20,176000,25,1,0,0,0
wall_follower,470,16,17,4,57000,16,1,0,0,0
dfs_nesw,470,16,48,17,170500,25,1,0,0,0
dfs_straight_first,470,16,48,17,170500,25,1,0,0,0
wall_follower,471,0,49,37,207500,25,1,0,0,0
dfs_nesw,471,0,48,36,202000,25,1,0,0,0
dfs_straight_first,471,0,48,36,202000,25,1,0,0,0
wall_follower,471,4,25,17,103500,21,1,0,0,0
dfs_nesw,471,4,48,32,196000,25,1,0,0,0
dfs_straight_first,471,4,48,28,190000,25,1,0,0,0
wall_follower,471,8,21,10,80000,18,1,0,0,0
dfs_nesw,471,8,48,23,181500,25,1,0,0,0
dfs_straight_first,471,8,48,21,178500,25,1,0,0,0
wall_follower,471,12,19,7,68500,17,1,0,0,0
dfs_nesw,471,12,48,22,179000,25,1,0,0,0
dfs_straight_first,471,12,48,22,179000,25,1,0,0,0
wall_follower,471,16,17,4,57000,16,1,0,0,0
dfs_nesw,471,16,48,17,170500,25,1,0,0,0
dfs_straight_first,471,16,48,17,170500,25,1,0,0,0
wall_follower,472,0,49,35,203500,25,1,0,0,0
dfs_nesw,472,0,48,34,198000,25,1,0,0,0
dfs_straight_first,472,0,48,34,198000,25,1,0,0,0
wall_follower,472,4,23,13,89500,20,1,0,0,0
dfs_nesw,472,4,48,33,196500,25,1,0,0,0
dfs_straight_first,472,4,48,33,196500,25,1,0,0,0
wall_follower,472,8,21,12,81000,20,1,0,0,0
dfs_nesw,472,8,48,32,194000,25,1,0,0,0
dfs_straight_first,472,8,48,23,181500,25,1,0,0,0
wall_follower,472,12,19,8,69000,18,1,0,0,0
dfs_nesw,472,12,48,26,185000,25,1,0,0,0
dfs_straight_first,472,12,48,19,175500,25,1,0,0,0
wall_follower,472,16,17,4,57000,16,1,0,0,0
dfs_nesw,472,16,48,17,170500,25,1,0,0,0
dfs_straight_first,472,16,48,17,170500,25,1,0,0,0
wall_follower,473,0,49,36,204000,25,1,0,0,0
dfs_nesw,473,0,48,35,198500,25,1,0,0,0
dfs_straight_first,473,0,48,35,198500,25,1,0,0,0
wall_follower,473,4,37,26,153000,23,1,0,0,0
dfs_nesw,473,4,48,35,200500,25,1,0,0,0
dfs_straight_first,473,4,48,32,195000,25,1,0,0,0
wall_follower,473,8,25,18,105000,21,1,0,0,0
dfs_nesw,473,8,48,28,191000,25,1,0,0,0
dfs_straight_first,473,8,48,24,183000,25,1,0,0,0
wall_follower,473,12,21,12,81000,20,1,0,0,0
dfs_nesw,473,12,48,22,179000,25,1,0,0,0
dfs_straight_first,473,12,48,22,179000,25,1,0,0,0
wall_follower,473,16,17,4,57000,16,1,0,0,0
dfs_nesw,473,16,48,17,170500,25,1,0,0,0
dfs_straight_first,473,16,48,17,170500,25,1,0,0,0
wall_follower,474,0,49,32,199000,25,1,0,0,0
dfs_nesw,474,0,48,31,193500,25,1,0,0,0
dfs_straight_first,474,0,48,31,193500,25,1,0,0,0
wall_follower,474,4,35,21,137500,25,1,0,0,0
dfs_nesw,474,4,48,27,187500,25,1,0,0,0
dfs_straight_first,474,4,48,27,187500,25,1,0,0,0
wall_follower,474,8,29,19,116500,23,1,0,0,0
dfs_nesw,474,8,48,38,203000,25,1,0,0,0
dfs_straight_first,474,8,48,27,187500,25,1,0,0,0
wall_follower,474,12,21,12,81000,20,1,0,0,0
dfs_nesw,474,12,48,31,193500,25,1,0,0,0
dfs_straight_first,474,12,48,26,187000,25,1,0,0,0
wall_follower,474,16,17,4,57000,16,1,0,0,0
dfs_nesw,474,16,48,17,170500,25,1,0,0,0
dfs_straight_first,474,16,48,17,170500,25,1,0,0,0
wall_follower,475,0,49,31,196500,25,1,0,0,0
dfs_nesw,475,0,48,30,191000,25,1,0,0,0
dfs_straight_first,475,0,48,30,191000,25,1,0,0,0
wall_follower,475,4,39,22,152000,25,1,0,0,0
dfs_nesw,475,4,48,30,191000,25,1,0,0,0
dfs_straight_first,475,4,48,26,185000,25,1,0,0,0
wall_follower,475,8,21,11,80500,19,1,0,0,0
dfs_nesw,475,8,48,25,184500,25,1,0,0,0
dfs_straight_first,475,8,48,21,176500,25,1,0,0,0
wall_follower,475,12,19,7,68500,17,1,0,0,0
dfs_nesw,475,12,48,17,170500,25,1,0,0,0
dfs_straight_first,475,12,48,18,173000,25,1,0,0,0
wall_follower,475,16,17,4,57000,16,1,0,0,0
dfs_nesw,475,16,48,17,170500,25,1,0,0,0
dfs_straight_first,475,16,48,17,170500,25,1,0,0,0
wall_follower,476,0,49,28,194000,25,1,0,0,0
dfs_nesw,476,0,48,27,188500,25,1,0,0,0
dfs_straight_first,476,0,48,27,188500,25,1,0,0,0
wall_follower,476,4,23,9,83500,19,1,0,0,0
dfs_nesw,476,4,48,19,175500,25,1,0,0,0
dfs_straight_first,476,4,48,19,175500,25,1,0,0,0
wall_follower,476,8,17,4,57000,16,1,0,0,0
dfs_nesw,476,8,48,21,178500,25,1,0,0,0
dfs_straight_first,476,8,48,18,173000,25,1,0,0,0
wall_follower,476,12,17,4,57000,16,1,0,0,0
dfs_nesw,476,12,48,22,181000,25,1,0,0,0
dfs_straight_first,476,12,48,20,176000,25,1,0,0,0
wall_follower,476,16,17,4,57000,16,1,0,0,0
dfs_nesw,476,16,48,17,170500,25,1,0,0,0
dfs_straight_first,476,16,48,17,170500,25,1,0,0,0
wall_follower,477,0,49,25,187500,25,1,0,0,0
dfs_nesw,477,0,48,24,182000,25,1,0,0,0
dfs_straight_first,477,0,48,24,182000,25,1,0,0,0
wall_follower,477,4,35,18,134000,24,1,0,0,0
dfs_nesw,477,4,48,26,187000,25,1,0,0,0
dfs_straight_first,477,4,48,21,178500,25,1,0,0,0
wall_follower,477,8,25,14,98000,21,1,0,0,0
dfs_nesw,477,8,48,27,189500,25,1,0,0,0
dfs_straight_first,477,8,48,25,186500,25,1,0,0,0
wall_follower,477,12,21,8,75000,20,1,0,0,0
dfs_nesw,477,12,48,24,184000,25,1,0,0,0
dfs_straight_first,477,12,48,20,176000,25,1,0,0,0
wall_follower,477,16,17,4,57000,16,1,0,0,0
dfs_nesw,477,16,48,17,170500,25,1,0,0,0
dfs_straight_first,477,16,48,17,170500,25,1,0,0,0
wall_follower,478,0,49,32,200000,25,1,0,0,0
dfs_nesw,478,0,48,31,194500,25,1,0,0,0
dfs_straight_first,478,0,48,31,194500,25,1,0,0,0
wall_follower,478,4,29,16,114000,21,1,0,0,0
dfs_nesw,478,4,48,24,183000,25,1,0,0,0
dfs_straight_first,478,4,48,24,183000,25,1,0,0,0
wall_follower,478,8,27,16,108000,21,1,0,0,0
dfs_nesw,478,8,48,24,183000,25,1,0,0,0
dfs_straight_first,478,8,48,22,180000,25,1,0,0,0
wall_follower,478,12,19,7,68500,17,1,0,0,0
dfs_nesw,478,12,48,18,173000,25,1,0,0,0
dfs_straight_first,478,12,48,19,175500,25,1,0,0,0
wall_follower,478,16,17,4,57000,16,1,0,0,0
dfs_nesw,478,16,48,17,170500,25,1,0,0,0
dfs_straight_first,478,16,48,17,170500,25,1,0,0,0
wall_follower,479,0,49,29,195500,25,1,0,0,0
dfs_nesw,479,0,48,28,190000,25,1,0,0,0
dfs_straight_first,479,0,48,28,190000,25,1,0,0,0
wall_follower,479,4,29,15,110500,24,1,0,0,0
dfs_nesw,479,4,48,27,187500,25,1,0,0,0
dfs_straight_first,479,4,48,24,184000,25,1,0,0,0
wall_follower,479,8,23,8,81000,22,1,0,0,0
dfs_nesw,479,8,48,24,182000,25,1,0,0,0
dfs_straight_first,479,8,48,18,173000,25,1,0,0,0
wall_follower,479,12,21,8,75000,20,1,0,0,0
dfs_nesw,479,12,48,21,178500,25,1,0,0,0
dfs_straight_first,479,12,48,18,173000,25,1,0,0,0
wall_follower,479,16,17,4,57000,16,1,0,0,0
dfs_nesw,479,16,48,17,170500,25,1,0,0,0
dfs_straight_first,479,16,48,17,170500,25,1,0,0,0
wall_follower,480,0,49,31,196500,25,1,0,0,0
dfs_nesw,480,0,48,30,191000,25,1,0,0,0
dfs_straight_first,480,0,48,30,191000,25,1,0,0,0
wall_follower,480,4,31,21,127500,22,1,0,0,0
dfs_nesw,480,4,48,31,195500,25,1,0,0,0
dfs_straight_first,480,4,48,31,195500,25,1,0,0,0
wall_follower,480,8,21,11,80500,18,1,0,0,0
dfs_nesw,480,8,48,26,187000,25,1,0,0,0
dfs_straight_first,480,8,48,20,176000,25,1,0,0,0
wall_follower,480,12,21,11,80500,18,1,0,0,0
dfs_nesw,480,12,48,24,184000,25,1,0,0,0
dfs_straight_first,480,12,48,21,178500,25,1,0,0,0
wall_follower,480,16,17,4,57000,16,1,0,0,0
dfs_nesw,480,16,48,17,170500,25,1,0,0,0
dfs_straight_first,480,16,48,17,170500,25,1,0,0,0
wall_follower,481,0,49,31,197500,25,1,0,0,0
dfs_nesw,481,0,48,30,192000,25,1,0,0,0
dfs_straight_first,481,0,48,30,192000,25,1,0,0,0
wall_follower,481,4,31,21,128500,22,1,0,0,0
dfs_nesw,481,4,48,31,196500,25,1,0,0,0
dfs_straight_first,481,4,48,31,196500,25,1,0,0,0
wall_follower,481,8,21,11,80500,19,1,0,0,0
dfs_nesw,481,8,48,26,187000,25,1,0,0,0
dfs_straight_first,481,8,48,23,181500,25,1,0,0,0
wall_follower,481,12,19,7,68500,17,1,0,0,0
dfs_nesw,481,12,48,19,175500,25,1,0,0,0
dfs_straight_first,481,12,48,22,179000,25,1,0,0,0
wall_follower,481,16,17,4,57000,16,1,0,0,0
dfs_nesw,481,16,48,17,170500,25,1,0,0,0
dfs_straight_first,481,16,48,17,170500,25,1,0,0,0
wall_follower,482,0,49,27,191500,25,1,0,0,0
dfs_nesw,482,0,48,26,186000,25,1,0,0,0
dfs_straight_first,482,0,48,26,186000,25,1,0,0,0
wall_follower,482,4,29,17,114500,22,1,0,0,0
dfs_nesw,482,4,48,27,188500,25,1,0,0,0
dfs_straight_first,482,4,48,24,183000,25,1,0,0,0
wall_follower,482,8,19,8,70000,17,1,0,0,0
dfs_nesw,482,8,48,33,197500,25,1,0,0,0
dfs_straight_first,482,8,48,22,180000,25,1,0,0,0
wall_follower,482,12,19,8,70000,17,1,0,0,0
dfs_nesw,482,12,48,19,174500,25,1,0,0,0
dfs_straight_first,482,12,48,21,177500,25,1,0,0,0
wall_follower,482,16,17,4,57000,16,1,0,0,0
dfs_nesw,482,16,48,17,170500,25,1,0,0,0
dfs_straight_first,482,16,48,17,170500,25,1,0,0,0
wall_follower,483,0,49,26,189000,25,1,0,0,0
dfs_nesw,483,0,48,25,183500,25,1,0,0,0
dfs_straight_first,483,0,48,25,183500,25,1,0,0,0
wall_follower,483,4,29,12,106000,23,1,0,0,0
dfs_nesw,483,4,48,23,180500,25,1,0,0,0
dfs_straight_first,483,4,48,26,186000,25,1,0,0,0
wall_follower,483,8,23,12,88000,20,1,0,0,0
dfs_nesw,483,8,48,34,198000,25,1,0,0,0
dfs_straight_first,483,8,48,26,186000,25,1,0,0,0
wall_follower,483,12,17,4,57000,16,1,0,0,0
dfs_nesw,483,12,48,23,181500,25,1,0,0,0
dfs_straight_first,483,12,48,23,181500,25,1,0,0,0
wall_follower,483,16,17,4,57000,16,1,0,0,0
dfs_nesw,483,16,48,17,170500,25,1,0,0,0
dfs_straight_first,483,16,48,17,170500,25,1,0,0,0
wall_follower,484,0,49,26,190000,25,1,0,0,0
dfs_nesw,484,0,48,25,184500,25,1,0,0,0
dfs_straight_first,484,0,48,25,184500,25,1,0,0,0
wall_follower,484,4,25,12,95000,20,1,0,0,0
dfs_nesw,484,4,48,28,190000,25,1,0,0,0
dfs_straight_first,484,4,48,25,184500,25,1,0,0,0
wall_follower,484,8,21,11,80500,19,1,0,0,0
dfs_nesw,484,8,48,32,196000,25,1,0,0,0
dfs_straight_first,484,8,48,25,184500,25,1,0,0,0
wall_follower,484,12,19,7,68500,17,1,0,0,0
dfs_nesw,484,12,48,26,187000,25,1,0,0,0
dfs_straight_first,484,12,48,21,178500,25,1,0,0,0
wall_follower,484,16,17,4,57000,16,1,0,0,0
dfs_nesw,484,16,48,17,170500,25,1,0,0,0
dfs_straight_first,484,16,48,17,170500,25,1,0,0,0
wall_follower,485,0,49,29,195500,25,1,0,0,0
dfs_nesw,485,0,48,28,190000,25,1,0,0,0
dfs_straight_first,485,0,48,28,190000,25,1,0,0,0
wall_follower,485,4,25,15,100500,20,1,0,0,0
dfs_nesw,485,4,48,32,196000,25,1,0,0,0
dfs_straight_first,485,4,48,28,190000,25,1,0,0,0
wall_follower,485,8,21,9,77500,18,1,0,0,0
dfs_nesw,485,8,48,33,196500,25,1,0,0,0
dfs_straight_first,485,8,48,27,187500,25,1,0,0,0
wall_follower,485,12,17,4,57000,16,1,0,0,0
dfs_nesw,485,12,48,24,182000,25,1,0,0,0
dfs_straight_first,485,12,48,18,173000,25,1,0,0,0
wall_follower,485,16,17,4,57000,16,1,0,0,0
dfs_nesw,485,16,48,17,170500,25,1,0,0,0
dfs_straight_first,485,16,48,17,170500,25,1,0,0,0
wall_follower,486,0,49,29,195500,25,1,0,0,0
dfs_nesw,486,0,48,28,190000,25,1,0,0,0
dfs_straight_first,486,0,48,28,190000,25,1,0,0,0
wall_follower,486,4,31,16,119000,22,1,0,0,0
dfs_nesw,486,4,48,28,190000,25,1,0,0,0
dfs_straight_first,486,4,48,28,190000,25,1,0,0,0
wall_follower,486,8,27,13,101500,21,1,0,0,0
dfs_nesw,486,8,48,29,190500,25,1,0,0,0
dfs_straight_first,486,8,48,26,187000,25,1,0,0,0
wall_follower,486,12,17,4,57000,16,1,0,0,0
dfs_nesw,486,12,48,18,173000,25,1,0,0,0
dfs_straight_first,486,12,48,19,175500,25,1,0,0,0
wall_follower,486,16,17,4,57000,16,1,0,0,0
dfs_nesw,486,16,48,17,170500,25,1,0,0,0
dfs_straight_first,486,16,48,17,170500,25,1,0,0,0
wall_follower,487,0,49,37,206500,25,1,0,0,0
dfs_nesw,487,0,48,36,201000,25,1,0,0,0
dfs_straight_first,487,0,48,36,201000,25,1,0,0,0
wall_follower,487,4,39,26,159000,25,1,0,0,0
dfs_nesw,487,4,48,29,191500,25,1,0,0,0
dfs_straight_first,487,4,48,29,191500,25,1,0,0,0
wall_follower,487,8,23,11,87500,19,1,0,0,0
dfs_nesw,487,8,48,28,189000,25,1,0,0,0
dfs_straight_first,487,8,48,23,182500,25,1,0,0,0
wall_follower,487,12,17,4,57000,16,1,0,0,0
dfs_nesw,487,12,48,24,182000,25,1,0,0,0
dfs_straight_first,487,12,48,21,178500,25,1,0,0,0
wall_follower,487,16,17,4,57000,16,1,0,0,0
dfs_nesw,487,16,48,17,170500,25,1,0,0,0
dfs_straight_first,487,16,48,17,170500,25,1,0,0,0
wall_follower,488,0,49,38,208000,25,1,0,0,0
dfs_nesw,488,0,48,37,202500,25,1,0,0,0
dfs_straight_first,488,0,48,37,202500,25,1,0,0,0
wall_follower,488,4,21,11,80500,19,1,0,0,0
dfs_nesw,488,4,48,30,193000,25,1,0,0,0
dfs_straight_first,488,4,48,30,193000,25,1,0,0,0
wall_follower,488,8,19,7,68500,17,1,0,0,0
dfs_nesw,488,8,48,26,185000,25,1,0,0,0
dfs_straight_first,488,8,48,22,179000,25,1,0,0,0
wall_follower,488,12,17,4,57000,16,1,0,0,0
dfs_nesw,488,12,48,24,182000,25,1,0,0,0
dfs_straight_first,488,12,48,20,176000,25,1,0,0,0
wall_follower,488,16,17,4,57000,16,1,0,0,0
dfs_nesw,488,16,48,17,170500,25,1,0,0,0
dfs_straight_first,488,16,48,17,170500,25,1,0,0,0
wall_follower,489,0,49,33,201500,25,1,0,0,0
dfs_nesw,489,0,48,32,196000,25,1,0,0,0
dfs_straight_first,489,0,48,32,196000,25,1,0,0,0
wall_follower,489,4,33,21,133500,24,1,0,0,0
dfs_nesw,489,4,48,36,202000,25,1,0,0,0
dfs_straight_first,489,4,48,34,199000,25,1,0,0,0
wall_follower,489,8,29,21,121500,23,1,0,0,0
dfs_nesw,489,8,48,37,204500,25,1,0,0,0
dfs_straight_first,489,8,48,27,187500,25,1,0,0,0
wall_follower,489,12,21,12,81000,20,1,0,0,0
dfs_nesw,489,12,48,32,196000,25,1,0,0,0
dfs_straight_first,489,12,48,26,187000,25,1,0,0,0
wall_follower,489,16,17,4,57000,16,1,0,0,0
dfs_nesw,489,16,48,17,170500,25,1,0,0,0
dfs_straight_first,489,16,48,17,170500,25,1,0,0,0
wall_follower,490,0,49,23,184500,25,1,0,0,0
dfs_nesw,490,0,48,22,179000,25,1,0,0,0
dfs_straight_first,490,0,48,22,179000,25,1,0,0,0
wall_follower,490,4,21,7,74500,18,1,0,0,0
dfs_nesw,490,4,48,22,181000,25,1,0,0,0
dfs_straight_first,490,4,48,21,178500,25,1,0,0,0
wall_follower,490,8,19,7,68500,17,1,0,0,0
dfs_nesw,490,8,48,19,175500,25,1,0,0,0
dfs_straight_first,490,8,48,23,181500,25,1,0,0,0
wall_follower,490,12,17,4,57000,16,1,0,0,0
dfs_nesw,490,12,48,17,170500,25,1,0,0,0
dfs_straight_first,490,12,48,19,175500,25,1,0,0,0
wall_follower,490,16,17,4,57000,16,1,0,0,0
dfs_nesw,490,16,48,17,170500,25,1,0,0,0
dfs_straight_first,490,16,48,17,170500,25,1,0,0,0
wall_follower,491,0,49,28,192000,25,1,0,0,0
dfs_nesw,491,0,48,27,186500,25,1,0,0,0
dfs_straight_first,491,0,48,27,186500,25,1,0,0,0
wall_follower,491,4,29,14,109000,25,1,0,0,0
dfs_nesw,491,4,48,28,189000,25,1,0,0,0
dfs_straight_first,491,4,48,22,178000,25,1,0,0,0
wall_follower,491,8,17,4,57000,16,1,0,0,0
dfs_nesw,491,8,48,22,179000,25,1,0,0,0
dfs_straight_first,491,8,48,19,173500,25,1,0,0,0
wall_follower,491,12,17,4,57000,16,1,0,0,0
dfs_nesw,491,12,48,22,179000,25,1,0,0,0
dfs_straight_first,491,12,48,19,173500,25,1,0,0,0
wall_follower,491,16,17,4,57000,16,1,0,0,0
dfs_nesw,491,16,48,17,170500,25,1,0,0,0
dfs_straight_first,491,16,48,17,170500,25,1,0,0,0
wall_follower,492,0,49,35,202500,25,1,0,0,0
dfs_nesw,492,0,48,34,197000,25,1,0,0,0
dfs_straight_first,492,0,48,34,197000,25,1,0,0,0
wall_follower,492,4,23,15,92500,21,1,0,0,0
dfs_nesw,492,4,48,33,196500,25,1,0,0,0
dfs_straight_first,492,4,48,30,193000,25,1,0,0,0
wall_follower,492,8,21,11,80500,19,1,0,0,0
dfs_nesw,492,8,48,31,193500,25,1,0,0,0
dfs_straight_first,492,8,48,22,181000,25,1,0,0,0
wall_follower,492,12,19,8,69000,18,1,0,0,0
dfs_nesw,492,12,48,29,190500,25,1,0,0,0
dfs_straight_first,492,12,48,18,173000,25,1,0,0,0
wall_follower,492,16,17,4,57000,16,1,0,0,0
dfs_nesw,492,16,48,17,170500,25,1,0,0,0
dfs_straight_first,492,16,48,17,170500,25,1,0,0,0
wall_follower,493,0,49,29,193500,25,1,0,0,0
dfs_nesw,493,0,48,28,188000,25,1,0,0,0
dfs_straight_first,493,0,48,28,188000,25,1,0,0,0
wall_follower,493,4,21,10,80000,18,1,0,0,0
dfs_nesw,493,4,48,27,187500,25,1,0,0,0
dfs_straight_first,493,4,48,24,184000,25,1,0,0,0
wall_follower,493,8,19,7,68500,17,1,0,0,0
dfs_nesw,493,8,48,24,182000,25,1,0,0,0
dfs_straight_first,493,8,48,19,173500,25,1,0,0,0
wall_follower,493,12,17,4,57000,16,1,0,0,0
dfs_nesw,493,12,48,20,176000,25,1,0,0,0
dfs_straight_first,493,12,48,17,170500,25,1,0,0,0
wall_follower,493,16,17,4,57000,16,1,0,0,0
dfs_nesw,493,16,48,17,170500,25,1,0,0,0
dfs_straight_first,493,16,48,17,170500,25,1,0,0,0
wall_follower,494,0,49,27,191500,25,1,0,0,0
dfs_nesw,494,0,48,26,186000,25,1,0,0,0
dfs_straight_first,494,0,48,26,186000,25,1,0,0,0
wall_follower,494,4,29,17,114500,23,1,0,0,0
dfs_nesw,494,4,48,31,194500,25,1,0,0,0
dfs_straight_first,494,4,48,24,183000,25,1,0,0,0
wall_follower,494,8,21,12,81000,20,1,0,0,0
dfs_nesw,494,8,48,30,191000,25,1,0,0,0
dfs_straight_first,494,8,48,27,187500,25,1,0,0,0
wall_follower,494,12,19,8,69000,18,1,0,0,0
dfs_nesw,494,12,48,27,185500,25,1,0,0,0
dfs_straight_first,494,12,48,21,176500,25,1,0,0,0
wall_follower,494,16,17,4,57000,16,1,0,0,0
dfs_nesw,494,16,48,17,170500,25,1,0,0,0
dfs_straight_first,494,16,48,17,170500,25,1,0,0,0
wall_follower,495,0,49,28,194000,25,1,0,0,0
dfs_nesw,495,0,48,27,188500,25,1,0,0,0
dfs_straight_first,495,0,48,27,188500,25,1,0,0,0
wall_follower,495,4,29,13,108500,23,1,0,0,0
dfs_nesw,495,4,48,27,188500,25,1,0,0,0
dfs_straight_first,495,4,48,24,183000,25,1,0,0,0
wall_follower,495,8,25,11,93500,20,1,0,0,0
dfs_nesw,495,8,48,26,186000,25,1,0,0,0
dfs_straight_first,495,8,48,24,183000,25,1,0,0,0
wall_follower,495,12,17,4,57000,16,1,0,0,0
dfs_nesw,495,12,48,21,178500,25,1,0,0,0
dfs_straight_first,495,12,48,22,181000,25,1,0,0,0
wall_follower,495,16,17,4,57000,16,1,0,0,0
dfs_nesw,495,16,48,17,170500,25,1,0,0,0
dfs_straight_first,495,16,48,17,170500,25,1,0,0,0
wall_follower,496,0,49,32,201000,25,1,0,0,0
dfs_nesw,496,0,48,31,195500,25,1,0,0,0
dfs_straight_first,496,0,48,31,195500,25,1,0,0,0
wall_follower,496,4,35,21,141500,23,1,0,0,0
dfs_nesw,496,4,48,27,189500,25,1,0,0,0
dfs_straight_first,496,4,48,29,192500,25,1,0,0,0
wall_follower,496,8,25,17,103500,20,1,0,0,0
dfs_nesw,496,8,48,30,193000,25,1,0,0,0
dfs_straight_first,496,8,48,27,189500,25,1,0,0,0
wall_follower,496,12,19,7,68500,17,1,0,0,0
dfs_nesw,496,12,48,25,184500,25,1,0,0,0
dfs_straight_first,496,12,48,20,178000,25,1,0,0,0
wall_follower,496,16,17,4,57000,16,1,0,0,0
dfs_nesw,496,16,48,17,170500,25,1,0,0,0
dfs_straight_first,496,16,48,17,170500,25,1,0,0,0
wall_follower,497,0,49,37,207500,25,1,0,0,0
dfs_nesw,497,0,48,36,202000,25,1,0,0,0
dfs_straight_first,497,0,48,36,202000,25,1,0,0,0
wall_follower,497,4,35,24,143000,24,1,0,0,0
dfs_nesw,497,4,48,34,199000,25,1,0,0,0
dfs_straight_first,497,4,48,31,193500,25,1,0,0,0
wall_follower,497,8,27,16,107000,23,1,0,0,0
dfs_nesw,497,8,48,30,193000,25,1,0,0,0
dfs_straight_first,497,8,48,29,190500,25,1,0,0,0
wall_follower,497,12,19,8,69000,18,1,0,0,0
dfs_nesw,497,12,48,27,187500,25,1,0,0,0
dfs_straight_first,497,12,48,26,185000,25,1,0,0,0
wall_follower,497,16,17,4,57000,16,1,0,0,0
dfs_nesw,497,16,48,17,170500,25,1,0,0,0
dfs_straight_first,497,16,48,17,170500,25,1,0,0,0
wall_follower,498,0,49,30,197000,25,1,0,0,0
dfs_nesw,498,0,48,29,191500,25,1,0,0,0
dfs_straight_first,498,0,48,29,191500,25,1,0,0,0
wall_follower,498,4,35,20,137000,25,1,0,0,0
dfs_nesw,498,4,48,28,190000,25,1,0,0,0
dfs_straight_first,498,4,48,24,184000,25,1,0,0,0
wall_follower,498,8,23,12,87000,22,1,0,0,0
dfs_nesw,498,8,48,25,184500,25,1,0,0,0
dfs_straight_first,498,8,48,22,181000,25,1,0,0,0
wall_follower,498,12,19,8,69000,18,1,0,0,0
dfs_nesw,498,12,48,19,175500,25,1,0,0,0
dfs_straight_first,498,12,48,19,175500,25,1,0,0,0
wall_follower,498,16,17,4,57000,16,1,0,0,0
dfs_nesw,498,16,48,17,170500,25,1,0,0,0
dfs_straight_first,498,16,48,17,170500,25,1,0,0,0
wall_follower,499,0,49,32,200000,25,1,0,0,0
dfs_nesw,499,0,48,31,194500,25,1,0,0,0
dfs_straight_first,499,0,48,31,194500,25,1,0,0,0
wall_follower,499,4,21,11,80500,19,1,0,0,0
dfs_nesw,499,4,48,29,192500,25,1,0,0,0
dfs_straight_first,499,4,48,29,192500,25,1,0,0,0
wall_follower,499,8,19,7,68500,17,1,0,0,0
dfs_nesw,499,8,48,25,188500,25,1,0,0,0
dfs_straight_first,499,8,48,23,185500,25,1,0,0,0
wall_follower,499,12,19,7,68500,17,1,0,0,0
dfs_nesw,499,12,48,26,187000,25,1,0,0,0
dfs_straight_first,499,12,48,20,178000,25,1,0,0,0
wall_follower,499,16,17,4,57000,16,1,0,0,0
dfs_nesw,499,16,48,17,170500,25,1,0,0,0
dfs_straight_first,499,16,48,17,170500,25,1,0,0,0
